A45_031,A45_015,A45_028,A45_029,A45_009,A45_004,A45_010,A45_027,A45_030,A45_014,A45_021,A45_018,A45_026,A45_007,center_lng,center_lat
None,他Ｌ,水涵保,None,空知,1,い,19.37,None,長沼町,シナノキ,イタヤカエデ,森林空間利用,1,141.747461,43.02606
None,None,水涵保,None,空知,1,ワ,0.55,None,長沼町,None,None,森林空間利用,0,141.747439,43.026192
None,None,水涵保,None,空知,1,チ,0.56,None,長沼町,None,None,森林空間利用,0,141.747646,43.026023
None,他Ｌ,水涵保,None,空知,1,い,19.37,None,長沼町,シナノキ,イタヤカエデ,森林空間利用,1,141.747631,43.025639
None,他Ｌ,水涵保,None,空知,1,い,19.37,None,長沼町,シナノキ,イタヤカエデ,森林空間利用,1,141.74702,43.024999
None,トドマツ,水涵保,None,空知,1,む,1.59,None,長沼町,None,他Ｌ,森林空間利用,0,141.746494,43.023486
None,トドマツ,水涵保,None,空知,1,ろ,1.75,None,長沼町,他Ｌ,トドマツ,森林空間利用,0,141.746932,43.021451
None,トドマツ,水涵保,None,空知,1,ね,1.31,None,長沼町,イタヤカエデ,他Ｌ,森林空間利用,0,141.750369,43.020835
None,トドマツ,水涵保,None,空知,1,そ,0.13,None,長沼町,None,他Ｌ,森林空間利用,0,141.751388,43.019791
None,トドマツ,水涵保,None,空知,1,つ,0.19,None,長沼町,イタヤカエデ,他Ｌ,森林空間利用,0,141.75113,43.019899
None,他Ｌ,水涵保,None,空知,1,い,4.25,None,長沼町,シナノキ,イタヤカエデ,森林空間利用,4,141.750809,43.019349
None,トドマツ,水涵保,None,空知,1,て,0.31,None,長沼町,None,None,森林空間利用,0,141.75324,43.017051
None,ストローブマツ,水涵保,None,空知,1,あ,0.99,None,長沼町,None,他Ｌ,森林空間利用,0,141.752837,43.017291
None,トドマツ,水涵保,None,空知,1,た,4.85,None,長沼町,イタヤカエデ,他Ｌ,森林空間利用,0,141.751896,43.018054
None,None,水涵保,None,空知,1,チ,0.56,None,長沼町,None,None,森林空間利用,0,141.748466,43.018332
None,トドマツ,水涵保,None,空知,1,ら,1.31,None,長沼町,None,他Ｌ,森林空間利用,0,141.748827,43.021193
None,他Ｌ,水涵保,None,空知,1,い,19.37,None,長沼町,シナノキ,イタヤカエデ,森林空間利用,1,141.749641,43.020218
None,トドマツ,水涵保,None,空知,1,な,1.43,None,長沼町,None,None,森林空間利用,0,141.749931,43.019487
None,他Ｌ,水涵保,None,空知,1,い,19.37,None,長沼町,シナノキ,イタヤカエデ,森林空間利用,1,141.74908,43.019963
None,トドマツ,水涵保,None,空知,1,ね,1.31,None,長沼町,イタヤカエデ,他Ｌ,森林空間利用,0,141.749156,43.019776
None,トドマツ,水涵保,None,空知,1,ら,1.31,None,長沼町,None,他Ｌ,森林空間利用,0,141.74902,43.019127
None,トドマツ,水涵保,None,空知,1,お,7.82,None,長沼町,None,他Ｎ,森林空間利用,0,141.746673,43.019318
None,トドマツ,水涵保,None,空知,1,れ,2.85,None,長沼町,イタヤカエデ,他Ｌ,森林空間利用,0,141.750498,43.017363
None,トドマツ,水涵保,None,空知,1,か,3.87,None,長沼町,None,None,森林空間利用,0,141.747995,43.016734
None,ストローブマツ,水涵保,None,空知,1,わ,1.75,None,長沼町,None,None,森林空間利用,0,141.746328,43.01632
None,ストローブマツ,水涵保,None,空知,1,え,1.48,None,長沼町,None,他Ｌ,森林空間利用,0,141.754455,43.014489
None,トドマツ,水涵保,None,空知,1,さ,0.03,None,長沼町,None,None,森林空間利用,0,141.756911,43.011699
None,トドマツ,水涵保,None,空知,1,き,4.6,None,長沼町,None,None,森林空間利用,0,141.756357,43.012163
None,他Ｌ,水涵保,None,空知,2,い,12.41,None,長沼町,イタヤカエデ,シナノキ,森林空間利用,1,141.756561,43.011301
None,None,None,None,空知,2,ホ,1.9,None,長沼町,None,None,森林空間利用,0,141.756121,43.011364
None,トドマツ,水涵保,None,空知,2,へ,2.14,None,長沼町,他Ｌ,トドマツ,森林空間利用,0,141.756413,43.011333
None,None,水涵保,None,空知,1,リ,0.02,None,長沼町,None,None,森林空間利用,0,141.755212,43.013058
None,他Ｌ,水涵保,None,空知,1,い,5.21,None,長沼町,シナノキ,イタヤカエデ,森林空間利用,2,141.755678,43.01265
None,None,水涵保,None,空知,1,ホ,0.11,None,長沼町,None,None,森林空間利用,2,141.756132,43.012522
None,None,水涵保,None,空知,1,ホ,0.11,None,長沼町,None,None,森林空間利用,2,141.755309,43.012414
None,トドマツ,水涵保,None,空知,1,き,4.6,None,長沼町,None,None,森林空間利用,0,141.755295,43.012832
None,他Ｌ,水涵保,None,空知,1,い,5.21,None,長沼町,シナノキ,イタヤカエデ,森林空間利用,2,141.755245,43.012305
None,None,None,None,空知,1,ホ,0.09,None,長沼町,None,None,森林空間利用,1,141.754866,43.012483
None,他Ｌ,水涵保,None,空知,1,い,5.21,None,長沼町,シナノキ,イタヤカエデ,森林空間利用,2,141.754164,43.013148
None,None,None,None,空知,1,ロ,0.03,None,長沼町,None,None,森林空間利用,0,141.754724,43.012739
None,None,None,None,空知,1,イ,0.03,None,長沼町,None,None,森林空間利用,0,141.754805,43.012621
None,トドマツ,水涵保,None,空知,2,へ,2.14,None,長沼町,他Ｌ,トドマツ,森林空間利用,0,141.755451,43.010991
None,トドマツ,水涵保,None,空知,2,つ,1.19,None,長沼町,None,None,森林空間利用,0,141.755538,43.009817
None,トドマツ,水涵保,None,空知,2,ね,0.08,None,長沼町,None,None,森林空間利用,0,141.755234,43.007214
None,トドマツ,水涵保,None,空知,1,こ,0.31,None,長沼町,他Ｌ,シナノキ,森林空間利用,0,141.753944,43.015811
None,他Ｌ,水涵保,None,空知,1,い,4.25,None,長沼町,シナノキ,イタヤカエデ,森林空間利用,4,141.753361,43.015893
None,トドマツ,水涵保,None,空知,1,ふ,4.12,None,長沼町,None,他Ｎ,森林空間利用,0,141.75341,43.014948
None,トドマツ,水涵保,None,空知,1,き,4.6,None,長沼町,None,None,森林空間利用,0,141.753282,43.013911
None,トドマツ,水涵保,None,空知,1,る,6.26,None,長沼町,他Ｌ,アカエゾマツ,森林空間利用,0,141.752064,43.015387
None,トドマツ,水涵保,None,空知,1,ふ,4.12,None,長沼町,None,他Ｎ,森林空間利用,0,141.749995,43.016103
None,None,水涵保,None,空知,2,イ,0.4,None,長沼町,None,None,森林空間利用,2,141.753003,43.012532
None,None,None,None,空知,2,イ,0.25,None,長沼町,None,None,森林空間利用,1,141.7519,43.012951
None,トドマツ,水涵保,None,空知,1,ふ,4.12,None,長沼町,None,他Ｎ,森林空間利用,0,141.748522,43.015589
None,トドマツ,水涵保,None,空知,1,ふ,4.12,None,長沼町,None,他Ｎ,森林空間利用,0,141.749984,43.014737
None,トドマツ,水涵保,None,空知,1,よ,0.3,None,長沼町,シラカバ,サクラ,森林空間利用,0,141.749543,43.014087
None,他Ｌ,水涵保,None,空知,1,い,5.21,None,長沼町,シナノキ,イタヤカエデ,森林空間利用,2,141.748925,43.01422
None,None,None,None,空知,2,イ,0.25,None,長沼町,None,None,森林空間利用,1,141.748383,43.013897
None,トドマツ,水涵保,None,空知,1,ふ,4.12,None,長沼町,None,他Ｎ,森林空間利用,0,141.746346,43.015548
None,他Ｌ,水涵保,None,空知,2,い,12.41,None,長沼町,イタヤカエデ,シナノキ,森林空間利用,1,141.750538,43.012613
None,他Ｌ,水涵保,None,空知,2,い,12.41,None,長沼町,イタヤカエデ,シナノキ,森林空間利用,1,141.746373,43.012817
None,トドマツ,水涵保,None,空知,2,ほ,3.73,None,長沼町,None,None,森林空間利用,0,141.753587,43.010486
None,トドマツ,水涵保,None,空知,2,う,4.25,None,長沼町,シナノキ,他Ｌ,森林空間利用,0,141.753821,43.009165
None,None,None,None,空知,2,ロ,0.02,None,長沼町,None,None,森林空間利用,0,141.751755,43.010649
None,None,None,None,空知,2,ロ,0.02,None,長沼町,None,None,森林空間利用,0,141.751894,43.010733
None,他Ｌ,水涵保,None,空知,2,そ,9.35,None,長沼町,イタヤカエデ,シナノキ,森林空間利用,0,141.753819,43.007104
None,トドマツ,水涵保,None,空知,2,う,4.25,None,長沼町,シナノキ,他Ｌ,森林空間利用,0,141.752189,43.007934
None,トドマツ,水涵保,None,空知,2,ら,2.24,None,長沼町,None,None,森林空間利用,0,141.750265,43.007747
None,None,None,None,空知,2,ホ,1.9,None,長沼町,None,None,森林空間利用,0,141.751293,43.004126
None,トドマツ,水涵保,None,空知,2,に,17.36,None,長沼町,エゾマツ,トドマツ,森林空間利用,0,141.749687,43.010686
None,トドマツ,水涵保,None,空知,2,る,1.0,None,長沼町,None,他Ｌ,森林空間利用,0,141.746708,43.010157
None,トドマツ,水涵保,None,空知,2,ち,2.2,None,長沼町,None,None,森林空間利用,0,141.747706,43.008914
None,None,水涵保,None,空知,2,ニ,0.49,None,長沼町,None,None,森林空間利用,0,141.746181,43.008948
None,トドマツ,水涵保,None,空知,2,な,0.45,None,長沼町,None,None,森林空間利用,0,141.749282,43.008145
None,トドマツ,水涵保,None,空知,3,は,11.91,None,長沼町,None,None,森林空間利用,0,141.74882,43.007944
None,None,水涵保,None,空知,3,ロ,0.54,None,長沼町,None,None,森林空間利用,0,141.748539,43.007975
None,None,None,None,空知,2,チ,0.18,None,長沼町,None,None,森林空間利用,0,141.748747,43.007045
None,トドマツ,水涵保,None,空知,2,の,2.69,None,長沼町,None,None,森林空間利用,0,141.749936,43.006449
None,トドマツ,水涵保,None,空知,3,は,11.91,None,長沼町,None,None,森林空間利用,0,141.748037,43.007317
None,他Ｌ,水涵保,None,空知,2,や,5.88,None,長沼町,シナノキ,トドマツ,森林空間利用,0,141.75374,43.004574
None,他Ｌ,水涵保,None,空知,2,や,5.88,None,長沼町,シナノキ,トドマツ,森林空間利用,0,141.752404,43.004138
None,他Ｌ,水涵保,None,空知,2,そ,9.35,None,長沼町,イタヤカエデ,シナノキ,森林空間利用,0,141.750465,43.005351
None,他Ｌ,水涵保,None,空知,2,そ,9.35,None,長沼町,イタヤカエデ,シナノキ,森林空間利用,0,141.75104,43.003862
None,エゾマツ,水涵保,None,空知,4,へ,1.08,None,長沼町,他Ｌ,エゾマツ,森林空間利用,0,141.753185,43.000195
None,他Ｌ,水涵保,None,空知,2,や,5.88,None,長沼町,シナノキ,トドマツ,森林空間利用,0,141.751721,43.002702
None,トドマツ,水涵保,None,空知,4,と,6.83,None,長沼町,None,他Ｎ,森林空間利用,0,141.750921,43.002017
None,None,水涵保,None,空知,4,ニ,0.7,None,長沼町,None,None,森林空間利用,0,141.751747,43.000625
None,エゾマツ,水涵保,None,空知,4,へ,1.08,None,長沼町,他Ｌ,エゾマツ,森林空間利用,0,141.751797,43.000669
None,トドマツ,水涵保,None,空知,4,と,6.83,None,長沼町,None,他Ｎ,森林空間利用,0,141.751731,43.000732
None,エゾマツ,水涵保,None,空知,4,へ,1.08,None,長沼町,他Ｌ,エゾマツ,森林空間利用,0,141.751981,43.000267
None,ストローブマツ,水涵保,None,空知,2,む,2.76,None,長沼町,None,他Ｌ,森林空間利用,0,141.749153,43.005192
None,トドマツ,水涵保,None,空知,2,く,6.18,None,長沼町,None,他Ｎ,森林空間利用,0,141.749584,43.003481
None,None,None,None,空知,2,チ,0.18,None,長沼町,None,None,森林空間利用,0,141.748642,43.003802
None,トドマツ,水涵保,None,空知,2,く,6.18,None,長沼町,None,他Ｎ,森林空間利用,0,141.748329,43.003443
None,トドマツ,水涵保,None,空知,2,お,0.19,None,長沼町,None,None,森林空間利用,0,141.748468,43.003196
None,トドマツ,水涵保,None,空知,4,と,6.83,None,長沼町,None,他Ｎ,森林空間利用,0,141.749168,43.002224
None,トドマツ,水涵保,None,空知,2,お,0.19,None,長沼町,None,None,森林空間利用,0,141.74845,43.00266
None,トドマツ,水涵保,None,空知,4,と,6.83,None,長沼町,None,他Ｎ,森林空間利用,0,141.750046,43.001355
None,エゾマツ,水涵保,None,空知,4,へ,1.08,None,長沼町,他Ｌ,エゾマツ,森林空間利用,0,141.75361,42.999628
None,None,水涵保,None,空知,4,ニ,0.7,None,長沼町,None,None,森林空間利用,0,141.753767,42.999551
None,トドマツ,水涵保,None,空知,4,れ,12.16,None,長沼町,シナノキ,他Ｌ,森林空間利用,0,141.753124,42.998149
None,他Ｌ,水涵保,None,空知,4,い,5.67,None,長沼町,イタヤカエデ,シナノキ,森林空間利用,2,141.753756,42.996816
None,他Ｌ,水涵保,None,空知,4,い,5.67,None,長沼町,イタヤカエデ,シナノキ,森林空間利用,2,141.752645,42.997983
None,トドマツ,水涵保,None,空知,4,わ,4.51,None,長沼町,None,None,森林空間利用,0,141.752982,42.99759
None,他Ｌ,水涵保,None,空知,4,い,5.67,None,長沼町,イタヤカエデ,シナノキ,森林空間利用,2,141.751711,42.998127
None,他Ｌ,水涵保,None,空知,4,い,5.67,None,長沼町,イタヤカエデ,シナノキ,森林空間利用,2,141.7497,42.99799
None,エゾマツ,水涵保,None,空知,4,ほ,7.11,None,長沼町,他Ｌ,エゾマツ,森林空間利用,0,141.753308,42.997267
None,エゾマツ,水涵保,None,空知,4,ほ,7.11,None,長沼町,他Ｌ,エゾマツ,森林空間利用,0,141.754187,42.995857
None,トドマツ,水涵保,None,空知,4,わ,4.51,None,長沼町,None,None,森林空間利用,0,141.750655,42.997261
None,エゾマツ,水涵保,None,空知,4,ほ,7.11,None,長沼町,他Ｌ,エゾマツ,森林空間利用,0,141.751157,42.995549
None,トドマツ,水涵保,None,空知,4,れ,12.16,None,長沼町,シナノキ,他Ｌ,森林空間利用,0,141.749763,42.999248
None,トドマツ,水涵保,None,空知,4,た,0.61,None,長沼町,None,None,森林空間利用,0,141.748371,42.997632
None,他Ｌ,水涵保,None,空知,4,い,4.18,None,長沼町,イタヤカエデ,シナノキ,森林空間利用,3,141.748274,43.000087
None,他Ｌ,水涵保,None,空知,4,い,5.67,None,長沼町,イタヤカエデ,シナノキ,森林空間利用,2,141.752402,42.99681
None,None,水涵保,None,空知,4,ニ,0.7,None,長沼町,None,None,森林空間利用,0,141.74862,42.997319
None,トドマツ,水涵保,None,空知,4,か,0.38,None,長沼町,None,None,森林空間利用,0,141.74906,42.996186
None,他Ｌ,水涵保,None,空知,4,そ,4.05,None,長沼町,シナノキ,トドマツ,森林空間利用,0,141.749149,42.995076
None,None,水涵保,None,空知,4,ハ,0.03,None,長沼町,None,None,森林空間利用,0,141.747571,42.994929
None,エゾマツ,水涵保,None,空知,4,は,14.54,None,長沼町,他Ｌ,トドマツ,森林空間利用,0,141.746809,42.995365
None,他Ｌ,水涵保,None,空知,4,い,5.67,None,長沼町,イタヤカエデ,シナノキ,森林空間利用,2,141.75106,42.99461
None,トドマツ,水涵保,None,空知,4,ぬ,2.2,None,長沼町,None,None,森林空間利用,0,141.746649,42.99442
None,None,None,None,空知,5,ハ,0.89,None,長沼町,None,None,水源涵養,0,141.750172,42.975832
None,トドマツ,水涵保,None,空知,6,へ,0.18,None,長沼町,None,None,水源涵養,0,141.750318,42.974621
None,トドマツ,水涵保,None,空知,5,ろ,5.1,None,長沼町,None,None,水源涵養,1,141.749575,42.975694
None,None,水涵保,None,空知,5,イ,0.05,None,長沼町,None,None,水源涵養,0,141.749868,42.976462
None,トドマツ,水涵保,None,空知,5,ろ,5.1,None,長沼町,None,None,水源涵養,1,141.748167,42.976746
None,トドマツ,水涵保,None,空知,5,ろ,1.32,None,長沼町,None,None,水源涵養,2,141.747265,42.975647
None,None,None,None,空知,6,ハ,0.01,None,長沼町,None,None,水源涵養,0,141.749658,42.975111
None,None,None,None,空知,6,イ,0.38,None,長沼町,None,None,水源涵養,0,141.749194,42.974974
None,トドマツ,水涵保,None,空知,5,ろ,5.1,None,長沼町,None,None,水源涵養,1,141.748292,42.975318
None,トドマツ,水涵保,None,空知,6,ろ,16.01,None,長沼町,None,ヤチダモ,水源涵養,0,141.749346,42.974535
None,None,None,None,空知,5,ロ,1.62,None,長沼町,None,None,水源涵養,0,141.746315,42.975022
None,None,None,None,空知,6,イ,0.38,None,長沼町,None,None,水源涵養,0,141.748149,42.974057
None,None,None,None,空知,5,ハ,0.89,None,長沼町,None,None,水源涵養,0,141.747311,42.973973
None,他Ｌ,水涵保,None,空知,6,い,17.35,None,長沼町,イタヤカエデ,シナノキ,水源涵養,1,141.754558,42.970099
None,他Ｌ,水涵保,None,空知,6,い,17.18,None,長沼町,イタヤカエデ,シナノキ,水源涵養,2,141.75408,42.965392
None,イタヤカエデ,水涵保,None,空知,7,そ,3.53,None,長沼町,シナノキ,他Ｌ,水源涵養,0,141.755212,42.963107
None,トドマツ,水涵保,None,空知,6,ろ,16.01,None,長沼町,None,ヤチダモ,水源涵養,0,141.751611,42.972024
None,トドマツ,水涵保,None,空知,6,れ,2.87,None,長沼町,None,None,水源涵養,0,141.752516,42.968278
None,トドマツ,水涵保,None,空知,6,る,1.43,None,長沼町,None,None,水源涵養,0,141.751909,42.969797
None,トドマツ,水涵保,None,空知,6,ぬ,1.62,None,長沼町,None,None,水源涵養,0,141.750923,42.969607
None,トドマツ,水涵保,None,空知,6,ぬ,1.62,None,長沼町,None,None,水源涵養,0,141.750953,42.968378
None,他Ｌ,水涵保,None,空知,6,い,17.35,None,長沼町,イタヤカエデ,シナノキ,水源涵養,1,141.746937,42.97313
None,トドマツ,水涵保,None,空知,6,ち,4.15,None,長沼町,None,None,水源涵養,0,141.747414,42.971189
None,他Ｌ,水涵保,None,空知,6,い,17.35,None,長沼町,イタヤカエデ,シナノキ,水源涵養,1,141.748246,42.970948
None,トドマツ,水涵保,None,空知,6,り,2.62,None,長沼町,None,None,水源涵養,0,141.749978,42.970093
None,None,水涵保,None,空知,6,ニ,3.35,None,長沼町,None,None,水源涵養,0,141.751842,42.96817
None,トドマツ,水涵保,None,空知,6,り,2.62,None,長沼町,None,None,水源涵養,0,141.749048,42.969761
None,他Ｌ,水涵保,None,空知,6,い,17.35,None,長沼町,イタヤカエデ,シナノキ,水源涵養,1,141.751624,42.967766
None,他Ｌ,水涵保,None,空知,6,た,2.02,None,長沼町,トドマツ,シナノキ,水源涵養,0,141.750795,42.967198
None,トドマツ,水涵保,None,空知,7,ぬ,1.18,None,長沼町,None,None,水源涵養,0,141.752802,42.963995
None,イタヤカエデ,水涵保,None,空知,7,そ,3.53,None,長沼町,シナノキ,他Ｌ,水源涵養,0,141.754449,42.962433
None,トドマツ,水涵保,None,空知,6,か,4.53,None,長沼町,None,None,水源涵養,0,141.748114,42.967014
None,エゾマツ,水涵保,None,空知,6,わ,2.85,None,長沼町,None,None,水源涵養,0,141.750271,42.965573
None,他Ｌ,水涵保,None,空知,6,い,17.18,None,長沼町,イタヤカエデ,シナノキ,水源涵養,2,141.752352,42.965316
None,トドマツ,水涵保,None,空知,7,る,2.98,None,長沼町,None,None,水源涵養,0,141.750012,42.963527
None,トドマツ,水涵保,None,空知,7,り,2.08,None,長沼町,None,None,水源涵養,0,141.747898,42.963812
None,トドマツ,水涵保,None,空知,7,よ,1.54,None,長沼町,None,None,水源涵養,0,141.754334,42.960679
None,None,水涵保,None,空知,7,イ,0.84,None,長沼町,None,None,水源涵養,0,141.754784,42.963127
None,他Ｌ,水涵保,None,空知,7,い,34.14,None,長沼町,シナノキ,イタヤカエデ,水源涵養,4,141.75524,42.960921
None,None,水涵保,None,空知,8,ロ,0.06,None,長沼町,None,None,水源涵養,0,141.754493,42.958698
None,他Ｌ,水涵保,None,空知,8,い,23.16,None,長沼町,シナノキ,イタヤカエデ,水源涵養,1,141.754737,42.958091
None,エゾマツ,水涵保,None,空知,9,ろ,7.22,None,長沼町,None,None,水源涵養,0,141.755216,42.952946
None,他Ｌ,水涵保,None,空知,9,い,17.36,None,長沼町,シナノキ,イタヤカエデ,水源涵養,2,141.753311,42.951893
None,トドマツ,水涵保,None,空知,7,か,3.13,None,長沼町,None,None,水源涵養,0,141.752526,42.961513
None,トドマツ,水涵保,None,空知,8,け,2.85,None,長沼町,None,None,水源涵養,0,141.751331,42.957756
None,トドマツ,水涵保,None,空知,7,つ,0.87,None,長沼町,None,None,水源涵養,0,141.750536,42.962269
None,トドマツ,水涵保,None,空知,7,わ,1.85,None,長沼町,None,None,水源涵養,0,141.749141,42.961296
None,他Ｌ,水涵保,None,空知,7,い,34.14,None,長沼町,シナノキ,イタヤカエデ,水源涵養,4,141.752101,42.959469
None,トドマツ,水涵保,None,空知,7,た,1.45,None,長沼町,None,None,水源涵養,0,141.750817,42.959316
None,トドマツ,水涵保,None,空知,7,れ,1.73,None,長沼町,None,None,水源涵養,0,141.747894,42.959344
None,トドマツ,水涵保,None,空知,8,の,1.85,None,長沼町,None,None,水源涵養,0,141.752935,42.956918
None,エゾマツ,水涵保,None,空知,9,ろ,7.22,None,長沼町,None,None,水源涵養,0,141.75371,42.953227
None,他Ｌ,水涵保,None,空知,8,い,23.16,None,長沼町,シナノキ,イタヤカエデ,水源涵養,1,141.75022,42.955507
None,トドマツ,水涵保,None,空知,8,く,3.83,None,長沼町,None,None,水源涵養,0,141.748817,42.955347
None,ドイツトウヒ,水涵保,None,空知,8,う,3.79,None,長沼町,None,None,水源涵養,0,141.748083,42.957097
None,他Ｌ,水涵保,None,空知,9,い,16.49,None,長沼町,シナノキ,イタヤカエデ,水源涵養,3,141.748378,42.952443
None,エゾマツ,水涵保,None,空知,9,に,3.0,None,長沼町,None,トドマツ,水源涵養,0,141.757963,42.947891
None,他Ｌ,水涵保,None,空知,9,い,17.36,None,長沼町,シナノキ,イタヤカエデ,水源涵養,2,141.755933,42.94911
None,トドマツ,水涵保,None,空知,9,そ,2.21,None,長沼町,None,None,水源涵養,0,141.755476,42.951458
None,エゾマツ,水涵保,None,空知,9,は,4.42,None,長沼町,他Ｌ,トドマツ,水源涵養,0,141.756804,42.949286
None,エゾマツ,水涵保,None,空知,9,は,4.42,None,長沼町,他Ｌ,トドマツ,水源涵養,0,141.756716,42.947634
None,None,水涵保,None,空知,9,ロ,0.73,None,長沼町,None,None,水源涵養,1,141.757708,42.946385
None,エゾマツ,水涵保,None,空知,9,に,3.0,None,長沼町,None,トドマツ,水源涵養,0,141.757063,42.946528
None,None,水涵保,None,空知,9,ロ,0.75,None,長沼町,None,None,水源涵養,0,141.755822,42.949839
None,トドマツ,水涵保,None,空知,9,へ,1.68,None,長沼町,None,None,水源涵養,0,141.755991,42.94827
None,トドマツ,水涵保,None,空知,9,へ,1.68,None,長沼町,None,None,水源涵養,0,141.755074,42.947573
None,トドマツ,水涵保,None,空知,9,と,4.82,None,長沼町,他Ｌ,カラマツ,水源涵養,0,141.757403,42.945431
None,トドマツ,水涵保,None,空知,9,ち,1.19,None,長沼町,None,カラマツ,水源涵養,0,141.757102,42.944891
None,トドマツ,水涵保,None,空知,9,と,4.82,None,長沼町,他Ｌ,カラマツ,水源涵養,0,141.755221,42.946275
None,トドマツ,水涵保,None,空知,9,ち,1.19,None,長沼町,None,カラマツ,水源涵養,0,141.754388,42.943661
None,トドマツ,水涵保,None,空知,9,そ,2.21,None,長沼町,None,None,水源涵養,0,141.752969,42.951141
None,トドマツ,水涵保,None,空知,9,つ,4.86,None,長沼町,None,None,水源涵養,0,141.754556,42.949227
None,トドマツ,水涵保,None,空知,9,か,26.88,None,長沼町,None,None,水源涵養,0,141.750778,42.953019
None,カラマツ,水涵保,None,空知,9,ね,3.65,None,長沼町,None,None,水源涵養,0,141.752362,42.949831
None,他Ｌ,水涵保,None,空知,9,い,17.36,None,長沼町,シナノキ,イタヤカエデ,水源涵養,2,141.751704,42.947496
None,カラマツ,水涵保,None,空知,9,な,3.56,None,長沼町,None,None,水源涵養,0,141.749469,42.948534
None,他Ｌ,水涵保,None,空知,9,い,3.13,None,長沼町,シナノキ,イタヤカエデ,水源涵養,1,141.748992,42.946767
None,他Ｌ,水涵保,None,空知,9,い,16.49,None,長沼町,シナノキ,イタヤカエデ,水源涵養,3,141.743454,42.946248
None,エゾマツ,水涵保,None,空知,9,り,9.99,None,長沼町,他Ｌ,トドマツ,水源涵養,0,141.753115,42.945619
None,カラマツ,水涵保,None,空知,9,ぬ,7.02,None,長沼町,他Ｌ,トドマツ,水源涵養,0,141.750325,42.944649
None,ウダイカンバ,水涵保,None,空知,9,る,1.5,None,長沼町,None,None,水源涵養,0,141.753003,42.943712
None,他Ｌ,水涵保,None,空知,9,い,16.49,None,長沼町,シナノキ,イタヤカエデ,水源涵養,3,141.751302,42.943554
None,他Ｌ,水涵保,None,空知,9,い,16.49,None,長沼町,シナノキ,イタヤカエデ,水源涵養,3,141.746591,42.944197
None,ウダイカンバ,水涵保,None,空知,9,る,1.5,None,長沼町,None,None,水源涵養,0,141.747411,42.94308
None,カラマツ,水涵保,None,空知,9,ぬ,7.02,None,長沼町,他Ｌ,トドマツ,水源涵養,0,141.746577,42.943428
None,他Ｌ,防風保,None,空知,73,は,10.13,None,長沼町,None,None,山地災害防止（気象）,0,141.721026,43.059973
None,ヤチダモ,防風保,None,空知,73,い,6.44,None,長沼町,None,None,山地災害防止（気象）,0,141.721373,43.05984
None,ヤチダモ,防風保,None,空知,73,い,6.44,None,長沼町,None,None,山地災害防止（気象）,0,141.720666,43.060107
None,None,None,None,空知,73,ト,0.03,None,長沼町,None,None,山地災害防止（気象）,0,141.720706,43.059551
None,ヤチダモ,防風保,None,空知,73,い,6.44,None,長沼町,None,None,山地災害防止（気象）,0,141.720118,43.05931
None,ヤチダモ,防風保,None,空知,73,い,6.44,None,長沼町,None,None,山地災害防止（気象）,0,141.731671,43.04846
None,他Ｌ,防風保,None,空知,73,は,10.13,None,長沼町,None,None,山地災害防止（気象）,0,141.730472,43.04854
None,ヤチダモ,防風保,None,空知,73,い,6.44,None,長沼町,None,None,山地災害防止（気象）,0,141.723996,43.051293
None,他Ｌ,防風保,None,空知,73,は,10.13,None,長沼町,None,None,山地災害防止（気象）,0,141.723691,43.051289
None,None,None,None,空知,73,ロ,0.02,None,長沼町,None,None,山地災害防止（気象）,0,141.723661,43.051443
None,ヤチダモ,防風保,None,空知,73,い,6.44,None,長沼町,None,None,山地災害防止（気象）,0,141.72355,43.051466
None,他Ｌ,防風保,None,空知,73,は,10.13,None,長沼町,None,None,山地災害防止（気象）,0,141.723019,43.051397
None,ヤチダモ,防風保,None,空知,73,い,6.44,None,長沼町,None,None,山地災害防止（気象）,0,141.726069,43.050538
None,他Ｌ,防風保,None,空知,73,は,10.13,None,長沼町,None,None,山地災害防止（気象）,0,141.72466,43.050779
None,ヤチダモ,防風保,None,空知,73,い,6.44,None,長沼町,None,None,山地災害防止（気象）,0,141.725702,43.050053
None,None,None,None,空知,73,イ,0.38,None,長沼町,None,None,山地災害防止（気象）,0,141.724032,43.051145
None,他Ｌ,防風保,None,空知,73,は,10.13,None,長沼町,None,None,山地災害防止（気象）,0,141.723228,43.050975
None,None,None,None,空知,73,ロ,0.02,None,長沼町,None,None,山地災害防止（気象）,0,141.723355,43.051011
None,ヤチダモ,防風保,None,空知,73,い,6.44,None,長沼町,None,None,山地災害防止（気象）,0,141.720833,43.059066
None,他Ｌ,防風保,None,空知,73,は,10.13,None,長沼町,None,None,山地災害防止（気象）,0,141.72048,43.05919
None,None,None,None,空知,73,チ,0.03,None,長沼町,None,None,山地災害防止（気象）,0,141.720225,43.058835
None,ヤチダモ,防風保,None,空知,73,い,6.44,None,長沼町,None,None,山地災害防止（気象）,0,141.720096,43.058002
None,他Ｌ,防風保,None,空知,73,は,10.13,None,長沼町,None,None,山地災害防止（気象）,0,141.719756,43.058131
None,ヤチダモ,防風保,None,空知,73,い,6.44,None,長沼町,None,None,山地災害防止（気象）,0,141.719393,43.058242
None,ヤチダモ,防風保,None,空知,73,い,6.44,None,長沼町,None,None,山地災害防止（気象）,0,141.718395,43.055548
None,ヤチダモ,防風保,None,空知,73,い,6.44,None,長沼町,None,None,山地災害防止（気象）,0,141.717634,43.055673
None,他Ｌ,防風保,None,空知,73,は,10.13,None,長沼町,None,None,山地災害防止（気象）,0,141.718868,43.05687
None,シラカバ,防風保,None,空知,73,た,0.41,None,長沼町,None,None,山地災害防止（気象）,0,141.716109,43.053954
None,None,None,None,空知,73,リ,0.13,None,長沼町,None,None,山地災害防止（気象）,0,141.722593,43.051214
None,他Ｌ,防風保,None,空知,73,は,10.13,None,長沼町,None,None,山地災害防止（気象）,0,141.722207,43.051603
None,ヤチダモ,防風保,None,空知,73,い,6.44,None,長沼町,None,None,山地災害防止（気象）,0,141.720486,43.052611
None,他Ｌ,防風保,None,空知,73,は,10.13,None,長沼町,None,None,山地災害防止（気象）,0,141.71899,43.052839
None,ヤチダモ,防風保,None,空知,73,い,6.44,None,長沼町,None,None,山地災害防止（気象）,0,141.719135,43.053112
None,他Ｌ,防風保,None,空知,73,は,10.13,None,長沼町,None,None,山地災害防止（気象）,0,141.720344,43.052332
None,ヤチダモ,防風保,None,空知,73,い,6.44,None,長沼町,None,None,山地災害防止（気象）,0,141.720159,43.052075
None,ハンノキ,防風保,None,空知,73,る,0.28,None,長沼町,None,None,山地災害防止（気象）,0,141.718381,43.053099
None,ハンノキ,防風保,None,空知,73,わ,0.09,None,長沼町,None,None,山地災害防止（気象）,0,141.717883,43.053568
None,ヤチダモ,防風保,None,空知,73,い,6.44,None,長沼町,None,None,山地災害防止（気象）,0,141.718606,43.052656
None,他Ｌ,防風保,None,空知,73,は,10.13,None,長沼町,None,None,山地災害防止（気象）,0,141.717968,43.053188
None,ハンノキ,防風保,None,空知,73,る,0.28,None,長沼町,None,None,山地災害防止（気象）,0,141.717368,43.05373
None,None,None,None,空知,73,ハ,0.02,None,長沼町,None,None,山地災害防止（気象）,0,141.717314,43.05339
None,アカエゾマツ,防風保,None,空知,73,よ,0.56,None,長沼町,None,None,山地災害防止（気象）,0,141.717529,43.053159
None,アカエゾマツ,防風保,None,空知,73,よ,0.56,None,長沼町,None,None,山地災害防止（気象）,0,141.716545,43.053647
None,ヤチダモ,防風保,None,空知,73,い,6.44,None,長沼町,None,None,山地災害防止（気象）,0,141.715312,43.053759
None,ヤチダモ,防風保,None,空知,73,ほ,1.29,None,長沼町,None,None,山地災害防止（気象）,0,141.701487,43.059261
None,他Ｌ,防風保,None,空知,73,ろ,3.57,None,長沼町,None,None,山地災害防止（気象）,0,141.701654,43.059439
None,ヤチダモ,防風保,None,空知,73,い,6.44,None,長沼町,None,None,山地災害防止（気象）,0,141.701659,43.05954
None,他Ｌ,防風保,None,空知,73,ろ,3.57,None,長沼町,None,None,山地災害防止（気象）,0,141.699919,43.06009
None,ヤチダモ,防風保,None,空知,73,い,6.44,None,長沼町,None,None,山地災害防止（気象）,0,141.699952,43.060172
None,ヤチダモ,防風保,None,空知,73,ほ,1.29,None,長沼町,None,None,山地災害防止（気象）,0,141.699831,43.05996
None,シラカバ,防風保,None,空知,73,か,0.25,None,長沼町,None,None,山地災害防止（気象）,0,141.700107,43.059791
None,ヤチダモ,防風保,None,空知,73,い,6.44,None,長沼町,None,None,山地災害防止（気象）,0,141.699627,43.059653
None,他Ｌ,防風保,None,空知,73,ろ,3.57,None,長沼町,None,None,山地災害防止（気象）,0,141.699675,43.059726
None,他Ｌ,防風保,None,空知,73,ろ,3.57,None,長沼町,None,None,山地災害防止（気象）,0,141.698285,43.0607
None,ヤチダモ,防風保,None,空知,73,い,6.44,None,長沼町,None,None,山地災害防止（気象）,0,141.698458,43.060717
None,ヤチダモ,防風保,None,空知,73,ち,0.51,None,長沼町,None,None,山地災害防止（気象）,0,141.697562,43.060679
None,ヤチダモ,防風保,None,空知,73,ほ,1.29,None,長沼町,None,None,山地災害防止（気象）,0,141.698701,43.060294
None,ヤチダモ,防風保,None,空知,73,い,6.44,None,長沼町,None,None,山地災害防止（気象）,0,141.697977,43.060249
None,他Ｌ,防風保,None,空知,73,ろ,3.57,None,長沼町,None,None,山地災害防止（気象）,0,141.697926,43.060353
None,None,防風保,None,空知,73,ル,0.03,None,長沼町,None,None,山地災害防止（気象）,0,141.697234,43.061194
None,ハンノキ,防風保,None,空知,73,ぬ,0.51,None,長沼町,None,None,山地災害防止（気象）,0,141.714148,43.054527
None,ヤチダモ,防風保,None,空知,73,と,0.75,None,長沼町,None,None,山地災害防止（気象）,0,141.714276,43.054667
None,ハンノキ,防風保,None,空知,73,り,0.52,None,長沼町,None,None,山地災害防止（気象）,0,141.714375,43.054816
None,ヤチダモ,防風保,None,空知,73,い,6.44,None,長沼町,None,None,山地災害防止（気象）,0,141.714052,43.054384
None,None,None,None,空知,73,ホ,0.02,None,長沼町,None,None,山地災害防止（気象）,0,141.713391,43.054889
None,ヤチダモ,防風保,None,空知,73,と,0.75,None,長沼町,None,None,山地災害防止（気象）,0,141.713273,43.055041
None,ハンノキ,防風保,None,空知,73,り,0.52,None,長沼町,None,None,山地災害防止（気象）,0,141.712893,43.055364
None,ハンノキ,防風保,None,空知,73,り,0.52,None,長沼町,None,None,山地災害防止（気象）,0,141.711363,43.055946
None,None,防風保,None,空知,73,ヌ,0.01,None,長沼町,None,None,山地災害防止（気象）,0,141.711949,43.055427
None,ハンノキ,防風保,None,空知,73,ぬ,0.51,None,長沼町,None,None,山地災害防止（気象）,0,141.711152,43.055661
None,ヤチダモ,防風保,None,空知,73,と,0.75,None,長沼町,None,None,山地災害防止（気象）,0,141.711251,43.055816
None,ハンノキ,防風保,None,空知,73,ぬ,0.51,None,長沼町,None,None,山地災害防止（気象）,0,141.712133,43.055288
None,ヤチダモ,防風保,None,空知,73,い,6.44,None,長沼町,None,None,山地災害防止（気象）,0,141.712037,43.055135
None,他Ｌ,防風保,None,空知,73,ろ,3.57,None,長沼町,None,None,山地災害防止（気象）,0,141.707483,43.057301
None,ヤチダモ,防風保,None,空知,73,い,6.44,None,長沼町,None,None,山地災害防止（気象）,0,141.707395,43.057426
None,他Ｌ,防風保,None,空知,73,ろ,3.57,None,長沼町,None,None,山地災害防止（気象）,0,141.70729,43.056923
None,ヤチダモ,防風保,None,空知,73,へ,0.9,None,長沼町,None,None,山地災害防止（気象）,0,141.706466,43.057431
None,ハンノキ,防風保,None,空知,73,り,0.52,None,長沼町,None,None,山地災害防止（気象）,0,141.710451,43.056283
None,None,None,None,空知,73,ヘ,0.02,None,長沼町,None,None,山地災害防止（気象）,0,141.710413,43.056002
None,ハンノキ,防風保,None,空知,73,ぬ,0.51,None,長沼町,None,None,山地災害防止（気象）,0,141.71025,43.055997
None,ヤチダモ,防風保,None,空知,73,と,0.75,None,長沼町,None,None,山地災害防止（気象）,0,141.710357,43.056146
None,ヤチダモ,防風保,None,空知,73,い,6.44,None,長沼町,None,None,山地災害防止（気象）,0,141.711039,43.055507
None,ヤチダモ,防風保,None,空知,73,い,6.44,None,長沼町,None,None,山地災害防止（気象）,0,141.710148,43.055845
None,ヤチダモ,防風保,None,空知,71,は,1.96,None,長沼町,None,None,山地災害防止（気象）,0,141.714348,43.052678
None,ヤチダモ,防風保,None,空知,71,い,2.52,None,長沼町,None,None,山地災害防止（気象）,0,141.714722,43.05239
None,他Ｌ,防風保,None,空知,71,ろ,1.0,None,長沼町,None,None,山地災害防止（気象）,0,141.714565,43.052453
None,ヤチダモ,防風保,None,空知,71,い,2.52,None,長沼町,None,None,山地災害防止（気象）,0,141.714221,43.051646
None,他Ｌ,防風保,None,空知,71,ろ,1.0,None,長沼町,None,None,山地災害防止（気象）,0,141.714057,43.051638
None,ヤチダモ,防風保,None,空知,71,は,1.96,None,長沼町,None,None,山地災害防止（気象）,0,141.713859,43.051685
None,None,None,None,空知,71,イ,0.12,None,長沼町,None,None,山地災害防止（気象）,0,141.714029,43.051783
None,他Ｌ,防風保,None,空知,71,ろ,1.0,None,長沼町,None,None,山地災害防止（気象）,0,141.713734,43.051239
None,ヤチダモ,防風保,None,空知,71,い,2.52,None,長沼町,None,None,山地災害防止（気象）,0,141.714021,43.051375
None,ヤチダモ,防風保,None,空知,71,に,0.85,None,長沼町,None,None,山地災害防止（気象）,0,141.713212,43.051169
None,ヤチダモ,防風保,None,空知,71,は,1.96,None,長沼町,None,None,山地災害防止（気象）,0,141.713485,43.051384
None,None,None,None,空知,71,イ,0.12,None,長沼町,None,None,山地災害防止（気象）,0,141.713458,43.051057
None,ヤチダモ,防風保,None,空知,71,に,0.85,None,長沼町,None,None,山地災害防止（気象）,0,141.713132,43.050576
None,ヤチダモ,防風保,None,空知,71,に,0.85,None,長沼町,None,None,山地災害防止（気象）,0,141.71273,43.050005
None,ヤチダモ,防風保,None,空知,71,い,2.52,None,長沼町,None,None,山地災害防止（気象）,0,141.712532,43.049273
None,ヤチダモ,防風保,None,空知,71,と,0.37,None,長沼町,None,None,山地災害防止（気象）,0,141.712322,43.049298
None,ヤチダモ,防風保,None,空知,71,は,1.96,None,長沼町,None,None,山地災害防止（気象）,0,141.712085,43.04938
None,ヤチダモ,防風保,None,空知,73,い,6.44,None,長沼町,None,None,山地災害防止（気象）,0,141.705375,43.058173
None,ヤチダモ,防風保,None,空知,73,い,6.44,None,長沼町,None,None,山地災害防止（気象）,0,141.707289,43.05683
None,ヤチダモ,防風保,None,空知,73,に,0.93,None,長沼町,None,None,山地災害防止（気象）,0,141.706055,43.057576
None,ヤチダモ,防風保,None,空知,73,に,0.93,None,長沼町,None,None,山地災害防止（気象）,0,141.705636,43.057737
None,他Ｌ,防風保,None,空知,73,ろ,3.57,None,長沼町,None,None,山地災害防止（気象）,0,141.705249,43.058119
None,ヤチダモ,防風保,None,空知,73,い,6.44,None,長沼町,None,None,山地災害防止（気象）,0,141.704583,43.057863
None,ヤチダモ,防風保,None,空知,73,い,6.44,None,長沼町,None,None,山地災害防止（気象）,0,141.703025,43.059033
None,他Ｌ,防風保,None,空知,73,ろ,3.57,None,長沼町,None,None,山地災害防止（気象）,0,141.703398,43.058796
None,他Ｌ,防風保,None,空知,73,ろ,3.57,None,長沼町,None,None,山地災害防止（気象）,0,141.705198,43.057668
None,ヤチダモ,防風保,None,空知,73,に,0.93,None,長沼町,None,None,山地災害防止（気象）,0,141.702973,43.058722
None,ヤチダモ,防風保,None,空知,73,い,6.44,None,長沼町,None,None,山地災害防止（気象）,0,141.702733,43.058571
None,ヤチダモ,防風保,None,空知,73,い,6.44,None,長沼町,None,None,山地災害防止（気象）,0,141.701274,43.059021
None,他Ｌ,防風保,None,空知,73,ろ,3.57,None,長沼町,None,None,山地災害防止（気象）,0,141.701379,43.059065
None,ヤチダモ,防風保,None,空知,71,い,2.52,None,長沼町,None,None,山地災害防止（気象）,0,141.711518,43.0478
None,他Ｌ,防風保,None,空知,71,ろ,1.0,None,長沼町,None,None,山地災害防止（気象）,0,141.711321,43.047852
None,ヤチダモ,防風保,None,空知,71,は,1.96,None,長沼町,None,None,山地災害防止（気象）,0,141.711413,43.0484
None,ヤチダモ,防風保,None,空知,71,い,2.52,None,長沼町,None,None,山地災害防止（気象）,0,141.710897,43.046906
None,他Ｌ,防風保,None,空知,71,ろ,1.0,None,長沼町,None,None,山地災害防止（気象）,0,141.710711,43.046984
None,None,None,None,空知,71,ハ,0.01,None,長沼町,None,None,山地災害防止（気象）,0,141.71062,43.046837
None,ヤチダモ,防風保,None,空知,71,は,1.96,None,長沼町,None,None,山地災害防止（気象）,0,141.710546,43.047098
None,ヤチダモ,防風保,None,空知,71,は,1.96,None,長沼町,None,None,山地災害防止（気象）,0,141.710398,43.046817
None,ヤチダモ,防風保,None,空知,71,い,2.52,None,長沼町,None,None,山地災害防止（気象）,0,141.710405,43.046178
None,他Ｌ,防風保,None,空知,71,ろ,1.0,None,長沼町,None,None,山地災害防止（気象）,0,141.710021,43.045958
None,ヤチダモ,防風保,None,空知,71,に,0.85,None,長沼町,None,None,山地災害防止（気象）,0,141.709538,43.045803
None,他Ｌ,防風保,None,空知,71,ろ,1.0,None,長沼町,None,None,山地災害防止（気象）,0,141.709759,43.04548
None,ヤチダモ,防風保,None,空知,71,い,2.52,None,長沼町,None,None,山地災害防止（気象）,0,141.709397,43.044737
None,ヤチダモ,防風保,None,空知,71,は,1.96,None,長沼町,None,None,山地災害防止（気象）,0,141.708942,43.044779
None,他Ｌ,防風保,None,空知,71,ろ,1.0,None,長沼町,None,None,山地災害防止（気象）,0,141.708762,43.044225
None,ヤチダモ,防風保,None,空知,71,い,2.52,None,長沼町,None,None,山地災害防止（気象）,0,141.708934,43.043906
None,ヤチダモ,防風保,None,空知,71,ほ,3.03,None,長沼町,None,None,山地災害防止（気象）,0,141.708373,43.043758
None,ヤチダモ,防風保,None,空知,71,い,2.52,None,長沼町,None,None,山地災害防止（気象）,0,141.708319,43.04316
None,ヤチダモ,防風保,None,空知,71,へ,0.79,None,長沼町,None,None,山地災害防止（気象）,0,141.707919,43.042966
None,ヤチダモ,防風保,None,空知,71,い,2.52,None,長沼町,None,None,山地災害防止（気象）,0,141.707969,43.042643
None,ヤチダモ,防風保,None,空知,71,ほ,3.03,None,長沼町,None,None,山地災害防止（気象）,0,141.707659,43.04275
None,ヤチダモ,防風保,None,空知,71,い,2.52,None,長沼町,None,None,山地災害防止（気象）,0,141.707375,43.041792
None,ヤチダモ,防風保,None,空知,71,ほ,3.03,None,長沼町,None,None,山地災害防止（気象）,0,141.707398,43.042361
None,ヤチダモ,防風保,None,空知,71,い,2.52,None,長沼町,None,None,山地災害防止（気象）,0,141.706344,43.040292
None,ヤチダモ,防風保,None,空知,71,ほ,3.03,None,長沼町,None,None,山地災害防止（気象）,0,141.705725,43.039936
None,ヤチダモ,防風保,None,空知,71,い,2.52,None,長沼町,None,None,山地災害防止（気象）,0,141.705369,43.038832
None,ヤチダモ,防風保,None,空知,71,ほ,3.03,None,長沼町,None,None,山地災害防止（気象）,0,141.70533,43.039329
None,ヤチダモ,防風保,None,空知,71,へ,0.79,None,長沼町,None,None,山地災害防止（気象）,0,141.704725,43.038294
None,シラカバ,防風保,None,空知,71,る,0.04,None,長沼町,None,None,山地災害防止（気象）,0,141.704433,43.037966
None,シラカバ,防風保,None,空知,71,ぬ,0.25,None,長沼町,None,None,山地災害防止（気象）,0,141.704199,43.037677
None,他Ｌ,防風保,None,空知,72,い,2.53,None,長沼町,None,None,山地災害防止（気象）,0,141.690731,43.050339
None,ヤチダモ,防風保,None,空知,72,に,1.78,None,長沼町,None,None,山地災害防止（気象）,0,141.690856,43.049935
None,ヤチダモ,防風保,None,空知,72,に,1.78,None,長沼町,None,None,山地災害防止（気象）,0,141.690204,43.050202
None,ヤチダモ,防風保,None,空知,72,は,1.16,None,長沼町,None,None,山地災害防止（気象）,0,141.690374,43.049825
None,ヤチダモ,防風保,None,空知,72,は,1.16,None,長沼町,None,None,山地災害防止（気象）,0,141.689433,43.048485
None,ヤチダモ,防風保,None,空知,72,に,1.78,None,長沼町,None,None,山地災害防止（気象）,0,141.689669,43.0482
None,ヤチダモ,防風保,None,空知,72,に,1.78,None,長沼町,None,None,山地災害防止（気象）,0,141.689203,43.048754
None,他Ｌ,防風保,None,空知,72,い,2.53,None,長沼町,None,None,山地災害防止（気象）,0,141.689076,43.047974
None,ヤチダモ,防風保,None,空知,72,ほ,1.31,None,長沼町,None,None,山地災害防止（気象）,0,141.688878,43.04746
None,他Ｌ,防風保,None,空知,72,い,2.53,None,長沼町,None,None,山地災害防止（気象）,0,141.689101,43.047576
None,ヤチダモ,防風保,None,空知,72,に,1.78,None,長沼町,None,None,山地災害防止（気象）,0,141.689065,43.047312
None,ヤチダモ,防風保,None,空知,72,に,1.78,None,長沼町,None,None,山地災害防止（気象）,0,141.688365,43.047563
None,None,None,None,空知,72,イ,0.02,None,長沼町,None,None,山地災害防止（気象）,0,141.688532,43.047138
None,他Ｌ,防風保,None,空知,72,い,2.53,None,長沼町,None,None,山地災害防止（気象）,0,141.688599,43.047288
None,ヤチダモ,防風保,None,空知,72,に,1.78,None,長沼町,None,None,山地災害防止（気象）,0,141.688534,43.046534
None,ヤチダモ,防風保,None,空知,72,に,1.78,None,長沼町,None,None,山地災害防止（気象）,0,141.687821,43.046774
None,他Ｌ,防風保,None,空知,72,い,2.53,None,長沼町,None,None,山地災害防止（気象）,0,141.688175,43.046674
None,他Ｌ,防風保,None,空知,72,い,2.53,None,長沼町,None,None,山地災害防止（気象）,0,141.687519,43.045695
None,ヤチダモ,防風保,None,空知,72,に,1.78,None,長沼町,None,None,山地災害防止（気象）,0,141.687766,43.045383
None,ヤチダモ,防風保,None,空知,72,に,1.78,None,長沼町,None,None,山地災害防止（気象）,0,141.687065,43.045643
None,ヤチダモ,防風保,None,空知,72,ほ,1.31,None,長沼町,None,None,山地災害防止（気象）,0,141.687041,43.044993
None,ヤチダモ,防風保,None,空知,72,ほ,1.31,None,長沼町,None,None,山地災害防止（気象）,0,141.686389,43.044044
None,ヤチダモ,防風保,None,空知,72,に,1.78,None,長沼町,None,None,山地災害防止（気象）,0,141.685929,43.043997
None,ヤチダモ,防風保,None,空知,72,に,1.78,None,長沼町,None,None,山地災害防止（気象）,0,141.686613,43.043724
None,他Ｌ,防風保,None,空知,72,い,2.53,None,長沼町,None,None,山地災害防止（気象）,0,141.685899,43.043324
None,シラカバ,防風保,None,空知,72,へ,0.15,None,長沼町,None,None,山地災害防止（気象）,0,141.683947,43.04359
None,トドマツ,水涵保,None,空知,1,む,1.59,None,長沼町,None,他Ｌ,森林空間利用,0,141.745409,43.02407
None,トドマツ,水涵保,None,空知,1,う,1.93,None,長沼町,None,他Ｌ,森林空間利用,0,141.745846,43.021188
None,トドマツ,水涵保,None,空知,1,は,7.61,None,長沼町,None,None,森林空間利用,0,141.744241,43.023765
None,トドマツ,水涵保,None,空知,1,や,1.05,None,長沼町,None,他Ｎ,森林空間利用,0,141.743889,43.023556
None,トドマツ,水涵保,None,空知,1,は,7.61,None,長沼町,None,None,森林空間利用,0,141.743884,43.022833
None,他Ｌ,水涵保,None,空知,1,い,19.37,None,長沼町,シナノキ,イタヤカエデ,森林空間利用,1,141.742464,43.023686
None,None,水涵保,None,空知,1,ワ,0.55,None,長沼町,None,None,森林空間利用,0,141.739313,43.019907
None,トドマツ,水涵保,None,空知,1,や,1.05,None,長沼町,None,他Ｎ,森林空間利用,0,141.742615,43.022742
None,トドマツ,水涵保,None,空知,1,に,4.1,None,長沼町,None,他Ｌ,森林空間利用,0,141.742142,43.022371
None,トドマツ,水涵保,None,空知,1,ま,1.3,None,長沼町,他Ｌ,他Ｎ,森林空間利用,0,141.742612,43.021695
None,トドマツ,水涵保,None,空知,1,は,7.61,None,長沼町,None,None,森林空間利用,0,141.744708,43.018471
None,トドマツ,水涵保,None,空知,1,に,4.1,None,長沼町,None,他Ｌ,森林空間利用,0,141.743578,43.021538
None,トドマツ,水涵保,None,空知,1,ほ,1.87,None,長沼町,他Ｌ,トドマツ,森林空間利用,0,141.743189,43.020595
None,他Ｌ,水涵保,None,空知,1,い,4.25,None,長沼町,シナノキ,イタヤカエデ,森林空間利用,4,141.745446,43.016771
None,トドマツ,水涵保,None,空知,1,の,5.64,None,長沼町,他Ｎ,他Ｌ,森林空間利用,0,141.742832,43.018346
None,トドマツ,水涵保,None,空知,1,へ,1.25,None,長沼町,None,トドマツ,森林空間利用,0,141.743071,43.016787
None,トドマツ,水涵保,None,空知,1,に,4.1,None,長沼町,None,他Ｌ,森林空間利用,0,141.741541,43.021067
None,トドマツ,水涵保,None,空知,1,に,4.1,None,長沼町,None,他Ｌ,森林空間利用,0,141.742183,43.020556
None,カラマツ,水涵保,None,空知,1,ち,9.87,None,長沼町,エゾマツ,トドマツ,森林空間利用,0,141.740542,43.02061
None,トドマツ,水涵保,None,空知,1,け,2.27,None,長沼町,None,他Ｎ,森林空間利用,0,141.740916,43.018513
None,他Ｌ,水涵保,None,空知,1,い,5.21,None,長沼町,シナノキ,イタヤカエデ,森林空間利用,2,141.74413,43.01673
None,トドマツ,水涵保,None,空知,1,と,4.7,None,長沼町,None,他Ｌ,森林空間利用,0,141.740145,43.017619
None,トドマツ,水涵保,None,空知,1,く,3.3,None,長沼町,イタヤカエデ,他Ｌ,森林空間利用,0,141.735555,43.020952
None,None,None,None,空知,1,ル,0.05,None,長沼町,None,None,森林空間利用,0,141.734911,43.020754
None,トドマツ,水涵保,None,空知,1,り,2.92,None,長沼町,None,他Ｌ,森林空間利用,0,141.733531,43.020622
None,トドマツ,水涵保,None,空知,1,り,2.92,None,長沼町,None,他Ｌ,森林空間利用,0,141.735647,43.019746
None,他Ｌ,水涵保,None,空知,1,い,4.05,None,長沼町,シナノキ,イタヤカエデ,森林空間利用,3,141.737952,43.01837
None,トドマツ,水涵保,None,空知,1,け,2.27,None,長沼町,None,他Ｎ,森林空間利用,0,141.738343,43.017337
None,トドマツ,水涵保,None,空知,1,と,4.7,None,長沼町,None,他Ｌ,森林空間利用,0,141.73683,43.016781
None,カラマツ,水涵保,None,空知,1,ち,9.87,None,長沼町,エゾマツ,トドマツ,森林空間利用,0,141.73586,43.018645
None,他Ｌ,水涵保,None,空知,1,い,19.37,None,長沼町,シナノキ,イタヤカエデ,森林空間利用,1,141.732538,43.020117
None,カラマツ,水涵保,None,空知,1,ち,9.87,None,長沼町,エゾマツ,トドマツ,森林空間利用,0,141.732166,43.0197
None,None,None,None,空知,1,ヌ,0.04,None,長沼町,None,None,森林空間利用,0,141.732273,43.019615
None,None,水涵保,None,空知,1,カ,1.53,None,長沼町,None,None,森林空間利用,0,141.732553,43.019472
None,None,None,None,空知,1,ル,0.05,None,長沼町,None,None,森林空間利用,0,141.734008,43.017593
None,カラマツ,水涵保,None,空知,1,ぬ,1.32,None,長沼町,他Ｌ,トドマツ,森林空間利用,0,141.734632,43.017338
None,None,水涵保,None,空知,2,イ,0.4,None,長沼町,None,None,森林空間利用,2,141.746158,43.014394
None,None,水涵保,None,空知,2,イ,0.72,None,長沼町,None,None,森林空間利用,4,141.74486,43.01489
None,トドマツ,水涵保,None,空知,2,り,3.59,None,長沼町,None,None,森林空間利用,0,141.745605,43.012682
None,トドマツ,水涵保,None,空知,2,と,7.16,None,長沼町,他Ｌ,他Ｎ,森林空間利用,0,141.746207,43.011251
None,トドマツ,水涵保,None,空知,2,ぬ,1.63,None,長沼町,None,他Ｌ,森林空間利用,0,141.743139,43.013091
None,トドマツ,水涵保,None,空知,2,か,1.06,None,長沼町,None,None,森林空間利用,0,141.740734,43.013696
None,None,None,None,空知,1,ハ,0.12,None,長沼町,None,None,森林空間利用,0,141.739648,43.016207
None,None,None,None,空知,2,イ,0.25,None,長沼町,None,None,森林空間利用,1,141.739743,43.015718
None,他Ｌ,水涵保,None,空知,2,い,12.41,None,長沼町,イタヤカエデ,シナノキ,森林空間利用,1,141.740235,43.015405
None,None,水涵保,None,空知,2,イ,0.72,None,長沼町,None,None,森林空間利用,4,141.738539,43.015614
None,None,水涵保,None,空知,2,イ,0.4,None,長沼町,None,None,森林空間利用,2,141.741157,43.015577
None,トドマツ,水涵保,None,空知,2,わ,0.24,None,長沼町,None,None,森林空間利用,0,141.739797,43.014914
None,トドマツ,水涵保,None,空知,2,ま,3.92,None,長沼町,None,None,森林空間利用,0,141.738636,43.01401
None,トドマツ,水涵保,None,空知,2,ろ,2.07,None,長沼町,他Ｌ,エゾマツ,森林空間利用,0,141.741676,43.013278
None,他Ｌ,水涵保,None,空知,2,い,4.9,None,長沼町,シナノキ,イタヤカエデ,森林空間利用,2,141.740863,43.012837
None,トドマツ,水涵保,None,空知,2,は,2.62,None,長沼町,None,None,森林空間利用,0,141.740879,43.0125
None,None,水涵保,None,空知,2,ニ,0.49,None,長沼町,None,None,森林空間利用,0,141.740329,43.012938
None,他Ｌ,水涵保,None,空知,2,れ,8.63,None,長沼町,イタヤカエデ,シナノキ,森林空間利用,0,141.741808,43.011553
None,トドマツ,水涵保,None,空知,2,よ,1.43,None,長沼町,None,None,森林空間利用,0,141.741041,43.011061
None,他Ｌ,水涵保,None,空知,2,い,4.9,None,長沼町,シナノキ,イタヤカエデ,森林空間利用,2,141.739981,43.013176
None,トドマツ,水涵保,None,空知,2,は,2.62,None,長沼町,None,None,森林空間利用,0,141.740293,43.012296
None,他Ｌ,水涵保,None,空知,2,い,3.29,None,長沼町,シナノキ,イタヤカエデ,森林空間利用,3,141.738501,43.010881
None,他Ｌ,水涵保,None,空知,2,れ,8.63,None,長沼町,イタヤカエデ,シナノキ,森林空間利用,0,141.745027,43.010166
None,None,水涵保,None,空知,3,ロ,0.54,None,長沼町,None,None,森林空間利用,0,141.745496,43.009026
None,None,None,None,空知,2,ロ,0.02,None,長沼町,None,None,森林空間利用,0,141.745051,43.009158
None,トドマツ,水涵保,None,空知,3,ろ,6.01,None,長沼町,None,None,森林空間利用,0,141.743675,43.009746
None,None,水涵保,None,空知,3,ロ,0.54,None,長沼町,None,None,森林空間利用,0,141.744416,43.009372
None,他Ｌ,水涵保,None,空知,3,い,8.19,None,長沼町,ミズナラ,イタヤカエデ,森林空間利用,3,141.745668,43.006847
None,トドマツ,水涵保,None,空知,3,ろ,6.01,None,長沼町,None,None,森林空間利用,0,141.741985,43.009934
None,None,水涵保,None,空知,2,ニ,0.49,None,長沼町,None,None,森林空間利用,0,141.74121,43.010532
None,他Ｌ,水涵保,None,空知,2,い,3.29,None,長沼町,シナノキ,イタヤカエデ,森林空間利用,3,141.741078,43.010532
None,他Ｌ,水涵保,None,空知,3,い,1.5,None,長沼町,イタヤカエデ,ミズナラ,森林空間利用,1,141.742533,43.00915
None,トドマツ,水涵保,None,空知,2,た,1.22,None,長沼町,None,None,森林空間利用,0,141.739306,43.010534
None,他Ｌ,水涵保,None,空知,3,い,1.5,None,長沼町,イタヤカエデ,ミズナラ,森林空間利用,1,141.740313,43.009502
None,トドマツ,水涵保,None,空知,3,ろ,6.01,None,長沼町,None,None,森林空間利用,0,141.739291,43.009344
None,トドマツ,水涵保,None,空知,3,に,7.1,None,長沼町,None,None,森林空間利用,0,141.74273,43.007726
None,トドマツ,水涵保,None,空知,3,と,2.75,None,長沼町,None,None,森林空間利用,0,141.739644,43.006156
None,他Ｌ,水涵保,None,空知,3,い,8.19,None,長沼町,ミズナラ,イタヤカエデ,森林空間利用,3,141.738767,43.006804
None,他Ｌ,水涵保,None,空知,1,い,4.33,None,長沼町,シナノキ,イタヤカエデ,森林空間利用,5,141.734967,43.016482
None,他Ｌ,水涵保,None,空知,2,い,12.41,None,長沼町,イタヤカエデ,シナノキ,森林空間利用,1,141.735844,43.015282
None,None,None,None,空知,1,ニ,0.01,None,長沼町,None,None,森林空間利用,0,141.735329,43.015839
None,None,None,None,空知,2,イ,0.42,None,長沼町,None,None,森林空間利用,3,141.735691,43.015193
None,トドマツ,水涵保,None,空知,3,ろ,6.01,None,長沼町,None,None,森林空間利用,0,141.73872,43.009466
None,他Ｌ,水涵保,None,空知,3,い,1.5,None,長沼町,イタヤカエデ,ミズナラ,森林空間利用,1,141.737985,43.00865
None,トドマツ,水涵保,None,空知,3,は,11.91,None,長沼町,None,None,森林空間利用,0,141.737964,43.008027
None,None,水涵保,None,空知,3,ロ,0.54,None,長沼町,None,None,森林空間利用,0,141.740124,43.009427
None,トドマツ,水涵保,None,空知,3,に,7.1,None,長沼町,None,None,森林空間利用,0,141.737512,43.007649
None,None,水涵保,None,空知,3,イ,0.04,None,長沼町,None,None,森林空間利用,0,141.736995,43.007289
None,トドマツ,水涵保,None,空知,3,と,2.75,None,長沼町,None,None,森林空間利用,0,141.737944,43.006642
None,トドマツ,水涵保,None,空知,3,ほ,8.23,None,長沼町,None,None,森林空間利用,0,141.736196,43.006571
None,他Ｌ,水涵保,None,空知,3,い,2.05,None,長沼町,イタヤカエデ,シナノキ,森林空間利用,2,141.736066,43.005543
None,他Ｌ,水涵保,None,空知,3,い,2.05,None,長沼町,イタヤカエデ,シナノキ,森林空間利用,2,141.739037,43.005166
None,他Ｌ,水涵保,None,空知,3,い,2.05,None,長沼町,イタヤカエデ,シナノキ,森林空間利用,2,141.740103,43.004139
None,トドマツ,水涵保,None,空知,3,ほ,8.23,None,長沼町,None,None,森林空間利用,0,141.739739,43.003031
None,トドマツ,水涵保,None,空知,4,り,6.39,None,長沼町,None,None,森林空間利用,0,141.746698,42.998772
None,None,水涵保,None,空知,4,ロ,0.37,None,長沼町,None,None,森林空間利用,0,141.742142,42.999067
None,他Ｌ,水涵保,None,空知,4,い,4.18,None,長沼町,イタヤカエデ,シナノキ,森林空間利用,3,141.742533,42.999324
None,エゾマツ,水涵保,None,空知,4,は,14.54,None,長沼町,他Ｌ,トドマツ,森林空間利用,0,141.743337,42.998993
None,トドマツ,水涵保,None,空知,4,よ,2.06,None,長沼町,None,他Ｎ,森林空間利用,0,141.742253,42.998261
None,エゾマツ,水涵保,None,空知,4,は,14.54,None,長沼町,他Ｌ,トドマツ,森林空間利用,0,141.743464,42.996935
None,None,None,None,空知,4,イ,0.06,None,長沼町,None,None,森林空間利用,0,141.746261,42.995114
None,エゾマツ,水涵保,None,空知,4,る,1.44,None,長沼町,他Ｌ,トドマツ,森林空間利用,0,141.745101,42.995451
None,エゾマツ,水涵保,None,空知,4,る,1.44,None,長沼町,他Ｌ,トドマツ,森林空間利用,0,141.744875,42.994841
None,エゾマツ,水涵保,None,空知,4,は,14.54,None,長沼町,他Ｌ,トドマツ,森林空間利用,0,141.741507,42.999141
None,トドマツ,水涵保,None,空知,4,ち,1.3,None,長沼町,None,他Ｎ,森林空間利用,0,141.740656,42.998985
None,トドマツ,水涵保,None,空知,4,ち,1.3,None,長沼町,None,他Ｎ,森林空間利用,0,141.740547,42.998003
None,エゾマツ,水涵保,None,空知,4,は,14.54,None,長沼町,他Ｌ,トドマツ,森林空間利用,0,141.738829,42.99946
None,トドマツ,水涵保,None,空知,4,ち,1.3,None,長沼町,None,他Ｎ,森林空間利用,0,141.739348,42.99806
None,エゾマツ,水涵保,None,空知,4,は,14.54,None,長沼町,他Ｌ,トドマツ,森林空間利用,0,141.740915,42.997181
None,None,水涵保,None,空知,4,ニ,0.7,None,長沼町,None,None,森林空間利用,0,141.739024,42.995256
None,None,水涵保,None,空知,4,ロ,0.37,None,長沼町,None,None,森林空間利用,0,141.73996,42.996713
None,他Ｌ,水涵保,None,空知,4,い,4.2,None,長沼町,イタヤカエデ,シナノキ,森林空間利用,1,141.739545,42.996765
None,トドマツ,水涵保,None,空知,4,に,13.14,None,長沼町,他Ｌ,エゾマツ,森林空間利用,0,141.74003,42.995866
None,他Ｌ,水涵保,None,空知,3,い,2.05,None,長沼町,イタヤカエデ,シナノキ,森林空間利用,2,141.73756,43.005459
None,トドマツ,水涵保,None,空知,3,ち,4.58,None,長沼町,None,None,水源涵養,0,141.738197,43.004433
None,他Ｌ,水涵保,None,空知,3,い,2.05,None,長沼町,イタヤカエデ,シナノキ,森林空間利用,2,141.738295,43.003446
None,トドマツ,水涵保,None,空知,3,へ,1.56,None,長沼町,None,None,森林空間利用,0,141.737652,43.003239
None,None,水涵保,None,空知,3,イ,0.04,None,長沼町,None,None,森林空間利用,0,141.73703,43.003005
None,他Ｌ,水涵保,None,空知,3,い,2.05,None,長沼町,イタヤカエデ,シナノキ,森林空間利用,2,141.73626,43.004868
None,トドマツ,水涵保,None,空知,4,ろ,5.89,None,長沼町,他Ｌ,エゾマツ,森林空間利用,0,141.737589,42.998598
None,None,水涵保,None,空知,4,ハ,0.03,None,長沼町,None,None,森林空間利用,0,141.736275,42.99933
None,他Ｌ,水涵保,None,空知,4,い,4.2,None,長沼町,イタヤカエデ,シナノキ,森林空間利用,1,141.738255,42.997055
None,他Ｌ,水涵保,None,空知,4,い,4.2,None,長沼町,イタヤカエデ,シナノキ,森林空間利用,1,141.737852,42.996683
None,トドマツ,水涵保,None,空知,4,に,13.14,None,長沼町,他Ｌ,エゾマツ,森林空間利用,0,141.737781,42.995241
None,None,水涵保,None,空知,4,ハ,0.03,None,長沼町,None,None,森林空間利用,0,141.736282,42.997206
None,トドマツ,水涵保,None,空知,4,に,13.14,None,長沼町,他Ｌ,エゾマツ,森林空間利用,0,141.736476,42.996858
None,他Ｌ,水涵保,None,空知,4,い,4.2,None,長沼町,イタヤカエデ,シナノキ,森林空間利用,1,141.735831,42.996333
None,None,水涵保,None,空知,4,ホ,0.01,None,長沼町,None,None,森林空間利用,0,141.735356,42.994761
None,シラカバ,防風保,None,空知,71,り,0.08,None,長沼町,None,None,山地災害防止（気象）,0,141.704512,43.037582
None,None,None,None,空知,71,ニ,0.03,None,長沼町,None,None,山地災害防止（気象）,0,141.704344,43.037324
None,ヤチダモ,防風保,None,空知,71,い,2.52,None,長沼町,None,None,山地災害防止（気象）,0,141.704112,43.037004
None,ヤチダモ,防風保,None,空知,71,ほ,3.03,None,長沼町,None,None,山地災害防止（気象）,0,141.703891,43.037213
None,ヤチダモ,防風保,None,空知,71,ほ,3.03,None,長沼町,None,None,山地災害防止（気象）,0,141.703698,43.036817
None,ヤチダモ,防風保,None,空知,71,い,2.52,None,長沼町,None,None,山地災害防止（気象）,0,141.703906,43.036713
None,シラカバ,防風保,None,空知,71,ち,0.1,None,長沼町,None,None,山地災害防止（気象）,0,141.703541,43.036634
None,ヤチダモ,防風保,None,空知,71,ほ,3.03,None,長沼町,None,None,山地災害防止（気象）,0,141.703358,43.036305
None,ヤチダモ,防風保,None,空知,71,へ,0.79,None,長沼町,None,None,山地災害防止（気象）,0,141.703176,43.036
None,ヤチダモ,防風保,None,空知,71,い,2.52,None,長沼町,None,None,山地災害防止（気象）,0,141.703123,43.035558
None,ヤチダモ,防風保,None,空知,71,ほ,3.03,None,長沼町,None,None,山地災害防止（気象）,0,141.702807,43.035627
None,ヤチダモ,防風保,None,空知,70,ろ,0.98,None,長沼町,None,None,山地災害防止（気象）,0,141.695846,43.013751
None,ヤチダモ,防風保,None,空知,70,い,0.57,None,長沼町,None,None,山地災害防止（気象）,0,141.698055,43.012972
None,ヤチダモ,防風保,None,空知,70,い,0.57,None,長沼町,None,None,山地災害防止（気象）,0,141.697176,43.012908
None,None,None,None,空知,70,ロ,0.06,None,長沼町,None,None,山地災害防止（気象）,0,141.697062,43.013
None,None,None,None,空知,70,イ,0.26,None,長沼町,None,None,山地災害防止（気象）,2,141.697081,43.013487
None,None,None,None,空知,70,ハ,0.03,None,長沼町,None,None,山地災害防止（気象）,0,141.696996,43.013117
None,None,None,None,空知,70,ハ,0.03,None,長沼町,None,None,山地災害防止（気象）,0,141.696706,43.013272
None,None,None,None,空知,70,ハ,0.03,None,長沼町,None,None,山地災害防止（気象）,0,141.696902,43.013013
None,None,None,None,空知,70,イ,0.06,None,長沼町,None,None,山地災害防止（気象）,1,141.696246,43.013306
None,None,None,None,空知,70,イ,0.26,None,長沼町,None,None,山地災害防止（気象）,2,141.69533,43.013629
None,ヤナギ,防風保,None,空知,69,ち,1.1,None,長沼町,None,他Ｌ,山地災害防止（気象）,0,141.689015,43.004508
None,ヤチダモ,防風保,None,空知,69,ろ,4.26,None,長沼町,None,None,山地災害防止（気象）,0,141.689813,43.005065
None,ヤチダモ,防風保,None,空知,69,は,0.06,None,長沼町,None,None,山地災害防止（気象）,2,141.689059,43.004414
None,ヤチダモ,防風保,None,空知,69,ろ,4.26,None,長沼町,None,None,山地災害防止（気象）,0,141.688416,43.003315
None,ヤチダモ,防風保,None,空知,69,ほ,0.55,None,長沼町,None,None,山地災害防止（気象）,0,141.688086,43.002539
None,ヤナギ,防風保,None,空知,69,ち,1.1,None,長沼町,None,他Ｌ,山地災害防止（気象）,0,141.687591,43.002418
None,ヤチダモ,防風保,None,空知,69,ろ,4.26,None,長沼町,None,None,山地災害防止（気象）,0,141.687434,43.00156
None,ヤチダモ,防風保,None,空知,69,ろ,4.26,None,長沼町,None,None,山地災害防止（気象）,0,141.685997,42.999387
None,ヤナギ,防風保,None,空知,69,ち,1.1,None,長沼町,None,他Ｌ,山地災害防止（気象）,0,141.686129,43.000133
None,None,None,None,空知,69,イ,0.02,None,長沼町,None,None,山地災害防止（気象）,0,141.685707,42.999079
None,ヤチダモ,防風保,None,空知,69,ろ,4.26,None,長沼町,None,None,山地災害防止（気象）,0,141.685165,42.998182
None,ヤナギ,防風保,None,空知,69,ち,1.1,None,長沼町,None,他Ｌ,山地災害防止（気象）,0,141.68508,42.998611
None,None,None,None,空知,69,ハ,0.03,None,長沼町,None,None,山地災害防止（気象）,0,141.684937,42.997928
None,ヤチダモ,防風保,None,空知,69,ろ,4.26,None,長沼町,None,None,山地災害防止（気象）,0,141.68469,42.99748
None,ヤナギ,防風保,None,空知,69,ち,1.1,None,長沼町,None,他Ｌ,山地災害防止（気象）,0,141.68441,42.99766
None,ヤチダモ,防風保,None,空知,69,い,6.37,None,長沼町,None,None,山地災害防止（気象）,0,141.6878,42.99446
None,None,None,None,空知,69,ニ,0.02,None,長沼町,None,None,山地災害防止（気象）,0,141.684138,42.997314
None,ヤナギ,防風保,None,空知,69,ち,1.1,None,長沼町,None,他Ｌ,山地災害防止（気象）,0,141.684105,42.99723
None,ヤチダモ,防風保,None,空知,69,ろ,4.26,None,長沼町,None,None,山地災害防止（気象）,0,141.684272,42.996888
None,None,None,None,空知,69,ヌ,0.02,None,長沼町,None,None,山地災害防止（気象）,0,141.684277,42.996499
None,ヤチダモ,防風保,None,空知,69,ろ,4.26,None,長沼町,None,None,山地災害防止（気象）,0,141.683805,42.996668
None,ヤチダモ,防風保,None,空知,72,に,1.78,None,長沼町,None,None,山地災害防止（気象）,0,141.68342,43.043219
None,ヤチダモ,防風保,None,空知,72,ろ,5.91,None,長沼町,None,None,山地災害防止（気象）,0,141.683693,43.042976
None,ヤチダモ,防風保,None,空知,72,ろ,5.91,None,長沼町,None,None,山地災害防止（気象）,0,141.682093,43.04065
None,ヤチダモ,防風保,None,空知,72,に,1.78,None,長沼町,None,None,山地災害防止（気象）,0,141.681821,43.040882
None,ヤチダモ,防風保,None,空知,72,ろ,5.91,None,長沼町,None,None,山地災害防止（気象）,0,141.680849,43.038838
None,ヤチダモ,防風保,None,空知,72,に,1.78,None,長沼町,None,None,山地災害防止（気象）,0,141.680518,43.038985
None,None,None,None,空知,72,ハ,0.03,None,長沼町,None,None,山地災害防止（気象）,0,141.680552,43.03846
None,ヤチダモ,防風保,None,空知,72,ろ,5.91,None,長沼町,None,None,山地災害防止（気象）,0,141.680334,43.038092
None,ヤチダモ,防風保,None,空知,72,に,1.78,None,長沼町,None,None,山地災害防止（気象）,0,141.679985,43.038223
None,ヤチダモ,防風保,None,空知,72,ろ,5.91,None,長沼町,None,None,山地災害防止（気象）,0,141.679858,43.037417
None,None,None,None,空知,72,ヘ,0.02,None,長沼町,None,None,山地災害防止（気象）,0,141.679626,43.037712
None,None,None,None,空知,72,ニ,0.03,None,長沼町,None,None,山地災害防止（気象）,0,141.679547,43.037245
None,ヤチダモ,防風保,None,空知,72,ろ,5.91,None,長沼町,None,None,山地災害防止（気象）,0,141.679322,43.036693
None,ヤチダモ,防風保,None,空知,72,ろ,5.91,None,長沼町,None,None,山地災害防止（気象）,0,141.678571,43.035595
None,ヤチダモ,防風保,None,空知,72,ろ,5.91,None,長沼町,None,None,山地災害防止（気象）,0,141.67806,43.034848
None,None,None,None,空知,72,ホ,0.03,None,長沼町,None,None,山地災害防止（気象）,0,141.678183,43.035018
None,ヤナギ,防風保,None,空知,69,ち,1.1,None,長沼町,None,他Ｌ,山地災害防止（気象）,0,141.683748,42.996698
None,ヤナギ,防風保,None,空知,67,わ,0.09,None,長沼町,None,None,山地災害防止（気象）,0,141.68307,42.996364
None,ヤチダモ,防風保,None,空知,67,と,0.13,None,長沼町,None,None,山地災害防止（気象）,0,141.682431,42.996658
None,ヤチダモ,防風保,None,空知,69,は,0.94,None,長沼町,None,None,山地災害防止（気象）,1,141.682932,42.995048
None,ヤナギ,防風保,None,空知,69,と,1.27,None,長沼町,None,None,山地災害防止（気象）,0,141.683045,42.995702
None,None,None,None,空知,69,ト,0.03,None,長沼町,None,None,山地災害防止（気象）,0,141.682564,42.995029
None,ヤナギ,防風保,None,空知,69,と,1.27,None,長沼町,None,None,山地災害防止（気象）,0,141.682285,42.99461
None,他Ｌ,防風保,None,空知,67,ろ,0.62,None,長沼町,None,None,山地災害防止（気象）,0,141.681615,42.996961
None,ヤチダモ,防風保,None,空知,67,に,2.6,None,長沼町,None,None,山地災害防止（気象）,0,141.679254,42.997589
None,シラカバ,防風保,None,空知,67,る,0.39,None,長沼町,None,None,山地災害防止（気象）,0,141.678636,42.997895
None,ヤチダモ,防風保,None,空知,67,に,2.6,None,長沼町,None,None,山地災害防止（気象）,0,141.678036,42.998302
None,None,None,None,空知,67,ロ,0.02,None,長沼町,None,None,山地災害防止（気象）,0,141.678945,42.997948
None,ヤチダモ,防風保,None,空知,67,に,2.6,None,長沼町,None,None,山地災害防止（気象）,0,141.677281,42.998146
None,シラカバ,防風保,None,空知,67,ぬ,0.45,None,長沼町,None,None,山地災害防止（気象）,0,141.671712,43.000494
None,他Ｌ,防風保,None,空知,67,ろ,0.62,None,長沼町,None,None,山地災害防止（気象）,0,141.671787,43.000584
None,シラカバ,防風保,None,空知,67,り,0.42,None,長沼町,None,None,山地災害防止（気象）,0,141.669682,43.001325
None,ヤチダモ,防風保,None,空知,67,ほ,0.69,None,長沼町,None,None,山地災害防止（気象）,0,141.675521,42.998784
None,ヤチダモ,防風保,None,空知,67,は,2.27,None,長沼町,None,None,山地災害防止（気象）,0,141.673736,42.999614
None,シラカバ,防風保,None,空知,67,ぬ,0.45,None,長沼町,None,None,山地災害防止（気象）,0,141.673387,42.999997
None,ヤチダモ,防風保,None,空知,66,い,14.97,None,長沼町,None,None,山地災害防止（気象）,0,141.655301,43.00635
None,他Ｌ,防風保,None,空知,67,ろ,0.62,None,長沼町,None,None,山地災害防止（気象）,0,141.667345,43.002193
None,ヤチダモ,防風保,None,空知,67,い,2.26,None,長沼町,None,None,山地災害防止（気象）,0,141.66781,43.001687
None,シラカバ,防風保,None,空知,67,ち,0.14,None,長沼町,None,None,山地災害防止（気象）,0,141.66597,43.002665
None,ヤチダモ,防風保,None,空知,67,へ,0.24,None,長沼町,None,None,山地災害防止（気象）,0,141.663955,43.00332
None,ヤチダモ,防風保,None,空知,66,は,0.13,None,長沼町,None,ドイツトウヒ,山地災害防止（気象）,3,141.66099,43.0042
None,ヤチダモ,防風保,None,空知,66,い,14.97,None,長沼町,None,None,山地災害防止（気象）,0,141.662217,43.003868
None,ドイツトウヒ,防風保,None,空知,66,は,0.08,None,長沼町,None,ヤチダモ,山地災害防止（気象）,4,141.661774,43.003793
None,ヤチダモ,防風保,None,空知,66,い,14.97,None,長沼町,None,None,山地災害防止（気象）,0,141.659069,43.004983
None,None,None,None,空知,66,ヌ,0.04,None,長沼町,None,None,山地災害防止（気象）,0,141.658061,43.005043
None,ヤチダモ,防風保,None,空知,66,い,14.97,None,長沼町,None,None,山地災害防止（気象）,0,141.657595,43.004828
None,None,None,None,空知,66,チ,0.02,None,長沼町,None,None,山地災害防止（気象）,0,141.657148,43.004603
None,ヤチダモ,防風保,None,空知,66,い,14.97,None,長沼町,None,None,山地災害防止（気象）,0,141.657154,43.004172
None,ドイツトウヒ,防風保,None,空知,66,は,0.4,None,長沼町,None,ヤチダモ,山地災害防止（気象）,5,141.656869,43.003507
None,ヤチダモ,防風保,None,空知,66,い,14.97,None,長沼町,None,None,山地災害防止（気象）,0,141.656415,43.003315
None,ヤチダモ,防風保,None,空知,66,い,14.97,None,長沼町,None,None,山地災害防止（気象）,0,141.656095,43.002923
None,None,None,None,空知,66,ヘ,0.02,None,長沼町,None,None,山地災害防止（気象）,0,141.656391,43.003069
None,ドイツトウヒ,防風保,None,空知,66,は,0.4,None,長沼町,None,ヤチダモ,山地災害防止（気象）,5,141.656393,43.002782
None,ドイツトウヒ,防風保,None,空知,66,に,0.69,None,長沼町,None,ヤチダモ,山地災害防止（気象）,0,141.655799,43.002073
None,ヤチダモ,防風保,None,空知,66,ろ,0.21,None,長沼町,None,None,山地災害防止（気象）,0,141.655351,43.001879
None,ドイツトウヒ,防風保,None,空知,66,は,0.13,None,長沼町,None,ヤチダモ,山地災害防止（気象）,6,141.654594,43.000415
None,ヤナギ,防風保,None,空知,66,と,0.23,None,長沼町,None,None,山地災害防止（気象）,0,141.654378,43.000451
None,ヤチダモ,防風保,None,空知,66,い,14.97,None,長沼町,None,None,山地災害防止（気象）,0,141.65437,42.999868
None,ヤナギ,防風保,None,空知,66,ほ,0.84,None,長沼町,None,None,山地災害防止（気象）,0,141.654039,42.999958
None,ヤチダモ,防風保,None,空知,66,い,14.97,None,長沼町,None,None,山地災害防止（気象）,0,141.65388,42.999108
None,ヤナギ,防風保,None,空知,66,ほ,0.84,None,長沼町,None,None,山地災害防止（気象）,0,141.653634,42.999361
None,ヤナギ,防風保,None,空知,66,ほ,0.84,None,長沼町,None,None,山地災害防止（気象）,0,141.653248,42.998856
None,None,None,None,空知,66,ヨ,0.02,None,長沼町,None,None,山地災害防止（気象）,0,141.653388,42.998968
None,None,None,None,空知,66,ホ,0.02,None,長沼町,None,None,山地災害防止（気象）,0,141.653155,42.998764
None,ヤナギ,防風保,None,空知,66,ほ,0.84,None,長沼町,None,None,山地災害防止（気象）,0,141.653039,42.998491
None,ヤチダモ,防風保,None,空知,66,い,14.97,None,長沼町,None,None,山地災害防止（気象）,0,141.65331,42.998268
None,ドイツトウヒ,防風保,None,空知,66,は,0.19,None,長沼町,None,ヤチダモ,山地災害防止（気象）,7,141.652669,42.997627
None,ドイツトウヒ,防風保,None,空知,66,は,0.37,None,長沼町,None,ヤチダモ,山地災害防止（気象）,2,141.649627,43.008294
None,ヤチダモ,防風保,None,空知,66,い,14.97,None,長沼町,None,None,山地災害防止（気象）,0,141.651486,43.00776
None,ヤチダモ,防風保,None,空知,66,は,0.14,None,長沼町,None,ドイツトウヒ,山地災害防止（気象）,1,141.646861,43.009276
None,ヤナギ,防風保,None,空知,66,と,0.23,None,長沼町,None,None,山地災害防止（気象）,0,141.65248,42.997663
None,ヤナギ,防風保,None,空知,66,ほ,0.84,None,長沼町,None,None,山地災害防止（気象）,0,141.651972,42.996924
None,ヤナギ,防風保,None,空知,66,ほ,0.84,None,長沼町,None,None,山地災害防止（気象）,0,141.651398,42.99611
None,ヤチダモ,防風保,None,空知,66,い,14.97,None,長沼町,None,None,山地災害防止（気象）,0,141.651744,42.995973
None,ヤチダモ,防風保,None,空知,66,い,14.97,None,長沼町,None,None,山地災害防止（気象）,0,141.650913,42.995468
None,None,防風保,None,空知,66,タ,0.01,None,長沼町,None,None,山地災害防止（気象）,0,141.650879,42.995419
None,None,None,None,空知,66,ニ,0.03,None,長沼町,None,None,山地災害防止（気象）,0,141.651262,42.995399
None,ヤナギ,防風保,None,空知,66,ほ,0.84,None,長沼町,None,None,山地災害防止（気象）,0,141.650846,42.995308
None,他Ｌ,防風保,None,空知,65,ほ,1.6,None,長沼町,None,None,山地災害防止（気象）,0,141.628577,43.007556
None,他Ｌ,防風保,None,空知,65,ほ,1.6,None,長沼町,None,None,山地災害防止（気象）,0,141.627885,43.006527
None,シラカバ,防風保,None,空知,65,る,0.08,None,長沼町,None,None,山地災害防止（気象）,0,141.627722,43.005817
None,ヤチダモ,防風保,None,空知,65,り,0.24,None,長沼町,None,ドイツトウヒ,山地災害防止（気象）,0,141.627284,43.005332
None,シラカバ,防風保,None,空知,65,ぬ,0.24,None,長沼町,None,None,山地災害防止（気象）,0,141.626512,43.004808
None,ヤチダモ,防風保,None,空知,65,ろ,3.9,None,長沼町,None,None,山地災害防止（気象）,0,141.626843,43.005179
None,ヤチダモ,防風保,None,空知,65,へ,1.15,None,長沼町,None,None,山地災害防止（気象）,0,141.625779,43.003397
None,ヤチダモ,防風保,None,空知,65,ろ,3.9,None,長沼町,None,None,山地災害防止（気象）,0,141.624744,43.001871
None,ヤチダモ,防風保,None,空知,65,ろ,3.9,None,長沼町,None,None,山地災害防止（気象）,0,141.62394,43.000659
None,None,None,None,空知,65,イ,0.19,None,長沼町,None,None,山地災害防止（気象）,0,141.622855,42.999073
None,ヤチダモ,防風保,None,空知,65,は,2.35,None,長沼町,None,None,山地災害防止（気象）,0,141.622464,42.998463
None,None,None,None,空知,65,ロ,0.02,None,長沼町,None,None,山地災害防止（気象）,0,141.622145,42.997997
None,ヤチダモ,防風保,None,空知,65,は,2.35,None,長沼町,None,None,山地災害防止（気象）,0,141.62169,42.997323
None,エゾマツ,水涵保,None,空知,4,る,1.44,None,長沼町,他Ｌ,トドマツ,森林空間利用,0,141.745478,42.99452
None,None,None,None,空知,4,イ,0.06,None,長沼町,None,None,森林空間利用,0,141.745354,42.993897
None,トドマツ,水涵保,None,空知,4,ぬ,2.2,None,長沼町,None,None,森林空間利用,0,141.745312,42.992813
None,他Ｌ,水涵保,None,空知,5,い,14.36,None,長沼町,シナノキ,イタヤカエデ,水源涵養,4,141.744443,42.992791
None,トドマツ,水涵保,None,空知,4,に,13.14,None,長沼町,他Ｌ,エゾマツ,森林空間利用,0,141.743507,42.994546
None,他Ｌ,水涵保,None,空知,5,い,3.54,None,長沼町,シナノキ,イタヤカエデ,水源涵養,2,141.743379,42.993886
None,None,水涵保,None,空知,5,ニ,0.26,None,長沼町,None,None,水源涵養,0,141.744639,42.992362
None,トドマツ,水涵保,None,空知,5,へ,2.94,None,長沼町,None,None,水源涵養,0,141.742796,42.992861
None,他Ｌ,水涵保,None,空知,5,い,14.36,None,長沼町,シナノキ,イタヤカエデ,水源涵養,4,141.746593,42.991118
None,トドマツ,水涵保,None,空知,5,は,2.0,None,長沼町,None,None,水源涵養,0,141.742988,42.991857
None,トドマツ,水涵保,None,空知,5,に,12.48,None,長沼町,None,None,水源涵養,0,141.74284,42.989979
None,他Ｌ,水涵保,None,空知,5,い,3.54,None,長沼町,シナノキ,イタヤカエデ,水源涵養,2,141.741676,42.994134
None,ストローブマツ,水涵保,None,空知,5,ほ,8.64,None,長沼町,None,None,水源涵養,0,141.740348,42.992481
None,他Ｌ,水涵保,None,空知,5,い,0.25,None,長沼町,シナノキ,イタヤカエデ,水源涵養,3,141.741061,42.98968
None,他Ｌ,水涵保,None,空知,5,い,6.34,None,長沼町,シナノキ,イタヤカエデ,水源涵養,1,141.737262,42.994074
None,他Ｌ,水涵保,None,空知,5,い,14.36,None,長沼町,シナノキ,イタヤカエデ,水源涵養,4,141.746196,42.989696
None,他Ｌ,水涵保,None,空知,5,い,14.36,None,長沼町,シナノキ,イタヤカエデ,水源涵養,4,141.746052,42.980636
None,他Ｌ,水涵保,None,空知,5,と,22.98,None,長沼町,アカエゾマツ,トドマツ,水源涵養,0,141.744334,42.986895
None,None,水涵保,None,空知,5,イ,0.05,None,長沼町,None,None,水源涵養,0,141.746004,42.979064
None,トドマツ,水涵保,None,空知,5,り,1.24,None,長沼町,None,None,水源涵養,0,141.74496,42.977185
None,None,None,None,空知,6,イ,0.38,None,長沼町,None,None,水源涵養,0,141.74591,42.974242
None,None,水涵保,None,空知,6,ロ,0.01,None,長沼町,None,None,水源涵養,0,141.74604,42.97395
None,トドマツ,水涵保,None,空知,6,と,1.98,None,長沼町,None,None,水源涵養,0,141.74555,42.972116
None,エゾマツ,水涵保,None,空知,6,は,7.89,None,長沼町,None,他Ｌ,水源涵養,0,141.744322,42.970376
None,他Ｌ,水涵保,None,空知,6,い,2.0,None,長沼町,イタヤカエデ,シナノキ,水源涵養,3,141.743414,42.969561
None,トドマツ,水涵保,None,空知,6,に,1.85,None,長沼町,None,他Ｌ,水源涵養,0,141.74511,42.966504
None,エゾマツ,水涵保,None,空知,6,よ,2.55,None,長沼町,None,None,水源涵養,0,141.745263,42.965339
None,トドマツ,水涵保,None,空知,7,ち,3.07,None,長沼町,None,None,水源涵養,0,141.74532,42.963012
None,カラマツ,水涵保,None,空知,6,ほ,10.16,None,長沼町,None,他Ｌ,水源涵養,0,141.740799,42.964836
None,他Ｌ,水涵保,None,空知,7,い,4.67,None,長沼町,シナノキ,イタヤカエデ,水源涵養,2,141.741995,42.962987
None,他Ｌ,水涵保,None,空知,6,い,17.18,None,長沼町,イタヤカエデ,シナノキ,水源涵養,2,141.740158,42.962933
None,ドロノキ,水涵保,None,空知,7,と,1.0,None,長沼町,None,None,水源涵養,0,141.745374,42.961934
None,トドマツ,水涵保,None,空知,7,へ,2.1,None,長沼町,None,None,水源涵養,0,141.746834,42.961006
None,トドマツ,水涵保,None,空知,8,ら,4.34,None,長沼町,None,None,水源涵養,0,141.745308,42.957922
None,トドマツ,水涵保,None,空知,7,ほ,1.93,None,長沼町,None,None,水源涵養,0,141.745028,42.959828
None,トドマツ,水涵保,None,空知,8,な,3.08,None,長沼町,None,None,水源涵養,0,141.743717,42.958087
None,トドマツ,水涵保,None,空知,8,ね,2.08,None,長沼町,None,None,水源涵養,0,141.742427,42.958248
None,トドマツ,水涵保,None,空知,7,は,4.58,None,長沼町,None,None,水源涵養,2,141.741581,42.961602
None,トドマツ,水涵保,None,空知,7,は,3.43,None,長沼町,None,None,水源涵養,1,141.740537,42.960316
None,他Ｌ,水涵保,None,空知,7,い,2.85,None,長沼町,シナノキ,イタヤカエデ,水源涵養,1,141.740798,42.959075
None,トドマツ,水涵保,None,空知,8,ね,2.08,None,長沼町,None,None,水源涵養,0,141.7416,42.958229
None,他Ｌ,水涵保,None,空知,8,い,23.16,None,長沼町,シナノキ,イタヤカエデ,水源涵養,1,141.739263,42.956666
None,他Ｌ,水涵保,None,空知,7,い,1.3,None,長沼町,シナノキ,イタヤカエデ,水源涵養,3,141.739079,42.958628
None,他Ｌ,水涵保,None,空知,8,い,23.16,None,長沼町,シナノキ,イタヤカエデ,水源涵養,1,141.753321,42.957864
None,ドイツトウヒ,水涵保,None,空知,8,む,2.58,None,長沼町,None,None,水源涵養,0,141.745221,42.955877
None,トドマツ,水涵保,None,空知,8,は,7.14,None,長沼町,None,None,水源涵養,0,141.745208,42.954692
None,トドマツ,水涵保,None,空知,8,な,3.08,None,長沼町,None,None,水源涵養,0,141.742298,42.955856
None,ヤチダモ,水涵保,None,空知,8,に,3.97,None,長沼町,None,None,水源涵養,0,141.744373,42.953115
None,トドマツ,水涵保,None,空知,8,つ,3.03,None,長沼町,None,None,水源涵養,0,141.741629,42.956803
None,トドマツ,水涵保,None,空知,8,つ,3.03,None,長沼町,None,None,水源涵養,0,141.739808,42.955592
None,トドマツ,水涵保,None,空知,8,よ,6.78,None,長沼町,None,None,水源涵養,0,141.73995,42.954111
None,他Ｌ,水涵保,None,空知,8,い,6.85,None,長沼町,シナノキ,イタヤカエデ,水源涵養,3,141.740582,42.954037
None,トドマツ,水涵保,None,空知,8,た,8.79,None,長沼町,None,None,水源涵養,0,141.74261,42.95444
None,トドマツ,水涵保,None,空知,8,そ,1.86,None,長沼町,None,None,水源涵養,0,141.741419,42.951952
None,カラマツ,水涵保,None,空知,8,ま,4.5,None,長沼町,None,None,水源涵養,0,141.738658,42.954056
None,トドマツ,水涵保,None,空知,8,た,8.79,None,長沼町,None,None,水源涵養,0,141.738945,42.95197
None,他Ｌ,水涵保,None,空知,7,い,1.3,None,長沼町,シナノキ,イタヤカエデ,水源涵養,3,141.736401,42.95749
None,トドマツ,水涵保,None,空知,8,ろ,1.77,None,長沼町,None,None,水源涵養,2,141.737597,42.955416
None,トドマツ,水涵保,None,空知,8,ろ,9.9,None,長沼町,None,None,水源涵養,1,141.737222,42.956119
None,トドマツ,水涵保,None,空知,8,お,0.62,None,長沼町,None,None,水源涵養,0,141.736732,42.954748
None,カラマツ,水涵保,None,空知,7,ろ,7.44,None,長沼町,None,None,水源涵養,0,141.73323,42.955776
None,トドマツ,水涵保,None,空知,8,ろ,1.77,None,長沼町,None,None,水源涵養,2,141.735952,42.95501
None,トドマツ,水涵保,None,空知,7,に,0.38,None,長沼町,None,None,水源涵養,0,141.73471,42.955631
None,他Ｌ,水涵保,None,空知,8,い,6.85,None,長沼町,シナノキ,イタヤカエデ,水源涵養,3,141.737742,42.952556
None,トドマツ,水涵保,None,空知,8,お,0.62,None,長沼町,None,None,水源涵養,0,141.735853,42.953813
None,トドマツ,水涵保,None,空知,8,よ,6.78,None,長沼町,None,None,水源涵養,0,141.736555,42.953045
None,他Ｌ,水涵保,None,空知,7,い,1.3,None,長沼町,シナノキ,イタヤカエデ,水源涵養,3,141.731959,42.956157
None,トドマツ,水涵保,None,空知,8,ろ,9.9,None,長沼町,None,None,水源涵養,1,141.73361,42.954044
None,トドマツ,水涵保,None,空知,8,ろ,1.77,None,長沼町,None,None,水源涵養,2,141.734246,42.952906
None,ウダイカンバ,水涵保,None,空知,8,と,1.85,None,長沼町,None,None,水源涵養,0,141.732609,42.952932
None,None,None,None,空知,69,ヘ,0.02,None,長沼町,None,None,山地災害防止（気象）,0,141.692354,42.992793
None,ヤチダモ,防風保,None,空知,69,に,1.73,None,長沼町,None,None,山地災害防止（気象）,0,141.69086,42.993334
None,None,None,None,空知,69,ホ,0.02,None,長沼町,None,None,山地災害防止（気象）,0,141.6889,42.993838
None,他Ｌ,水涵保,None,空知,9,い,16.49,None,長沼町,シナノキ,イタヤカエデ,水源涵養,3,141.745006,42.951423
None,ストローブマツ,水涵保,None,空知,9,ほ,3.13,None,長沼町,None,None,水源涵養,0,141.745962,42.950176
None,トドマツ,水涵保,None,空知,9,れ,0.77,None,長沼町,None,None,水源涵養,0,141.744708,42.949756
None,他Ｎ,水涵保,None,空知,9,た,6.1,None,長沼町,None,None,水源涵養,0,141.743909,42.948365
None,アカエゾマツ,水涵保,None,空知,8,や,1.96,None,長沼町,None,None,水源涵養,0,141.740482,42.951077
None,他Ｌ,水涵保,None,空知,8,い,3.06,None,長沼町,シナノキ,イタヤカエデ,水源涵養,2,141.740258,42.949864
None,カラマツ,水涵保,None,空知,8,れ,3.04,None,長沼町,None,None,水源涵養,0,141.739504,42.949717
None,他Ｌ,水涵保,None,空知,8,い,3.06,None,長沼町,シナノキ,イタヤカエデ,水源涵養,2,141.739148,42.950398
None,トドマツ,水涵保,None,空知,8,ほ,4.93,None,長沼町,None,None,水源涵養,0,141.738708,42.950198
None,トドマツ,水涵保,None,空知,9,よ,5.8,None,長沼町,None,他Ｌ,水源涵養,0,141.741866,42.948343
None,他Ｌ,水涵保,None,空知,8,い,3.06,None,長沼町,シナノキ,イタヤカエデ,水源涵養,2,141.7404,42.947797
None,他Ｌ,水涵保,None,空知,8,い,6.85,None,長沼町,シナノキ,イタヤカエデ,水源涵養,3,141.740708,42.947326
None,他Ｌ,水涵保,None,空知,9,い,16.49,None,長沼町,シナノキ,イタヤカエデ,水源涵養,3,141.741267,42.94668
None,None,水涵保,None,空知,8,イ,1.67,None,長沼町,None,None,水源涵養,1,141.740077,42.952024
None,カラマツ,水涵保,None,空知,8,れ,3.04,None,長沼町,None,None,水源涵養,0,141.73885,42.949114
None,他Ｌ,水涵保,None,空知,8,い,3.06,None,長沼町,シナノキ,イタヤカエデ,水源涵養,2,141.739352,42.948089
None,トドマツ,水涵保,None,空知,8,へ,2.17,None,長沼町,他Ｌ,カラマツ,水源涵養,0,141.739008,42.947307
None,トドマツ,水涵保,None,空知,9,ら,7.37,None,長沼町,他Ｌ,カラマツ,水源涵養,0,141.746099,42.946334
None,カラマツ,水涵保,None,空知,9,わ,6.93,None,長沼町,他Ｌ,トドマツ,水源涵養,0,141.742199,42.945596
None,カラマツ,水涵保,None,空知,9,わ,6.93,None,長沼町,他Ｌ,トドマツ,水源涵養,0,141.742109,42.944256
None,他Ｌ,水涵保,None,空知,9,い,16.49,None,長沼町,シナノキ,イタヤカエデ,水源涵養,3,141.745423,42.943511
None,None,None,None,空知,9,イ,0.5,None,長沼町,None,None,水源涵養,0,141.744678,42.943424
None,他Ｌ,水涵保,None,空知,8,い,6.85,None,長沼町,シナノキ,イタヤカエデ,水源涵養,3,141.740662,42.945615
None,他Ｌ,水涵保,None,空知,9,い,16.49,None,長沼町,シナノキ,イタヤカエデ,水源涵養,3,141.741385,42.943957
None,他Ｌ,水涵保,None,空知,8,い,6.85,None,長沼町,シナノキ,イタヤカエデ,水源涵養,3,141.740755,42.944164
None,トドマツ,水涵保,None,空知,8,わ,5.4,None,長沼町,None,None,水源涵養,0,141.739998,42.946054
None,トドマツ,水涵保,None,空知,8,わ,5.4,None,長沼町,None,None,水源涵養,0,141.739383,42.944332
None,ウダイカンバ,水涵保,None,空知,9,る,1.5,None,長沼町,None,None,水源涵養,0,141.741393,42.943508
None,ウダイカンバ,水涵保,None,空知,8,ふ,5.48,None,長沼町,None,None,水源涵養,0,141.739405,42.943186
None,他Ｌ,水涵保,None,空知,8,い,6.85,None,長沼町,シナノキ,イタヤカエデ,水源涵養,3,141.739485,42.943377
None,None,水涵保,None,空知,8,イ,0.2,None,長沼町,None,None,水源涵養,2,141.737538,42.949108
None,トドマツ,水涵保,None,空知,8,ほ,4.93,None,長沼町,None,None,水源涵養,0,141.736989,42.949923
None,トドマツ,水涵保,None,空知,8,ほ,4.93,None,長沼町,None,None,水源涵養,0,141.738051,42.948965
None,ストローブマツ,水涵保,None,空知,8,か,8.29,None,長沼町,None,None,水源涵養,0,141.733787,42.950668
None,他Ｌ,水涵保,None,空知,8,い,6.85,None,長沼町,シナノキ,イタヤカエデ,水源涵養,3,141.737537,42.943553
None,カラマツ,水涵保,None,空知,8,る,4.22,None,長沼町,他Ｌ,トドマツ,水源涵養,0,141.734423,42.94302
None,他Ｌ,水涵保,None,空知,8,い,6.85,None,長沼町,シナノキ,イタヤカエデ,水源涵養,3,141.729714,42.94532
None,カラマツ,水涵保,None,空知,8,る,4.22,None,長沼町,他Ｌ,トドマツ,水源涵養,0,141.733291,42.943635
None,None,水涵保,None,空知,8,イ,0.2,None,長沼町,None,None,水源涵養,2,141.733384,42.943483
None,トドマツ,水涵保,None,空知,8,ぬ,4.95,None,長沼町,トドマツ,エゾマツ,水源涵養,0,141.732781,42.94253
None,トドマツ,水涵保,None,空知,8,り,6.35,None,長沼町,他Ｌ,カラマツ,水源涵養,0,141.730049,42.944041
None,トドマツ,水涵保,None,空知,8,こ,0.62,None,長沼町,None,None,水源涵養,0,141.730599,42.941818
None,カラマツ,水涵保,None,空知,8,ち,4.21,None,長沼町,None,他Ｌ,水源涵養,0,141.728955,42.941093
None,ウダイカンバ,水涵保,None,空知,8,ふ,5.48,None,長沼町,None,None,水源涵養,0,141.734857,42.942215
None,ヤチダモ,防風保,None,空知,69,い,6.37,None,長沼町,None,None,山地災害防止（気象）,0,141.682853,42.994373
None,ヤチダモ,防風保,None,空知,69,は,0.94,None,長沼町,None,None,山地災害防止（気象）,1,141.682578,42.994447
None,None,None,None,空知,69,チ,0.03,None,長沼町,None,None,山地災害防止（気象）,0,141.68221,42.994026
None,ヤチダモ,防風保,None,空知,69,は,0.94,None,長沼町,None,None,山地災害防止（気象）,1,141.682048,42.993679
None,ヤチダモ,防風保,None,空知,69,い,6.37,None,長沼町,None,None,山地災害防止（気象）,0,141.681354,42.992602
None,ヤナギ,防風保,None,空知,69,と,1.27,None,長沼町,None,None,山地災害防止（気象）,0,141.681203,42.993021
None,ヤナギ,防風保,None,空知,69,と,1.27,None,長沼町,None,None,山地災害防止（気象）,0,141.679545,42.990581
None,ヤチダモ,防風保,None,空知,69,い,6.37,None,長沼町,None,None,山地災害防止（気象）,0,141.679838,42.990365
None,None,None,None,空知,69,リ,0.03,None,長沼町,None,None,山地災害防止（気象）,0,141.678844,42.989077
None,ヤチダモ,防風保,None,空知,69,い,6.37,None,長沼町,None,None,山地災害防止（気象）,0,141.678829,42.988898
None,ヤナギ,防風保,None,空知,69,と,1.27,None,長沼町,None,None,山地災害防止（気象）,0,141.678488,42.989027
None,他Ｌ,防風保,None,空知,68,い,2.07,None,長沼町,None,None,山地災害防止（気象）,0,141.675521,42.984183
None,None,None,None,空知,68,ロ,0.03,None,長沼町,None,None,山地災害防止（気象）,0,141.675448,42.984072
None,他Ｌ,防風保,None,空知,68,い,2.07,None,長沼町,None,None,山地災害防止（気象）,0,141.675192,42.983689
None,他Ｌ,防風保,None,空知,68,い,2.07,None,長沼町,None,None,山地災害防止（気象）,0,141.674047,42.982005
None,ヤチダモ,防風保,None,空知,68,ろ,3.41,None,長沼町,None,None,山地災害防止（気象）,0,141.673574,42.981238
None,None,None,None,空知,68,イ,0.03,None,長沼町,None,None,山地災害防止（気象）,0,141.673682,42.981037
None,ヤチダモ,防風保,None,空知,68,ろ,3.41,None,長沼町,None,None,山地災害防止（気象）,0,141.672835,42.980217
None,None,None,None,空知,68,ハ,0.03,None,長沼町,None,None,山地災害防止（気象）,0,141.672285,42.979819
None,ヤチダモ,防風保,None,空知,68,ろ,3.41,None,長沼町,None,None,山地災害防止（気象）,0,141.671812,42.97871
None,ヤチダモ,防風保,None,空知,68,ろ,3.41,None,長沼町,None,None,山地災害防止（気象）,0,141.670895,42.977355
None,ヤチダモ,防風保,None,空知,63,は,1.81,None,長沼町,None,None,山地災害防止（気象）,0,141.667683,42.972746
None,None,None,None,空知,63,ン,0.03,None,長沼町,None,None,山地災害防止（気象）,0,141.667616,42.972465
None,ヤチダモ,防風保,None,空知,63,は,1.81,None,長沼町,None,None,山地災害防止（気象）,0,141.66741,42.972162
None,None,None,None,空知,63,ヌ,0.03,None,長沼町,None,None,山地災害防止（気象）,0,141.667196,42.971861
None,ヤチダモ,防風保,None,空知,63,は,1.81,None,長沼町,None,None,山地災害防止（気象）,0,141.666959,42.971636
None,ヤチダモ,防風保,None,空知,63,に,0.5,None,長沼町,None,None,山地災害防止（気象）,0,141.666787,42.970828
None,None,None,None,空知,63,ト,0.02,None,長沼町,None,None,山地災害防止（気象）,0,141.666428,42.970755
None,ハンノキ,防風保,None,空知,63,れ,0.22,None,長沼町,None,None,山地災害防止（気象）,0,141.66614,42.970633
None,ヤチダモ,防風保,None,空知,63,は,1.81,None,長沼町,None,None,山地災害防止（気象）,0,141.666064,42.970762
None,ヤチダモ,防風保,None,空知,63,に,0.5,None,長沼町,None,None,山地災害防止（気象）,0,141.666548,42.970482
None,ヤチダモ,防風保,None,空知,63,は,1.81,None,長沼町,None,None,山地災害防止（気象）,0,141.666361,42.970633
None,ヤチダモ,防風保,None,空知,63,は,1.81,None,長沼町,None,None,山地災害防止（気象）,0,141.665534,42.969967
None,ヤチダモ,防風保,None,空知,63,に,0.5,None,長沼町,None,None,山地災害防止（気象）,0,141.665773,42.969381
None,ヤチダモ,防風保,None,空知,63,は,1.81,None,長沼町,None,None,山地災害防止（気象）,0,141.666073,42.970251
None,ハンノキ,防風保,None,空知,63,れ,0.22,None,長沼町,None,None,山地災害防止（気象）,0,141.66561,42.969887
None,ヤチダモ,防風保,None,空知,62,に,0.87,None,長沼町,None,None,山地災害防止（気象）,0,141.662734,42.965285
None,None,防風保,None,空知,62,ニ,0.31,None,長沼町,None,None,山地災害防止（気象）,0,141.662527,42.965436
None,ヤチダモ,防風保,None,空知,62,は,0.16,None,長沼町,None,None,山地災害防止（気象）,0,141.663013,42.965166
None,ヤチダモ,防風保,None,空知,62,ろ,2.83,None,長沼町,None,None,山地災害防止（気象）,0,141.660982,42.962547
None,None,防風保,None,空知,62,ニ,0.31,None,長沼町,None,None,山地災害防止（気象）,0,141.660739,42.962782
None,ヤチダモ,防風保,None,空知,62,ろ,2.83,None,長沼町,None,None,山地災害防止（気象）,0,141.659485,42.960357
None,None,防風保,None,空知,62,ニ,0.31,None,長沼町,None,None,山地災害防止（気象）,0,141.659022,42.960258
None,None,None,None,空知,62,ハ,0.15,None,長沼町,None,None,山地災害防止（気象）,0,141.655972,42.954667
None,ヤチダモ,防風保,None,空知,62,い,2.88,None,長沼町,None,None,山地災害防止（気象）,0,141.655606,42.954774
None,None,None,None,空知,62,ロ,0.03,None,長沼町,None,None,山地災害防止（気象）,0,141.655349,42.954321
None,None,None,None,空知,62,ハ,0.15,None,長沼町,None,None,山地災害防止（気象）,0,141.655627,42.954162
None,ヤチダモ,防風保,None,空知,62,い,2.88,None,長沼町,None,None,山地災害防止（気象）,0,141.655079,42.953979
None,None,None,None,空知,62,イ,0.03,None,長沼町,None,None,山地災害防止（気象）,0,141.654877,42.953618
None,ヤチダモ,防風保,None,空知,62,い,2.88,None,長沼町,None,None,山地災害防止（気象）,0,141.653552,42.951632
None,ヤチダモ,防風保,None,空知,66,い,14.97,None,長沼町,None,None,山地災害防止（気象）,0,141.65072,42.99448
None,ヤチダモ,防風保,None,空知,66,い,14.97,None,長沼町,None,None,山地災害防止（気象）,0,141.649752,42.99306
None,ヤナギ,防風保,None,空知,66,ほ,0.84,None,長沼町,None,None,山地災害防止（気象）,0,141.649375,42.993149
None,None,None,None,空知,66,ハ,0.03,None,長沼町,None,None,山地災害防止（気象）,0,141.649314,42.992576
None,ヤチダモ,防風保,None,空知,66,い,14.97,None,長沼町,None,None,山地災害防止（気象）,0,141.649357,42.992333
None,ヤナギ,防風保,None,空知,66,ほ,0.84,None,長沼町,None,None,山地災害防止（気象）,0,141.64895,42.992533
None,ヤチダモ,防風保,None,空知,66,い,14.97,None,長沼町,None,None,山地災害防止（気象）,0,141.648635,42.991549
None,ドイツトウヒ,防風保,None,空知,66,は,0.3,None,長沼町,None,ヤチダモ,山地災害防止（気象）,8,141.648087,42.990743
None,None,None,None,空知,64,ホ,0.01,None,長沼町,None,None,山地災害防止（気象）,0,141.643925,42.984505
None,ヤチダモ,防風保,None,空知,64,ほ,0.3,None,長沼町,None,None,山地災害防止（気象）,1,141.643793,42.984094
None,ヤチダモ,防風保,None,空知,64,い,0.68,None,長沼町,None,None,山地災害防止（気象）,0,141.643591,42.984436
None,ヤチダモ,防風保,None,空知,64,い,0.68,None,長沼町,None,None,山地災害防止（気象）,0,141.643323,42.983686
None,ヤチダモ,防風保,None,空知,64,い,0.68,None,長沼町,None,None,山地災害防止（気象）,0,141.643081,42.983116
None,ヤチダモ,防風保,None,空知,64,ほ,0.15,None,長沼町,None,None,山地災害防止（気象）,2,141.642913,42.983364
None,ハンノキ,防風保,None,空知,64,ち,0.09,None,長沼町,None,None,山地災害防止（気象）,0,141.642933,42.982756
None,ヤチダモ,防風保,None,空知,64,ろ,3.07,None,長沼町,None,None,山地災害防止（気象）,0,141.641694,42.981263
None,None,None,None,空知,64,ハ,0.02,None,長沼町,None,None,山地災害防止（気象）,0,141.641433,42.980372
None,ヤチダモ,防風保,None,空知,64,ろ,3.07,None,長沼町,None,None,山地災害防止（気象）,0,141.641006,42.980251
None,ヤチダモ,防風保,None,空知,64,ろ,3.07,None,長沼町,None,None,山地災害防止（気象）,0,141.640322,42.979244
None,ヤチダモ,防風保,None,空知,65,は,2.35,None,長沼町,None,None,山地災害防止（気象）,0,141.620945,42.996233
None,シラカバ,防風保,None,空知,65,か,0.2,None,長沼町,None,None,山地災害防止（気象）,0,141.620691,42.995539
None,ヤチダモ,防風保,None,空知,65,に,1.85,None,長沼町,None,None,山地災害防止（気象）,0,141.620042,42.994873
None,None,None,None,空知,65,ハ,0.02,None,長沼町,None,None,山地災害防止（気象）,0,141.6197,42.99439
None,シラカバ,防風保,None,空知,65,わ,0.3,None,長沼町,None,None,山地災害防止（気象）,0,141.618729,42.993332
None,ヤチダモ,防風保,None,空知,65,に,1.85,None,長沼町,None,None,山地災害防止（気象）,0,141.618362,42.992447
None,ヤチダモ,防風保,None,空知,65,に,1.85,None,長沼町,None,None,山地災害防止（気象）,0,141.617628,42.991363
None,ヤチダモ,防風保,None,空知,65,い,0.59,None,長沼町,None,他Ｌ,山地災害防止（気象）,0,141.616289,42.989407
None,ヤチダモ,防風保,None,空知,65,と,1.1,None,長沼町,None,他Ｌ,山地災害防止（気象）,0,141.615551,42.988322
None,ヤチダモ,防風保,None,空知,65,ち,0.69,None,長沼町,None,None,山地災害防止（気象）,0,141.614572,42.986881
None,ヤチダモ,防風保,None,空知,65,い,0.59,None,長沼町,None,他Ｌ,山地災害防止（気象）,0,141.614232,42.986299
