小字名,市区町村名,地番,center_lng,center_lat
字松江,奥尻郡奥尻町,21-13,139.473539,42.072067
字松江,奥尻郡奥尻町,21-14,139.473756,42.072039
字松江,奥尻郡奥尻町,21-15,139.47397,42.072012
字松江,奥尻郡奥尻町,21-16,139.474284,42.071968
字松江,奥尻郡奥尻町,21-18,139.474715,42.071905
字松江,奥尻郡奥尻町,21-17,139.474499,42.071937
字松江,奥尻郡奥尻町,21-28,139.474778,42.072141
字松江,奥尻郡奥尻町,21-27,139.474561,42.072173
字松江,奥尻郡奥尻町,21-26,139.474348,42.072204
字松江,奥尻郡奥尻町,21-25,139.474034,42.072248
字松江,奥尻郡奥尻町,21-24,139.473818,42.072275
字松江,奥尻郡奥尻町,21-23,139.473602,42.072303
字松江,奥尻郡奥尻町,21-22,139.473388,42.07233
字松江,奥尻郡奥尻町,21-21,139.473104,42.072372
字松江,奥尻郡奥尻町,21-29,139.473188,42.072234
字松江,奥尻郡奥尻町,21-11,139.473009,42.072139
字松江,奥尻郡奥尻町,21-10,139.472796,42.072173
字松江,奥尻郡奥尻町,21-9,139.472581,42.072208
字松江,奥尻郡奥尻町,21-20,139.472866,42.072383
字松江,奥尻郡奥尻町,21-19,139.472558,42.072432
字松江,奥尻郡奥尻町,21-1,139.474508,42.072532
字松江,奥尻郡奥尻町,21-6,139.471943,42.07231
字松江,奥尻郡奥尻町,21-7,139.47215,42.072276
字松江,奥尻郡奥尻町,21-8,139.472366,42.072242
字松江,奥尻郡奥尻町,21-31,139.472162,42.072147
字松江,奥尻郡奥尻町,21-5,139.471742,42.072333
字松江,奥尻郡奥尻町,21-4,139.471517,42.072345
字松江,奥尻郡奥尻町,21-32,139.471585,42.072241
字松江,奥尻郡奥尻町,21-30,139.472593,42.072108
字松江,奥尻郡奥尻町,21-12,139.473323,42.072094
字松江,奥尻郡奥尻町,21-3,139.471296,42.072353
字米岡,奥尻郡奥尻町,15-30,139.448447,42.066703
字米岡,奥尻郡奥尻町,15-29,139.448617,42.066613
字米岡,奥尻郡奥尻町,15-34,139.448769,42.066775
字米岡,奥尻郡奥尻町,15-31,139.447889,42.066522
字米岡,奥尻郡奥尻町,15-32,139.447792,42.066421
字米岡,奥尻郡奥尻町,15-33,139.447693,42.066321
字米岡,奥尻郡奥尻町,15-12,139.44804,42.066281
字米岡,奥尻郡奥尻町,15-24,139.448291,42.06654
字米岡,奥尻郡奥尻町,15-25,139.448196,42.066442
字米岡,奥尻郡奥尻町,15-23,139.448461,42.06645
字米岡,奥尻郡奥尻町,15-20,139.44863,42.066359
字米岡,奥尻郡奥尻町,15-35,139.449143,42.066198
字米岡,奥尻郡奥尻町,15-22,139.448365,42.06635
字米岡,奥尻郡奥尻町,15-11,139.44821,42.06619
字米岡,奥尻郡奥尻町,15-21,139.448534,42.06626
字米岡,奥尻郡奥尻町,15-36,139.448558,42.066125
字米岡,奥尻郡奥尻町,15-7,139.448547,42.066009
字米岡,奥尻郡奥尻町,15-8,139.448379,42.066099
字米岡,奥尻郡奥尻町,15-9,139.448283,42.066001
字米岡,奥尻郡奥尻町,15-10,139.448114,42.066092
字米岡,奥尻郡奥尻町,15-13,139.447945,42.066183
字米岡,奥尻郡奥尻町,15-38,139.448133,42.065959
字米岡,奥尻郡奥尻町,15-40,139.448148,42.065568
字青苗,奥尻郡奥尻町,350-2,139.448637,42.065748
字米岡,奥尻郡奥尻町,15-5,139.448595,42.065834
字米岡,奥尻郡奥尻町,15-6,139.448452,42.06591
字米岡,奥尻郡奥尻町,15-4,139.448716,42.065918
字米岡,奥尻郡奥尻町,15-14,139.449122,42.065966
字米岡,奥尻郡奥尻町,15-2,139.448948,42.065794
字青苗,奥尻郡奥尻町,350-4,139.449044,42.065742
字米岡,奥尻郡奥尻町,15-3,139.448845,42.065724
字米岡,奥尻郡奥尻町,15-37,139.448816,42.06582
字青苗,奥尻郡奥尻町,350-21,139.448736,42.065703
字青苗,奥尻郡奥尻町,350-3,139.448943,42.06564
字青苗,奥尻郡奥尻町,350-22,139.448959,42.065356
字青苗,奥尻郡奥尻町,350-20,139.448903,42.065547
字青苗,奥尻郡奥尻町,350-6,139.449085,42.065571
字青苗,奥尻郡奥尻町,350-5,139.44918,42.06567
字青苗,奥尻郡奥尻町,350-7,139.449281,42.065465
字青苗,奥尻郡奥尻町,350-8,139.449377,42.065564
字青苗,奥尻郡奥尻町,350-9,139.449572,42.065459
字青苗,奥尻郡奥尻町,350-19,139.449456,42.065644
字青苗,奥尻郡奥尻町,350-12,139.44966,42.065676
字青苗,奥尻郡奥尻町,350-13,139.449525,42.065748
字青苗,奥尻郡奥尻町,350-14,139.449391,42.06582
字青苗,奥尻郡奥尻町,350-15,139.449257,42.065892
字青苗,奥尻郡奥尻町,350-16,139.449131,42.065874
字米岡,奥尻郡奥尻町,15-15,139.449217,42.066079
字青苗,奥尻郡奥尻町,350-17,139.449318,42.066055
字米岡,奥尻郡奥尻町,15-17,139.448873,42.066079
字米岡,奥尻郡奥尻町,15-18,139.448703,42.066169
字米岡,奥尻郡奥尻町,15-19,139.448799,42.066268
字米岡,奥尻郡奥尻町,15-16,139.448968,42.066177
字米岡,奥尻郡奥尻町,15-26,139.449127,42.066339
字米岡,奥尻郡奥尻町,15-28,139.448787,42.066521
字米岡,奥尻郡奥尻町,15-27,139.448957,42.066431
字青苗,奥尻郡奥尻町,274-63,139.451546,42.06576
字青苗,奥尻郡奥尻町,274-62,139.45144,42.06578
字青苗,奥尻郡奥尻町,274-51,139.45151,42.065689
字青苗,奥尻郡奥尻町,274-50,139.451424,42.065579
字青苗,奥尻郡奥尻町,274-49,139.451336,42.06547
字青苗,奥尻郡奥尻町,350-18,139.449574,42.066031
字青苗,奥尻郡奥尻町,350-11,139.449794,42.065604
字青苗,奥尻郡奥尻町,357-4,139.450398,42.064999
字青苗,奥尻郡奥尻町,357-2,139.450629,42.064945
字青苗,奥尻郡奥尻町,357-3,139.45043,42.06512
字青苗,奥尻郡奥尻町,357-1,139.450469,42.065679
字青苗,奥尻郡奥尻町,274-48,139.451249,42.065361
字青苗,奥尻郡奥尻町,274-47,139.451162,42.065252
字青苗,奥尻郡奥尻町,274-46,139.451074,42.065142
字青苗,奥尻郡奥尻町,274-45,139.450974,42.065039
字青苗,奥尻郡奥尻町,274-44,139.450944,42.064914
字青苗,奥尻郡奥尻町,274-43,139.450866,42.06482
字青苗,奥尻郡奥尻町,274-42,139.450787,42.064728
字青苗,奥尻郡奥尻町,274-41,139.450657,42.064655
字青苗,奥尻郡奥尻町,274-64,139.450405,42.064452
字青苗,奥尻郡奥尻町,274-37,139.450196,42.064394
字青苗,奥尻郡奥尻町,274-58,139.450373,42.064422
字青苗,奥尻郡奥尻町,274-59,139.450324,42.064547
字青苗,奥尻郡奥尻町,357-6,139.450342,42.064601
字青苗,奥尻郡奥尻町,274-39,139.450536,42.064452
字青苗,奥尻郡奥尻町,274-40,139.45063,42.064539
字青苗,奥尻郡奥尻町,340-1,139.450403,42.064623
字青苗,奥尻郡奥尻町,340-3,139.450443,42.064869
字青苗,奥尻郡奥尻町,340-2,139.450424,42.064746
字青苗,奥尻郡奥尻町,357-5,139.450253,42.064626
字青苗,奥尻郡奥尻町,274-61,139.450144,42.064601
字青苗,奥尻郡奥尻町,325-3,139.450076,42.064527
字青苗,奥尻郡奥尻町,325-2,139.450032,42.064447
字青苗,奥尻郡奥尻町,323-8,139.449953,42.064336
字青苗,奥尻郡奥尻町,350-1,139.449396,42.064979
字青苗,奥尻郡奥尻町,350-10,139.449477,42.065361
字青苗,奥尻郡奥尻町,350-23,139.449077,42.06518
字米岡,奥尻郡奥尻町,3-5,139.446007,42.064404
字青苗,奥尻郡奥尻町,442-27,139.445901,42.064355
字米岡,奥尻郡奥尻町,3-8,139.44607,42.064333
字青苗,奥尻郡奥尻町,442-28,139.445861,42.064384
字米岡,奥尻郡奥尻町,3-10,139.445816,42.064414
字米岡,奥尻郡奥尻町,3-4,139.445753,42.064444
字米岡,奥尻郡奥尻町,3-2,139.445836,42.064454
字米岡,奥尻郡奥尻町,1-15,139.445972,42.06453
字米岡,奥尻郡奥尻町,1-16,139.446084,42.064641
字米岡,奥尻郡奥尻町,1-14,139.44597,42.064661
字米岡,奥尻郡奥尻町,1-12,139.445804,42.064777
字米岡,奥尻郡奥尻町,1-13,139.445969,42.064791
字米岡,奥尻郡奥尻町,32-1,139.446153,42.064759
字米岡,奥尻郡奥尻町,31-1,139.446184,42.06502
字米岡,奥尻郡奥尻町,32-6,139.445758,42.064978
字米岡,奥尻郡奥尻町,31-2,139.445946,42.064943
字米岡,奥尻郡奥尻町,1-9,139.445845,42.065087
字米岡,奥尻郡奥尻町,1-10,139.44589,42.065179
字米岡,奥尻郡奥尻町,1-8,139.445756,42.065211
字米岡,奥尻郡奥尻町,1-7,139.44591,42.065276
字米岡,奥尻郡奥尻町,1-4,139.445584,42.065251
字米岡,奥尻郡奥尻町,1-6,139.446066,42.06534
字米岡,奥尻郡奥尻町,33-1,139.446377,42.06542
字米岡,奥尻郡奥尻町,33-11,139.446222,42.065404
字米岡,奥尻郡奥尻町,15-1,139.447077,42.066041
字米岡,奥尻郡奥尻町,15-39,139.447303,42.066406
字米岡,奥尻郡奥尻町,1-18,139.445995,42.065734
字米岡,奥尻郡奥尻町,34-16,139.446128,42.065821
字米岡,奥尻郡奥尻町,34-14,139.446017,42.065863
字米岡,奥尻郡奥尻町,1-5,139.446372,42.065535
字米岡,奥尻郡奥尻町,33-12,139.446103,42.065453
字米岡,奥尻郡奥尻町,1-19,139.446086,42.065613
字米岡,奥尻郡奥尻町,1-17,139.446222,42.065657
字米岡,奥尻郡奥尻町,1-21,139.445836,42.065669
字米岡,奥尻郡奥尻町,1-20,139.445927,42.065547
字米岡,奥尻郡奥尻町,1-23,139.445768,42.065482
字米岡,奥尻郡奥尻町,1-25,139.445503,42.065533
字米岡,奥尻郡奥尻町,1-22,139.445677,42.065605
字米岡,奥尻郡奥尻町,1-36,139.445268,42.065636
字米岡,奥尻郡奥尻町,1-38,139.444774,42.065483
字米岡,奥尻郡奥尻町,1-37,139.444933,42.065548
字米岡,奥尻郡奥尻町,34-7,139.445301,42.0663
字米岡,奥尻郡奥尻町,1-34,139.444692,42.065046
字米岡,奥尻郡奥尻町,1-35,139.444588,42.06516
字米岡,奥尻郡奥尻町,1-40,139.444457,42.065354
字米岡,奥尻郡奥尻町,1-39,139.444616,42.065418
字米岡,奥尻郡奥尻町,1-31,139.444932,42.065301
字米岡,奥尻郡奥尻町,1-32,139.444768,42.065234
字米岡,奥尻郡奥尻町,1-30,139.445023,42.065179
字米岡,奥尻郡奥尻町,1-29,139.445187,42.065245
字米岡,奥尻郡奥尻町,1-1,139.44445,42.065183
字米岡,奥尻郡奥尻町,1-28,139.445097,42.065368
字米岡,奥尻郡奥尻町,1-27,139.445263,42.065434
字米岡,奥尻郡奥尻町,1-26,139.445367,42.06532
字米岡,奥尻郡奥尻町,1-24,139.445614,42.065418
字米岡,奥尻郡奥尻町,32-7,139.44566,42.065
字米岡,奥尻郡奥尻町,1-3,139.444327,42.064965
字米岡,奥尻郡奥尻町,1-33,139.444858,42.065111
字米岡,奥尻郡奥尻町,1-11,139.445332,42.064714
字青苗,奥尻郡奥尻町,442-35,139.445134,42.063927
字青苗,奥尻郡奥尻町,442-36,139.445487,42.063837
字青苗,奥尻郡奥尻町,442-30,139.445103,42.064089
字米岡,奥尻郡奥尻町,3-12,139.445111,42.064113
字青苗,奥尻郡奥尻町,442-37,139.445647,42.06421
字青苗,奥尻郡奥尻町,442-29,139.445471,42.064275
字米岡,奥尻郡奥尻町,3-11,139.445526,42.064322
字青苗,奥尻郡奥尻町,442-26,139.445976,42.064269
字青苗,奥尻郡奥尻町,442-40,139.445978,42.064138
字青苗,奥尻郡奥尻町,442-42,139.44598,42.063877
字青苗,奥尻郡奥尻町,442-41,139.445979,42.064008
字青苗,奥尻郡奥尻町,442-34,139.445858,42.063666
字青苗,奥尻郡奥尻町,442-45,139.446348,42.063766
字青苗,奥尻郡奥尻町,494-1,139.44655,42.063742
字青苗,奥尻郡奥尻町,442-1,139.44625,42.064029
字青苗,奥尻郡奥尻町,442-31,139.446755,42.063587
字青苗,奥尻郡奥尻町,442-32,139.446577,42.063697
字青苗,奥尻郡奥尻町,442-5,139.446663,42.063749
字青苗,奥尻郡奥尻町,494-2,139.446565,42.063685
字青苗,奥尻郡奥尻町,442-33,139.446299,42.063589
字青苗,奥尻郡奥尻町,442-44,139.446177,42.063748
字青苗,奥尻郡奥尻町,442-43,139.446002,42.06374
字青苗,奥尻郡奥尻町,189-21,139.448503,42.061973
字青苗,奥尻郡奥尻町,189-24,139.448538,42.062083
字青苗,奥尻郡奥尻町,189-22,139.448851,42.062004
字青苗,奥尻郡奥尻町,189-20,139.448842,42.061894
字青苗,奥尻郡奥尻町,189-58,139.449208,42.062071
字青苗,奥尻郡奥尻町,189-56,139.449198,42.061955
字青苗,奥尻郡奥尻町,265-1,139.449586,42.062137
字青苗,奥尻郡奥尻町,189-57,139.449421,42.062003
字青苗,奥尻郡奥尻町,189-55,139.449407,42.061848
字青苗,奥尻郡奥尻町,189-54,139.449187,42.06184
字青苗,奥尻郡奥尻町,189-51,139.449175,42.061706
字青苗,奥尻郡奥尻町,189-52,139.449391,42.061677
字青苗,奥尻郡奥尻町,189-53,139.44929,42.061768
字青苗,奥尻郡奥尻町,189-62,139.449552,42.06178
字青苗,奥尻郡奥尻町,189-50,139.449165,42.061591
字青苗,奥尻郡奥尻町,189-19,139.44856,42.061765
字青苗,奥尻郡奥尻町,189-18,139.44869,42.061463
字青苗,奥尻郡奥尻町,189-17,139.448687,42.061287
字青苗,奥尻郡奥尻町,189-30,139.448984,42.061365
字青苗,奥尻郡奥尻町,189-46,139.449144,42.061359
字青苗,奥尻郡奥尻町,189-48,139.449154,42.061475
字青苗,奥尻郡奥尻町,189-66,139.449367,42.061411
字青苗,奥尻郡奥尻町,189-49,139.449376,42.061523
字青苗,奥尻郡奥尻町,252-5,139.449518,42.061478
字青苗,奥尻郡奥尻町,242-10,139.449643,42.061454
字青苗,奥尻郡奥尻町,189-61,139.449572,42.061393
字青苗,奥尻郡奥尻町,238-3,139.449629,42.061266
字青苗,奥尻郡奥尻町,237-1,139.449584,42.061307
字青苗,奥尻郡奥尻町,237-2,139.449534,42.061284
字青苗,奥尻郡奥尻町,237-3,139.449474,42.061282
字青苗,奥尻郡奥尻町,237-4,139.449395,42.061275
字青苗,奥尻郡奥尻町,189-47,139.449397,42.061331
字青苗,奥尻郡奥尻町,189-45,139.4491,42.061267
字青苗,奥尻郡奥尻町,189-43,139.449341,42.06115
字青苗,奥尻郡奥尻町,238-6,139.44966,42.061233
字青苗,奥尻郡奥尻町,238-5,139.449614,42.061233
字青苗,奥尻郡奥尻町,196-4,139.449646,42.061094
字青苗,奥尻郡奥尻町,514-3,139.449536,42.060985
字青苗,奥尻郡奥尻町,189-60,139.449498,42.061187
字青苗,奥尻郡奥尻町,189-42,139.449331,42.061015
字青苗,奥尻郡奥尻町,189-41,139.449113,42.061026
字青苗,奥尻郡奥尻町,189-44,139.449127,42.061161
字青苗,奥尻郡奥尻町,189-15,139.448805,42.061173
字青苗,奥尻郡奥尻町,189-14,139.448793,42.061033
字青苗,奥尻郡奥尻町,189-13,139.448577,42.061063
字青苗,奥尻郡奥尻町,189-16,139.448579,42.061194
字青苗,奥尻郡奥尻町,189-2,139.44837,42.061775
字青苗,奥尻郡奥尻町,189-63,139.448309,42.061553
字青苗,奥尻郡奥尻町,189-12,139.448577,42.060914
字青苗,奥尻郡奥尻町,189-8,139.448628,42.060718
字青苗,奥尻郡奥尻町,189-1,139.448524,42.060451
字青苗,奥尻郡奥尻町,189-4,139.448756,42.060331
字青苗,奥尻郡奥尻町,189-5,139.448885,42.060351
字青苗,奥尻郡奥尻町,189-33,139.449125,42.060402
字青苗,奥尻郡奥尻町,192-2,139.44906,42.06029
字青苗,奥尻郡奥尻町,192-1,139.449259,42.06027
字青苗,奥尻郡奥尻町,111-3,139.449019,42.06021
字青苗,奥尻郡奥尻町,189-3,139.448777,42.060215
字青苗,奥尻郡奥尻町,111-61,139.4492,42.060051
字青苗,奥尻郡奥尻町,183-27,139.449386,42.060105
字青苗,奥尻郡奥尻町,111-6,139.449499,42.059993
字青苗,奥尻郡奥尻町,111-11,139.449597,42.059962
字青苗,奥尻郡奥尻町,184-4,139.44958,42.060238
字青苗,奥尻郡奥尻町,184-3,139.449533,42.060249
字青苗,奥尻郡奥尻町,111-7,139.44946,42.060203
字青苗,奥尻郡奥尻町,189-31,139.449321,42.060277
字青苗,奥尻郡奥尻町,189-32,139.449294,42.060436
字青苗,奥尻郡奥尻町,194-2,139.449472,42.06043
字青苗,奥尻郡奥尻町,194-3,139.449573,42.060337
字青苗,奥尻郡奥尻町,519-65,139.449609,42.060488
字青苗,奥尻郡奥尻町,519-79,139.449597,42.060565
字青苗,奥尻郡奥尻町,519-64,139.449607,42.060672
字青苗,奥尻郡奥尻町,519-63,139.449554,42.060649
字青苗,奥尻郡奥尻町,519-78,139.449533,42.060546
字青苗,奥尻郡奥尻町,189-35,139.44929,42.060596
字青苗,奥尻郡奥尻町,189-7,139.448691,42.06052
字青苗,奥尻郡奥尻町,189-6,139.44882,42.06054
字青苗,奥尻郡奥尻町,189-34,139.449071,42.060593
字青苗,奥尻郡奥尻町,189-37,139.449088,42.060738
字青苗,奥尻郡奥尻町,189-9,139.448784,42.060723
字青苗,奥尻郡奥尻町,189-10,139.448698,42.060817
字青苗,奥尻郡奥尻町,189-11,139.44878,42.060893
字青苗,奥尻郡奥尻町,189-40,139.449101,42.060891
字青苗,奥尻郡奥尻町,189-39,139.449319,42.06088
字青苗,奥尻郡奥尻町,189-38,139.449203,42.060809
字青苗,奥尻郡奥尻町,189-36,139.449304,42.060727
字青苗,奥尻郡奥尻町,519-61,139.449572,42.060726
字青苗,奥尻郡奥尻町,519-62,139.449617,42.06076
字青苗,奥尻郡奥尻町,519-60,139.449634,42.060827
字青苗,奥尻郡奥尻町,196-3,139.449485,42.060657
字青苗,奥尻郡奥尻町,519-59,139.449655,42.06091
字青苗,奥尻郡奥尻町,519-58,139.449669,42.060995
字青苗,奥尻郡奥尻町,238-4,139.449669,42.061278
字青苗,奥尻郡奥尻町,239-2,139.449699,42.061325
字青苗,奥尻郡奥尻町,240-2,139.449731,42.061377
字青苗,奥尻郡奥尻町,道-1,139.44975,42.061427
字青苗,奥尻郡奥尻町,241-6,139.449788,42.061484
字青苗,奥尻郡奥尻町,241-5,139.449831,42.061572
字青苗,奥尻郡奥尻町,241-7,139.449861,42.061636
字青苗,奥尻郡奥尻町,241-8,139.449866,42.061604
字青苗,奥尻郡奥尻町,514-5,139.450001,42.061938
字青苗,奥尻郡奥尻町,242-12,139.449864,42.062022
字青苗,奥尻郡奥尻町,263-5,139.449895,42.061687
字青苗,奥尻郡奥尻町,242-23,139.449942,42.061856
字青苗,奥尻郡奥尻町,242-2,139.449778,42.062448
字青苗,奥尻郡奥尻町,242-27,139.450064,42.061865
字青苗,奥尻郡奥尻町,519-75,139.450458,42.062752
字青苗,奥尻郡奥尻町,519-77,139.450417,42.062677
字青苗,奥尻郡奥尻町,242-16,139.450314,42.06279
字青苗,奥尻郡奥尻町,242-17,139.450207,42.062925
字青苗,奥尻郡奥尻町,242-18,139.450242,42.063089
字青苗,奥尻郡奥尻町,242-28,139.450093,42.06319
字青苗,奥尻郡奥尻町,274-21,139.449761,42.063117
字青苗,奥尻郡奥尻町,274-19,139.449717,42.063001
字青苗,奥尻郡奥尻町,274-16,139.449666,42.062867
字青苗,奥尻郡奥尻町,242-15,139.450124,42.062738
字青苗,奥尻郡奥尻町,242-13,139.449988,42.062383
字青苗,奥尻郡奥尻町,242-14,139.450049,42.062574
字青苗,奥尻郡奥尻町,242-25,139.450364,42.062745
字青苗,奥尻郡奥尻町,519-55,139.450368,42.062583
字青苗,奥尻郡奥尻町,519-54,139.450348,42.062643
字青苗,奥尻郡奥尻町,519-56,139.450287,42.062395
字青苗,奥尻郡奥尻町,519-57,139.450274,42.062361
字青苗,奥尻郡奥尻町,242-26,139.450164,42.062205
字青苗,奥尻郡奥尻町,長狭物不明-1,139.450086,42.062113
字青苗,奥尻郡奥尻町,242-34,139.45004,42.062109
字青苗,奥尻郡奥尻町,242-24,139.449986,42.062199
字青苗,奥尻郡奥尻町,242-33,139.450127,42.062258
字青苗,奥尻郡奥尻町,242-35,139.449962,42.062281
字青苗,奥尻郡奥尻町,275-2,139.449707,42.062245
字青苗,奥尻郡奥尻町,265-3,139.449411,42.062159
字青苗,奥尻郡奥尻町,189-59,139.449198,42.062213
字青苗,奥尻郡奥尻町,274-10,139.449535,42.062491
字青苗,奥尻郡奥尻町,274-54,139.449636,42.06245
字青苗,奥尻郡奥尻町,274-12,139.449553,42.062638
字青苗,奥尻郡奥尻町,274-9,139.449333,42.062539
字青苗,奥尻郡奥尻町,274-1,139.449297,42.06245
字青苗,奥尻郡奥尻町,274-65,139.449199,42.062498
字青苗,奥尻郡奥尻町,189-64,139.448893,42.062408
字青苗,奥尻郡奥尻町,189-27,139.448857,42.062353
字青苗,奥尻郡奥尻町,189-65,139.449035,42.062345
字青苗,奥尻郡奥尻町,189-23,139.44888,42.062114
字青苗,奥尻郡奥尻町,189-26,139.44889,42.062224
字青苗,奥尻郡奥尻町,189-25,139.448563,42.062192
字青苗,奥尻郡奥尻町,189-28,139.448649,42.062298
字青苗,奥尻郡奥尻町,189-29,139.448645,42.062419
字青苗,奥尻郡奥尻町,280-16,139.448991,42.063097
字青苗,奥尻郡奥尻町,283-8,139.448996,42.062917
字青苗,奥尻郡奥尻町,283-10,139.448889,42.062995
字青苗,奥尻郡奥尻町,283-1,139.448864,42.062744
字青苗,奥尻郡奥尻町,274-52,139.449055,42.06283
字青苗,奥尻郡奥尻町,274-53,139.449141,42.062868
字青苗,奥尻郡奥尻町,274-11,139.449379,42.062676
字青苗,奥尻郡奥尻町,274-14,139.449622,42.06275
字青苗,奥尻郡奥尻町,274-13,139.449399,42.062798
字青苗,奥尻郡奥尻町,274-15,139.449468,42.062909
字青苗,奥尻郡奥尻町,274-17,139.449591,42.062956
字青苗,奥尻郡奥尻町,274-18,139.44952,42.063043
字青苗,奥尻郡奥尻町,274-4,139.44918,42.062965
字青苗,奥尻郡奥尻町,274-5,139.449216,42.063091
字青苗,奥尻郡奥尻町,274-20,139.449565,42.063159
字青苗,奥尻郡奥尻町,274-22,139.449609,42.063275
字青苗,奥尻郡奥尻町,274-6,139.449261,42.063209
字青苗,奥尻郡奥尻町,274-7,139.449307,42.063327
字青苗,奥尻郡奥尻町,280-20,139.449213,42.063502
字青苗,奥尻郡奥尻町,274-8,139.449353,42.063446
字青苗,奥尻郡奥尻町,299-3,139.449182,42.063569
字青苗,奥尻郡奥尻町,280-21,139.449389,42.063571
字青苗,奥尻郡奥尻町,299-2,139.449027,42.063704
字青苗,奥尻郡奥尻町,299-1,139.448697,42.063557
字青苗,奥尻郡奥尻町,284-1,139.448891,42.063497
字青苗,奥尻郡奥尻町,280-18,139.449026,42.063446
字青苗,奥尻郡奥尻町,280-17,139.448976,42.063322
字青苗,奥尻郡奥尻町,284-3,139.448857,42.063366
字青苗,奥尻郡奥尻町,280-19,139.449249,42.063806
字青苗,奥尻郡奥尻町,280-22,139.44951,42.063749
字青苗,奥尻郡奥尻町,323-1,139.449915,42.064321
字青苗,奥尻郡奥尻町,323-9,139.449698,42.063981
字青苗,奥尻郡奥尻町,274-31,139.449986,42.064074
字青苗,奥尻郡奥尻町,274-33,139.450065,42.064175
字青苗,奥尻郡奥尻町,274-35,139.450144,42.064276
字青苗,奥尻郡奥尻町,274-36,139.450329,42.064188
字青苗,奥尻郡奥尻町,274-38,139.45043,42.064282
字青苗,奥尻郡奥尻町,274-60,139.450565,42.064339
字青苗,奥尻郡奥尻町,274-34,139.45025,42.064084
字青苗,奥尻郡奥尻町,274-32,139.450174,42.063982
字青苗,奥尻郡奥尻町,274-28,139.449897,42.063754
字青苗,奥尻郡奥尻町,274-30,139.450091,42.063888
字青苗,奥尻郡奥尻町,274-29,139.449904,42.063973
字青苗,奥尻郡奥尻町,274-57,139.450012,42.063534
字青苗,奥尻郡奥尻町,274-56,139.449815,42.063586
字青苗,奥尻郡奥尻町,274-55,139.449263,42.062789
字青苗,奥尻郡奥尻町,274-24,139.449771,42.063431
字青苗,奥尻郡奥尻町,274-23,139.449781,42.063239
字青苗,奥尻郡奥尻町,242-19,139.45034,42.063209
字青苗,奥尻郡奥尻町,242-20,139.45032,42.063359
字青苗,奥尻郡奥尻町,242-30,139.450474,42.06343
字青苗,奥尻郡奥尻町,242-21,139.450463,42.063601
字青苗,奥尻郡奥尻町,242-29,139.450693,42.063335
字青苗,奥尻郡奥尻町,242-22,139.450744,42.063864
字青苗,奥尻郡奥尻町,242-31,139.450842,42.064183
字青苗,奥尻郡奥尻町,242-32,139.450756,42.064216
字青苗,奥尻郡奥尻町,513-2,139.450409,42.056224
字青苗,奥尻郡奥尻町,60-24,139.450247,42.056043
字青苗,奥尻郡奥尻町,60-31,139.4503,42.056479
字青苗,奥尻郡奥尻町,60-27,139.450209,42.056183
字青苗,奥尻郡奥尻町,513-4,139.450382,42.056594
字青苗,奥尻郡奥尻町,60-32,139.45017,42.056433
字青苗,奥尻郡奥尻町,60-28,139.450177,42.056321
字青苗,奥尻郡奥尻町,60-29,139.450042,42.05632
字青苗,奥尻郡奥尻町,60-33,139.450057,42.056432
字青苗,奥尻郡奥尻町,60-15,139.449785,42.057012
字青苗,奥尻郡奥尻町,60-26,139.450023,42.056173
字青苗,奥尻郡奥尻町,60-25,139.449994,42.056018
字青苗,奥尻郡奥尻町,60-20,139.449978,42.055723
字青苗,奥尻郡奥尻町,60-19,139.450151,42.05569
字青苗,奥尻郡奥尻町,60-21,139.449948,42.055878
字青苗,奥尻郡奥尻町,60-23,139.450182,42.05591
字青苗,奥尻郡奥尻町,60-22,139.450296,42.055804
字青苗,奥尻郡奥尻町,60-18,139.450383,42.055586
字青苗,奥尻郡奥尻町,60-34,139.450346,42.055682
字青苗,奥尻郡奥尻町,60-13,139.450405,42.055559
字青苗,奥尻郡奥尻町,60-7,139.450408,42.05555
字青苗,奥尻郡奥尻町,60-12,139.450409,42.055535
字青苗,奥尻郡奥尻町,513-5,139.450442,42.055442
字青苗,奥尻郡奥尻町,60-11,139.450387,42.055484
字青苗,奥尻郡奥尻町,60-8,139.450014,42.055538
字青苗,奥尻郡奥尻町,60-10,139.450365,42.055527
字青苗,奥尻郡奥尻町,60-2,139.449574,42.055656
字青苗,奥尻郡奥尻町,60-9,139.449638,42.055703
字青苗,奥尻郡奥尻町,110-5,139.449626,42.056895
字青苗,奥尻郡奥尻町,110-1,139.449576,42.057057
字青苗,奥尻郡奥尻町,410-34,139.449084,42.056955
字青苗,奥尻郡奥尻町,410-33,139.449066,42.057076
字青苗,奥尻郡奥尻町,410-25,139.448746,42.057015
字青苗,奥尻郡奥尻町,410-27,139.448801,42.056881
字青苗,奥尻郡奥尻町,410-15,139.448406,42.056683
字青苗,奥尻郡奥尻町,410-12,139.448234,42.057019
字青苗,奥尻郡奥尻町,410-13,139.44828,42.056912
字青苗,奥尻郡奥尻町,410-14,139.448326,42.056805
字青苗,奥尻郡奥尻町,410-26,139.448631,42.056841
字青苗,奥尻郡奥尻町,410-24,139.448574,42.056974
字青苗,奥尻郡奥尻町,410-3,139.447968,42.057033
字青苗,奥尻郡奥尻町,410-22,139.448517,42.057107
字青苗,奥尻郡奥尻町,410-7,139.448445,42.056929
字青苗,奥尻郡奥尻町,410-21,139.448632,42.057281
字青苗,奥尻郡奥尻町,410-20,139.448459,42.05724
字青苗,奥尻郡奥尻町,410-11,139.448187,42.057126
字青苗,奥尻郡奥尻町,410-10,139.448141,42.057233
字青苗,奥尻郡奥尻町,410-9,139.448095,42.05734
字青苗,奥尻郡奥尻町,410-8,139.448066,42.057462
字青苗,奥尻郡奥尻町,411-131,139.448011,42.05759
字青苗,奥尻郡奥尻町,410-16,139.44834,42.05752
字青苗,奥尻郡奥尻町,410-18,139.448401,42.057373
字青苗,奥尻郡奥尻町,410-41,139.448367,42.057452
字青苗,奥尻郡奥尻町,410-19,139.448575,42.057414
字青苗,奥尻郡奥尻町,410-17,139.448516,42.057547
字青苗,奥尻郡奥尻町,410-29,139.448848,42.057517
字青苗,奥尻郡奥尻町,410-28,139.448779,42.057623
字青苗,奥尻郡奥尻町,410-30,139.448896,42.057405
字青苗,奥尻郡奥尻町,410-23,139.448689,42.057148
字青苗,奥尻郡奥尻町,410-32,139.448992,42.057182
字青苗,奥尻郡奥尻町,410-31,139.448944,42.057294
字青苗,奥尻郡奥尻町,111-65,139.44966,42.057195
字青苗,奥尻郡奥尻町,111-15,139.449651,42.057439
字青苗,奥尻郡奥尻町,111-12,139.449466,42.05728
字青苗,奥尻郡奥尻町,111-19,139.449664,42.057575
字青苗,奥尻郡奥尻町,111-18,139.44986,42.057594
字青苗,奥尻郡奥尻町,111-17,139.449887,42.05748
字青苗,奥尻郡奥尻町,111-16,139.44991,42.057364
字青苗,奥尻郡奥尻町,108-5,139.450106,42.057165
字青苗,奥尻郡奥尻町,108-6,139.450045,42.057236
字青苗,奥尻郡奥尻町,111-66,139.449798,42.057333
字青苗,奥尻郡奥尻町,111-39,139.449742,42.057326
字青苗,奥尻郡奥尻町,107-3,139.450148,42.057028
字青苗,奥尻郡奥尻町,102-5,139.449963,42.057077
字青苗,奥尻郡奥尻町,60-14,139.449836,42.056231
字青苗,奥尻郡奥尻町,60-30,139.450117,42.056579
字青苗,奥尻郡奥尻町,60-16,139.450061,42.056715
字青苗,奥尻郡奥尻町,60-17,139.450258,42.056749
字青苗,奥尻郡奥尻町,102-13,139.450259,42.056654
字青苗,奥尻郡奥尻町,102-12,139.450209,42.056808
字青苗,奥尻郡奥尻町,111-14,139.450322,42.05764
字青苗,奥尻郡奥尻町,111-8,139.450146,42.057711
字青苗,奥尻郡奥尻町,111-21,139.449833,42.057707
字青苗,奥尻郡奥尻町,111-22,139.449787,42.057816
字青苗,奥尻郡奥尻町,111-25,139.449761,42.057925
字青苗,奥尻郡奥尻町,111-27,139.449732,42.058052
字青苗,奥尻郡奥尻町,111-30,139.449706,42.058161
字青苗,奥尻郡奥尻町,111-4,139.449884,42.058331
字青苗,奥尻郡奥尻町,111-31,139.44968,42.05827
字青苗,奥尻郡奥尻町,111-9,139.449989,42.058343
字青苗,奥尻郡奥尻町,170-3,139.449704,42.059103
字青苗,奥尻郡奥尻町,170-4,139.449818,42.059099
字青苗,奥尻郡奥尻町,515-2,139.449757,42.058877
字青苗,奥尻郡奥尻町,515-1,139.449846,42.058888
字青苗,奥尻郡奥尻町,111-10,139.449858,42.058829
字青苗,奥尻郡奥尻町,111-40,139.449606,42.058782
字青苗,奥尻郡奥尻町,111-43,139.449537,42.058886
字青苗,奥尻郡奥尻町,111-44,139.449511,42.058995
字青苗,奥尻郡奥尻町,111-45,139.44925,42.058961
字青苗,奥尻郡奥尻町,111-42,139.449275,42.058853
字青苗,奥尻郡奥尻町,111-13,139.448673,42.059887
字青苗,奥尻郡奥尻町,111-51,139.449168,42.059306
字青苗,奥尻郡奥尻町,111-50,139.449195,42.059197
字青苗,奥尻郡奥尻町,111-47,139.449219,42.059089
字青苗,奥尻郡奥尻町,111-46,139.449366,42.059042
字青苗,奥尻郡奥尻町,111-48,139.449482,42.059123
字青苗,奥尻郡奥尻町,111-49,139.449456,42.059231
字青苗,奥尻郡奥尻町,111-52,139.449431,42.05934
字青苗,奥尻郡奥尻町,111-53,139.449405,42.059449
字青苗,奥尻郡奥尻町,111-56,139.449379,42.059558
字青苗,奥尻郡奥尻町,111-5,139.449608,42.059444
字青苗,奥尻郡奥尻町,183-29,139.449618,42.059866
字青苗,奥尻郡奥尻町,183-6,139.449512,42.059855
字青苗,奥尻郡奥尻町,111-60,139.449338,42.059779
字青苗,奥尻郡奥尻町,111-57,139.449354,42.059668
字青苗,奥尻郡奥尻町,111-58,139.449049,42.059628
字青苗,奥尻郡奥尻町,111-59,139.449052,42.059741
字青苗,奥尻郡奥尻町,111-63,139.449184,42.05985
字青苗,奥尻郡奥尻町,177-2,139.448899,42.05967
字青苗,奥尻郡奥尻町,111-55,139.449082,42.059519
字青苗,奥尻郡奥尻町,111-54,139.449143,42.059415
字青苗,奥尻郡奥尻町,111-2,139.449004,42.05919
字青苗,奥尻郡奥尻町,111-41,139.449348,42.05875
字青苗,奥尻郡奥尻町,111-62,139.449429,42.058667
字青苗,奥尻郡奥尻町,111-38,139.449614,42.058599
字青苗,奥尻郡奥尻町,111-35,139.449629,42.058488
字青苗,奥尻郡奥尻町,111-37,139.449343,42.058563
字青苗,奥尻郡奥尻町,111-33,139.449393,42.058346
字青苗,奥尻郡奥尻町,111-36,139.449367,42.058454
字青苗,奥尻郡奥尻町,111-34,139.449655,42.05838
字青苗,奥尻郡奥尻町,111-32,139.449418,42.058236
字青苗,奥尻郡奥尻町,111-29,139.449444,42.058127
字青苗,奥尻郡奥尻町,111-28,139.449469,42.058018
字青苗,奥尻郡奥尻町,111-26,139.449633,42.057974
字青苗,奥尻郡奥尻町,111-24,139.449499,42.057891
字青苗,奥尻郡奥尻町,111-23,139.449496,42.057778
字青苗,奥尻郡奥尻町,111-20,139.44963,42.057683
字青苗,奥尻郡奥尻町,410-35,139.449009,42.057751
字青苗,奥尻郡奥尻町,413-15,139.448657,42.057711
字青苗,奥尻郡奥尻町,412-9,139.448463,42.057669
字青苗,奥尻郡奥尻町,412-10,139.448372,42.057693
字青苗,奥尻郡奥尻町,412-11,139.448312,42.057679
字青苗,奥尻郡奥尻町,411-132,139.448011,42.057708
