小字名,市区町村名,地番,大字名,center_lng,center_lat
字小川,古宇郡神恵内村,1049-2,大字神恵内村,140.482847,43.153803
字小川,古宇郡神恵内村,1144,大字神恵内村,140.483792,43.156908
,古宇郡神恵内村,2465,大字神恵内村,140.483601,43.156816
字小川,古宇郡神恵内村,843-2,大字神恵内村,140.481846,43.156934
字小川,古宇郡神恵内村,843-1,大字神恵内村,140.482487,43.156349
,古宇郡神恵内村,2466,大字神恵内村,140.483529,43.156409
字小川,古宇郡神恵内村,1049-4,大字神恵内村,140.483246,43.153863
字小川,古宇郡神恵内村,675-4,大字神恵内村,140.482843,43.15407
字小川,古宇郡神恵内村,1049-1,大字神恵内村,140.481369,43.155215
字小川,古宇郡神恵内村,675-2,大字神恵内村,140.482538,43.154377
字小川,古宇郡神恵内村,675-1,大字神恵内村,140.482395,43.154177
字小川,古宇郡神恵内村,674-1,大字神恵内村,140.482568,43.155175
,古宇郡神恵内村,2463,大字神恵内村,140.482768,43.154327
,古宇郡神恵内村,2482,大字神恵内村,140.478467,43.15505
字小川,古宇郡神恵内村,517,大字神恵内村,140.478987,43.155828
字小川,古宇郡神恵内村,944-1,大字神恵内村,140.478504,43.155546
字小川,古宇郡神恵内村,1082,大字神恵内村,140.477509,43.155542
,古宇郡神恵内村,2455,大字神恵内村,140.477645,43.155758
,古宇郡神恵内村,2456,大字神恵内村,140.477729,43.155801
,古宇郡神恵内村,2454,大字神恵内村,140.477395,43.155718
字小川,古宇郡神恵内村,1129,大字神恵内村,140.477585,43.15585
,古宇郡神恵内村,2458,大字神恵内村,140.478264,43.155997
字小川,古宇郡神恵内村,944-2,大字神恵内村,140.477866,43.155923
,古宇郡神恵内村,2457,大字神恵内村,140.47778,43.155931
,古宇郡神恵内村,2459,大字神恵内村,140.478355,43.156083
,古宇郡神恵内村,2460,大字神恵内村,140.47849,43.156104
字小川,古宇郡神恵内村,1128,大字神恵内村,140.478181,43.156063
,古宇郡神恵内村,水-04,大字神恵内村,140.482304,43.15729
字小川,古宇郡神恵内村,518-3,大字神恵内村,140.479164,43.156558
字小川,古宇郡神恵内村,518-2,大字神恵内村,140.479061,43.156396
字小川,古宇郡神恵内村,518-1,大字神恵内村,140.47911,43.156203
字小川,古宇郡神恵内村,516-2,大字神恵内村,140.479368,43.156463
字小川,古宇郡神恵内村,516-1,大字神恵内村,140.480021,43.156304
字小川,古宇郡神恵内村,516-4,大字神恵内村,140.479925,43.156777
字小川,古宇郡神恵内村,516-3,大字神恵内村,140.479914,43.156541
字小川,古宇郡神恵内村,504-5,大字神恵内村,140.481265,43.156888
字小川,古宇郡神恵内村,504-4,大字神恵内村,140.480586,43.156818
字小川,古宇郡神恵内村,504-1,大字神恵内村,140.480837,43.15636
字小川,古宇郡神恵内村,504-2,大字神恵内村,140.481354,43.156595
,古宇郡神恵内村,2461,大字神恵内村,140.479655,43.156077
字小川,古宇郡神恵内村,515,大字神恵内村,140.479696,43.155639
字小川,古宇郡神恵内村,504-6,大字神恵内村,140.480727,43.155865
字小川,古宇郡神恵内村,1049-3,大字神恵内村,140.481715,43.15569
字小川,古宇郡神恵内村,675-3,大字神恵内村,140.481887,43.155478
字小川,古宇郡神恵内村,674-2,大字神恵内村,140.482034,43.155437
,古宇郡神恵内村,2462,大字神恵内村,140.481386,43.156097
字小川,古宇郡神恵内村,504-3,大字神恵内村,140.480297,43.156886
,古宇郡神恵内村,2464,大字神恵内村,140.483585,43.156874
字小川,古宇郡神恵内村,843-3,大字神恵内村,140.482977,43.157018
字トーマル,古宇郡神恵内村,1331,大字神恵内村,140.504066,43.183875
字トーマル,古宇郡神恵内村,2228-1,大字神恵内村,140.501376,43.183339
字トーマル,古宇郡神恵内村,2244-2,大字神恵内村,140.500713,43.183097
字トーマル,古宇郡神恵内村,1343,大字神恵内村,140.4992,43.183084
字トーマル,古宇郡神恵内村,2244-1,大字神恵内村,140.500278,43.183544
字トーマル,古宇郡神恵内村,1340,大字神恵内村,140.500521,43.183654
字トーマル,古宇郡神恵内村,2244-3,大字神恵内村,140.500411,43.183358
字トーマル,古宇郡神恵内村,2228-2,大字神恵内村,140.500844,43.183332
字トーマル,古宇郡神恵内村,2263,大字神恵内村,140.496037,43.185987
字トーマル,古宇郡神恵内村,1342,大字神恵内村,140.498556,43.18486
字トーマル,古宇郡神恵内村,2243,大字神恵内村,140.498435,43.185449
字トーマル,古宇郡神恵内村,1339-1,大字神恵内村,140.500811,43.184763
字トーマル,古宇郡神恵内村,1414,大字神恵内村,140.501472,43.185459
字トーマル,古宇郡神恵内村,2247-1,大字神恵内村,140.502196,43.185417
字トーマル,古宇郡神恵内村,1388,大字神恵内村,140.50202,43.18511
字トーマル,古宇郡神恵内村,1375,大字神恵内村,140.502969,43.184979
字トーマル,古宇郡神恵内村,2247-2,大字神恵内村,140.502516,43.185088
字トーマル,古宇郡神恵内村,2247-3,大字神恵内村,140.502491,43.185113
字トーマル,古宇郡神恵内村,1377,大字神恵内村,140.502554,43.185333
字トーマル,古宇郡神恵内村,1376-1,大字神恵内村,140.502924,43.185505
字トーマル,古宇郡神恵内村,1374-1,大字神恵内村,140.503125,43.185502
字トーマル,古宇郡神恵内村,1374-5,大字神恵内村,140.503454,43.185545
字トーマル,古宇郡神恵内村,2252,大字神恵内村,140.503889,43.185553
字トーマル,古宇郡神恵内村,2253,大字神恵内村,140.504058,43.18538
字トーマル,古宇郡神恵内村,2142,大字神恵内村,140.504176,43.185392
字トーマル,古宇郡神恵内村,1329,大字神恵内村,140.507226,43.184384
字トーマル,古宇郡神恵内村,1330,大字神恵内村,140.505929,43.184652
字トーマル,古宇郡神恵内村,2275,大字神恵内村,140.50586,43.183123
字トーマル,古宇郡神恵内村,2274,大字神恵内村,140.50742,43.183932
字トーマル,古宇郡神恵内村,1328-1,大字神恵内村,140.506687,43.182644
字トーマル,古宇郡神恵内村,1328-2,大字神恵内村,140.508153,43.183904
字トーマル,古宇郡神恵内村,1328-3,大字神恵内村,140.507992,43.183938
字トーマル,古宇郡神恵内村,2273-1,大字神恵内村,140.508333,43.183885
字トーマル,古宇郡神恵内村,1327-4,大字神恵内村,140.50816,43.184217
字トーマル,古宇郡神恵内村,2273-7,大字神恵内村,140.507317,43.18499
字トーマル,古宇郡神恵内村,2273-3,大字神恵内村,140.506957,43.185286
字トーマル,古宇郡神恵内村,1326-1,大字神恵内村,140.50784,43.185157
字トーマル,古宇郡神恵内村,1326-6,大字神恵内村,140.50899,43.185914
字トーマル,古宇郡神恵内村,1326-4,大字神恵内村,140.509212,43.185266
字トーマル,古宇郡神恵内村,1327-3,大字神恵内村,140.509763,43.184635
字トーマル,古宇郡神恵内村,1327-2,大字神恵内村,140.508774,43.184282
字トーマル,古宇郡神恵内村,1327-1,大字神恵内村,140.509855,43.184257
字トーマル,古宇郡神恵内村,1327-5,大字神恵内村,140.510734,43.184025
字トーマル,古宇郡神恵内村,1327-6,大字神恵内村,140.510333,43.184131
字トーマル,古宇郡神恵内村,2150-6,大字神恵内村,140.511215,43.184572
字トーマル,古宇郡神恵内村,2150-1,大字神恵内村,140.511705,43.185947
字トーマル,古宇郡神恵内村,2150-7,大字神恵内村,140.510574,43.185174
字トーマル,古宇郡神恵内村,1314-9,大字神恵内村,140.512833,43.185029
字トーマル,古宇郡神恵内村,2150-4,大字神恵内村,140.512671,43.185079
字トーマル,古宇郡神恵内村,1314-10,大字神恵内村,140.512732,43.185434
字トーマル,古宇郡神恵内村,1314-7,大字神恵内村,140.513856,43.185313
字トーマル,古宇郡神恵内村,1314-5,大字神恵内村,140.513198,43.184814
字トーマル,古宇郡神恵内村,1314-4,大字神恵内村,140.513704,43.18458
字トーマル,古宇郡神恵内村,2150-2,大字神恵内村,140.513058,43.184419
字トーマル,古宇郡神恵内村,1314-6,大字神恵内村,140.513884,43.184151
字トーマル,古宇郡神恵内村,2150-3,大字神恵内村,140.512431,43.183993
字トーマル,古宇郡神恵内村,2150-8,大字神恵内村,140.511555,43.183631
字トーマル,古宇郡神恵内村,2150-5,大字神恵内村,140.511934,43.183393
字トーマル,古宇郡神恵内村,2150-9,大字神恵内村,140.51237,43.183491
字トーマル,古宇郡神恵内村,1327-7,大字神恵内村,140.50984,43.18353
字トーマル,古宇郡神恵内村,1314-11,大字神恵内村,140.514618,43.18473
字トーマル,古宇郡神恵内村,1302-9,大字神恵内村,140.515686,43.185236
字トーマル,古宇郡神恵内村,1301-6,大字神恵内村,140.515619,43.187976
字トーマル,古宇郡神恵内村,1301-11,大字神恵内村,140.516525,43.188691
字トーマル,古宇郡神恵内村,1301-10,大字神恵内村,140.515674,43.188674
字トーマル,古宇郡神恵内村,1301-2,大字神恵内村,140.515904,43.188211
字トーマル,古宇郡神恵内村,1302-2,大字神恵内村,140.515497,43.188021
字トーマル,古宇郡神恵内村,1303-2,大字神恵内村,140.514219,43.187642
字トーマル,古宇郡神恵内村,1303-3,大字神恵内村,140.513825,43.18743
字トーマル,古宇郡神恵内村,2286,大字神恵内村,140.514559,43.187632
字トーマル,古宇郡神恵内村,1302-1,大字神恵内村,140.514539,43.186981
字トーマル,古宇郡神恵内村,1302-7,大字神恵内村,140.515225,43.1864
字トーマル,古宇郡神恵内村,1302-10,大字神恵内村,140.515473,43.18727
字トーマル,古宇郡神恵内村,1302-5,大字神恵内村,140.516201,43.187299
字トーマル,古宇郡神恵内村,1302-6,大字神恵内村,140.515804,43.18683
字トーマル,古宇郡神恵内村,1302-4,大字神恵内村,140.515482,43.185487
字トーマル,古宇郡神恵内村,2285,大字神恵内村,140.514964,43.185701
字トーマル,古宇郡神恵内村,1302-8,大字神恵内村,140.515163,43.185947
字トーマル,古宇郡神恵内村,1314-8,大字神恵内村,140.514365,43.185895
字トーマル,古宇郡神恵内村,長狭物不明-167,大字神恵内村,140.514034,43.185999
字トーマル,古宇郡神恵内村,1314-13,大字神恵内村,140.513476,43.185935
字トーマル,古宇郡神恵内村,1314-12,大字神恵内村,140.514189,43.186213
字トーマル,古宇郡神恵内村,1314-1,大字神恵内村,140.514083,43.186371
字トーマル,古宇郡神恵内村,1314-3,大字神恵内村,140.513678,43.186771
字トーマル,古宇郡神恵内村,1302-3,大字神恵内村,140.5137,43.187113
字トーマル,古宇郡神恵内村,1314-2,大字神恵内村,140.513318,43.186427
字トーマル,古宇郡神恵内村,2279,大字神恵内村,140.510234,43.185391
字トーマル,古宇郡神恵内村,1316-5,大字神恵内村,140.510515,43.185671
字トーマル,古宇郡神恵内村,1316-3,大字神恵内村,140.510625,43.185665
字トーマル,古宇郡神恵内村,1326-14,大字神恵内村,140.509064,43.186
字トーマル,古宇郡神恵内村,1316-1,大字神恵内村,140.510471,43.186425
字トーマル,古宇郡神恵内村,1316-12,大字神恵内村,140.509677,43.186613
字トーマル,古宇郡神恵内村,1316-9,大字神恵内村,140.509395,43.186701
字トーマル,古宇郡神恵内村,1316-10,大字神恵内村,140.50954,43.186763
字トーマル,古宇郡神恵内村,2149,大字神恵内村,140.511601,43.187669
字トーマル,古宇郡神恵内村,2284-1,大字神恵内村,140.512998,43.187731
字トーマル,古宇郡神恵内村,1303-1,大字神恵内村,140.513412,43.188411
字トーマル,古宇郡神恵内村,1303-7,大字神恵内村,140.513379,43.189979
字トーマル,古宇郡神恵内村,1303-4,大字神恵内村,140.513433,43.190073
字トーマル,古宇郡神恵内村,1301-12,大字神恵内村,140.513588,43.190107
字トーマル,古宇郡神恵内村,1303-5,大字神恵内村,140.513336,43.18973
字トーマル,古宇郡神恵内村,2137-2,大字神恵内村,140.512858,43.189898
字トーマル,古宇郡神恵内村,2138-3,大字神恵内村,140.511676,43.189539
字トーマル,古宇郡神恵内村,2138-2,大字神恵内村,140.511666,43.189273
字トーマル,古宇郡神恵内村,1303-6,大字神恵内村,140.512744,43.189504
字トーマル,古宇郡神恵内村,2284-3,大字神恵内村,140.511647,43.189125
字トーマル,古宇郡神恵内村,2284-2,大字神恵内村,140.511554,43.189224
字トーマル,古宇郡神恵内村,1312-1,大字神恵内村,140.509885,43.189019
字トーマル,古宇郡神恵内村,1312-4,大字神恵内村,140.509789,43.189923
字トーマル,古宇郡神恵内村,2282,大字神恵内村,140.510553,43.190213
字トーマル,古宇郡神恵内村,1312-3,大字神恵内村,140.510574,43.190101
字トーマル,古宇郡神恵内村,2283,大字神恵内村,140.5111,43.189694
字トーマル,古宇郡神恵内村,2138-1,大字神恵内村,140.511191,43.190239
字トーマル,古宇郡神恵内村,2281,大字神恵内村,140.510119,43.190704
字トーマル,古宇郡神恵内村,2266,大字神恵内村,140.503248,43.190833
字トーマル,古宇郡神恵内村,1312-2,大字神恵内村,140.509175,43.190443
字トーマル,古宇郡神恵内村,2287,大字神恵内村,140.509714,43.191269
字トーマル,古宇郡神恵内村,2136,大字神恵内村,140.511412,43.191511
字トーマル,古宇郡神恵内村,2137-1,大字神恵内村,140.512496,43.190415
字トーマル,古宇郡神恵内村,1300,大字神恵内村,140.513495,43.19055
字トーマル,古宇郡神恵内村,2135,大字神恵内村,140.515317,43.191235
字トーマル,古宇郡神恵内村,2134,大字神恵内村,140.516647,43.191871
字トーマル,古宇郡神恵内村,1297-5,大字神恵内村,140.515358,43.191093
字トーマル,古宇郡神恵内村,1297-4,大字神恵内村,140.516584,43.190701
字トーマル,古宇郡神恵内村,1297-1,大字神恵内村,140.517284,43.190896
字トーマル,古宇郡神恵内村,1297-3,大字神恵内村,140.516303,43.190482
字トーマル,古宇郡神恵内村,1297-2,大字神恵内村,140.515806,43.190635
字トーマル,古宇郡神恵内村,1301-5,大字神恵内村,140.515295,43.19107
字トーマル,古宇郡神恵内村,1301-8,大字神恵内村,140.515263,43.190808
字トーマル,古宇郡神恵内村,1301-4,大字神恵内村,140.513589,43.190141
字トーマル,古宇郡神恵内村,1301-1,大字神恵内村,140.515127,43.189648
字トーマル,古宇郡神恵内村,1301-9,大字神恵内村,140.515841,43.189151
字トーマル,古宇郡神恵内村,1301-7,大字神恵内村,140.516014,43.188573
字トーマル,古宇郡神恵内村,1301-3,大字神恵内村,140.516598,43.189331
字トーマル,古宇郡神恵内村,2289-2,大字神恵内村,140.518161,43.191058
字トーマル,古宇郡神恵内村,2289-3,大字神恵内村,140.517719,43.191464
字トーマル,古宇郡神恵内村,2289-1,大字神恵内村,140.517443,43.191799
字トーマル,古宇郡神恵内村,1293,大字神恵内村,140.518304,43.191583
字トーマル,古宇郡神恵内村,1292,大字神恵内村,140.517345,43.193049
字トーマル,古宇郡神恵内村,2133,大字神恵内村,140.515195,43.192628
字トーマル,古宇郡神恵内村,1298,大字神恵内村,140.511754,43.193749
字トーマル,古宇郡神恵内村,2288,大字神恵内村,140.511342,43.19211
字トーマル,古宇郡神恵内村,1299,大字神恵内村,140.513148,43.191917
字トーマル,古宇郡神恵内村,1307,大字神恵内村,140.509589,43.192772
字トーマル,古宇郡神恵内村,2280-1,大字神恵内村,140.508286,43.192607
字トーマル,古宇郡神恵内村,2280-3,大字神恵内村,140.507773,43.193144
字トーマル,古宇郡神恵内村,1310,大字神恵内村,140.507604,43.192447
字トーマル,古宇郡神恵内村,1309,大字神恵内村,140.505915,43.193495
字トーマル,古宇郡神恵内村,1424,大字神恵内村,140.503297,43.194173
字トーマル,古宇郡神恵内村,2280-2,大字神恵内村,140.507201,43.193726
字トーマル,古宇郡神恵内村,1308,大字神恵内村,140.507923,43.194081
字トーマル,古宇郡神恵内村,1426,大字神恵内村,140.505534,43.196521
字トーマル,古宇郡神恵内村,2291-1,大字神恵内村,140.504917,43.196118
字トーマル,古宇郡神恵内村,1423,大字神恵内村,140.503313,43.195435
字トーマル,古宇郡神恵内村,1422,大字神恵内村,140.500924,43.196414
字トーマル,古宇郡神恵内村,1425,大字神恵内村,140.503828,43.196819
字トーマル,古宇郡神恵内村,1418,大字神恵内村,140.501052,43.194018
字トーマル,古宇郡神恵内村,2267,大字神恵内村,140.502116,43.193489
字トーマル,古宇郡神恵内村,1420,大字神恵内村,140.502477,43.194186
字トーマル,古宇郡神恵内村,2291-2,大字神恵内村,140.502133,43.193313
字トーマル,古宇郡神恵内村,2268,大字神恵内村,140.501441,43.192492
字トーマル,古宇郡神恵内村,2291-3,大字神恵内村,140.502224,43.19354
字トーマル,古宇郡神恵内村,1419,大字神恵内村,140.502779,43.193651
字トーマル,古宇郡神恵内村,1421,大字神恵内村,140.501822,43.192665
字トーマル,古宇郡神恵内村,2290,大字神恵内村,140.501649,43.192705
字トーマル,古宇郡神恵内村,2270-2,大字神恵内村,140.501043,43.191425
字トーマル,古宇郡神恵内村,1333,大字神恵内村,140.500901,43.1912
字トーマル,古宇郡神恵内村,水-25,大字神恵内村,140.49824,43.19008
字トーマル,古宇郡神恵内村,1335,大字神恵内村,140.498597,43.189204
字トーマル,古宇郡神恵内村,2249,大字神恵内村,140.500286,43.18926
字トーマル,古宇郡神恵内村,2144,大字神恵内村,140.500116,43.189195
字トーマル,古宇郡神恵内村,2250-1,大字神恵内村,140.500735,43.188798
字トーマル,古宇郡神恵内村,1334,大字神恵内村,140.500666,43.190298
字トーマル,古宇郡神恵内村,1332-1,大字神恵内村,140.502072,43.188782
字トーマル,古宇郡神恵内村,2271,大字神恵内村,140.504367,43.187979
字トーマル,古宇郡神恵内村,1322,大字神恵内村,140.503883,43.191119
字トーマル,古宇郡神恵内村,1321,大字神恵内村,140.502171,43.190581
字トーマル,古宇郡神恵内村,2270-1,大字神恵内村,140.50143,43.191024
字トーマル,古宇郡神恵内村,2270-3,大字神恵内村,140.501227,43.191235
字トーマル,古宇郡神恵内村,1320,大字神恵内村,140.503541,43.192022
字トーマル,古宇郡神恵内村,1318,大字神恵内村,140.504991,43.191659
字トーマル,古宇郡神恵内村,1319,大字神恵内村,140.505995,43.190629
字トーマル,古宇郡神恵内村,1311,大字神恵内村,140.507847,43.191159
字トーマル,古宇郡神恵内村,2278,大字神恵内村,140.507567,43.19015
字トーマル,古宇郡神恵内村,1312-5,大字神恵内村,140.508124,43.189947
字トーマル,古宇郡神恵内村,1317-5,大字神恵内村,140.507943,43.189899
字トーマル,古宇郡神恵内村,1317-8,大字神恵内村,140.507837,43.189043
字トーマル,古宇郡神恵内村,2277,大字神恵内村,140.505092,43.188867
字トーマル,古宇郡神恵内村,1323-5,大字神恵内村,140.505164,43.189027
字トーマル,古宇郡神恵内村,1323-1,大字神恵内村,140.503863,43.189869
字トーマル,古宇郡神恵内村,1323-4,大字神恵内村,140.504862,43.188862
字トーマル,古宇郡神恵内村,1323-6,大字神恵内村,140.5047,43.188798
字トーマル,古宇郡神恵内村,1323-3,大字神恵内村,140.504966,43.189072
字トーマル,古宇郡神恵内村,1323-2,大字神恵内村,140.5047,43.189051
字トーマル,古宇郡神恵内村,2276,大字神恵内村,140.504196,43.188408
字トーマル,古宇郡神恵内村,1324-7,大字神恵内村,140.504393,43.188249
字トーマル,古宇郡神恵内村,1351-1,大字神恵内村,140.503976,43.187923
字トーマル,古宇郡神恵内村,1362-1,大字神恵内村,140.503808,43.187244
字トーマル,古宇郡神恵内村,2139-1,大字神恵内村,140.504348,43.187523
字トーマル,古宇郡神恵内村,1353-3,大字神恵内村,140.504826,43.187152
字トーマル,古宇郡神恵内村,2272,大字神恵内村,140.504964,43.187357
字トーマル,古宇郡神恵内村,2139-2,大字神恵内村,140.50473,43.187462
字トーマル,古宇郡神恵内村,1324-8,大字神恵内村,140.504799,43.188242
字トーマル,古宇郡神恵内村,1324-3,大字神恵内村,140.505229,43.188582
字トーマル,古宇郡神恵内村,1324-2,大字神恵内村,140.505579,43.187257
字トーマル,古宇郡神恵内村,1324-5,大字神恵内村,140.506162,43.186748
字トーマル,古宇郡神恵内村,1324-6,大字神恵内村,140.50659,43.186843
字トーマル,古宇郡神恵内村,1324-10,大字神恵内村,140.506066,43.188767
字トーマル,古宇郡神恵内村,1324-1,大字神恵内村,140.507131,43.187451
字トーマル,古宇郡神恵内村,1317-1,大字神恵内村,140.506874,43.189043
字トーマル,古宇郡神恵内村,1317-4,大字神恵内村,140.507563,43.189049
字トーマル,古宇郡神恵内村,1317-6,大字神恵内村,140.507871,43.188504
字トーマル,古宇郡神恵内村,1317-3,大字神恵内村,140.508389,43.188782
字トーマル,古宇郡神恵内村,1317-7,大字神恵内村,140.508412,43.187988
字トーマル,古宇郡神恵内村,1316-8,大字神恵内村,140.508236,43.187391
字トーマル,古宇郡神恵内村,1317-2,大字神恵内村,140.507904,43.187293
字トーマル,古宇郡神恵内村,1324-4,大字神恵内村,140.507824,43.187252
字トーマル,古宇郡神恵内村,1324-11,大字神恵内村,140.506653,43.187495
字トーマル,古宇郡神恵内村,1324-9,大字神恵内村,140.506896,43.186882
字トーマル,古宇郡神恵内村,1326-10,大字神恵内村,140.506452,43.186465
字トーマル,古宇郡神恵内村,1326-11,大字神恵内村,140.506877,43.186539
字トーマル,古宇郡神恵内村,1326-5,大字神恵内村,140.50744,43.18654
字トーマル,古宇郡神恵内村,1326-15,大字神恵内村,140.506949,43.186744
字トーマル,古宇郡神恵内村,1326-17,大字神恵内村,140.506992,43.18671
字トーマル,古宇郡神恵内村,1326-2,大字神恵内村,140.507213,43.186708
字トーマル,古宇郡神恵内村,1326-12,大字神恵内村,140.507276,43.186435
字トーマル,古宇郡神恵内村,1326-7,大字神恵内村,140.507488,43.186783
字トーマル,古宇郡神恵内村,1316-6,大字神恵内村,140.5092,43.186323
字トーマル,古宇郡神恵内村,1316-2,大字神恵内村,140.508379,43.186969
字トーマル,古宇郡神恵内村,1316-4,大字神恵内村,140.509103,43.186808
字トーマル,古宇郡神恵内村,1316-7,大字神恵内村,140.508786,43.186928
字トーマル,古宇郡神恵内村,1316-11,大字神恵内村,140.508826,43.186402
字トーマル,古宇郡神恵内村,1326-9,大字神恵内村,140.507985,43.186564
字トーマル,古宇郡神恵内村,1326-16,大字神恵内村,140.508112,43.186066
字トーマル,古宇郡神恵内村,1326-19,大字神恵内村,140.507655,43.186148
字トーマル,古宇郡神恵内村,1326-8,大字神恵内村,140.508616,43.186009
字トーマル,古宇郡神恵内村,1326-18,大字神恵内村,140.507167,43.186368
字トーマル,古宇郡神恵内村,1326-13,大字神恵内村,140.506662,43.186257
字トーマル,古宇郡神恵内村,1326-3,大字神恵内村,140.506362,43.186306
字トーマル,古宇郡神恵内村,2273-6,大字神恵内村,140.506627,43.185637
字トーマル,古宇郡神恵内村,2273-4,大字神恵内村,140.506296,43.185988
字トーマル,古宇郡神恵内村,2255,大字神恵内村,140.505152,43.186134
字トーマル,古宇郡神恵内村,1357,大字神恵内村,140.505295,43.186275
字トーマル,古宇郡神恵内村,1358,大字神恵内村,140.505721,43.18628
字トーマル,古宇郡神恵内村,2273-5,大字神恵内村,140.506152,43.186132
字トーマル,古宇郡神恵内村,1325-1,大字神恵内村,140.50612,43.18643
字トーマル,古宇郡神恵内村,2273-2,大字神恵内村,140.505725,43.186571
字トーマル,古宇郡神恵内村,1325-3,大字神恵内村,140.50586,43.186598
字トーマル,古宇郡神恵内村,2269,大字神恵内村,140.505233,43.1871
字トーマル,古宇郡神恵内村,1353-4,大字神恵内村,140.505102,43.187069
字トーマル,古宇郡神恵内村,1353-2,大字神恵内村,140.50515,43.187053
字トーマル,古宇郡神恵内村,2140-1,大字神恵内村,140.505218,43.186699
字トーマル,古宇郡神恵内村,1325-2,大字神恵内村,140.505728,43.186692
字トーマル,古宇郡神恵内村,2261,大字神恵内村,140.504734,43.186563
字トーマル,古宇郡神恵内村,1361-3,大字神恵内村,140.504502,43.186722
字トーマル,古宇郡神恵内村,2140-2,大字神恵内村,140.504832,43.1867
字トーマル,古宇郡神恵内村,1354-2,大字神恵内村,140.504629,43.186852
字トーマル,古宇郡神恵内村,1353-1,大字神恵内村,140.504469,43.187121
字トーマル,古宇郡神恵内村,2254,大字神恵内村,140.504489,43.186815
字トーマル,古宇郡神恵内村,1354-1,大字神恵内村,140.504516,43.186874
字トーマル,古宇郡神恵内村,1360,大字神恵内村,140.504144,43.187021
字トーマル,古宇郡神恵内村,1363-1,大字神恵内村,140.503736,43.186968
字トーマル,古宇郡神恵内村,1361-1,大字神恵内村,140.503991,43.186678
字トーマル,古宇郡神恵内村,1359-1,大字神恵内村,140.504195,43.186403
字トーマル,古宇郡神恵内村,1369,大字神恵内村,140.50373,43.186448
字トーマル,古宇郡神恵内村,1370-1,大字神恵内村,140.503879,43.186125
字トーマル,古宇郡神恵内村,1359-3,大字神恵内村,140.504543,43.186346
字トーマル,古宇郡神恵内村,1359-2,大字神恵内村,140.504852,43.186331
字トーマル,古宇郡神恵内村,1415-3,大字神恵内村,140.504806,43.186226
字トーマル,古宇郡神恵内村,1415-2,大字神恵内村,140.504487,43.186
字トーマル,古宇郡神恵内村,1415-4,大字神恵内村,140.5045,43.18588
字トーマル,古宇郡神恵内村,2141-3,大字神恵内村,140.504478,43.185863
字トーマル,古宇郡神恵内村,1415-1,大字神恵内村,140.50491,43.185964
字トーマル,古宇郡神恵内村,2141-1,大字神恵内村,140.50445,43.185645
字トーマル,古宇郡神恵内村,2141-2,大字神恵内村,140.504197,43.185775
字トーマル,古宇郡神恵内村,1370-3,大字神恵内村,140.503782,43.185807
字トーマル,古宇郡神恵内村,2260,大字神恵内村,140.503708,43.185739
字トーマル,古宇郡神恵内村,1374-4,大字神恵内村,140.503681,43.185645
字トーマル,古宇郡神恵内村,1374-3,大字神恵内村,140.503537,43.185726
字トーマル,古宇郡神恵内村,1373-3,大字神恵内村,140.503252,43.185838
字トーマル,古宇郡神恵内村,1374-2,大字神恵内村,140.50304,43.185837
字トーマル,古宇郡神恵内村,1373-1,大字神恵内村,140.503182,43.185958
字トーマル,古宇郡神恵内村,1373-2,大字神恵内村,140.503316,43.186006
字トーマル,古宇郡神恵内村,1370-2,大字神恵内村,140.503585,43.185938
字トーマル,古宇郡神恵内村,1383-2,大字神恵内村,140.503073,43.186334
字トーマル,古宇郡神恵内村,1384-2,大字神恵内村,140.503138,43.18628
字トーマル,古宇郡神恵内村,1384-3,大字神恵内村,140.503119,43.186175
字トーマル,古宇郡神恵内村,1384-1,大字神恵内村,140.502633,43.186159
字トーマル,古宇郡神恵内村,1383-3,大字神恵内村,140.502948,43.186329
字トーマル,古宇郡神恵内村,1383-1,大字神恵内村,140.502772,43.186331
字トーマル,古宇郡神恵内村,2128-2,大字神恵内村,140.502459,43.185989
字トーマル,古宇郡神恵内村,1384-5,大字神恵内村,140.502785,43.185903
字トーマル,古宇郡神恵内村,1384-4,大字神恵内村,140.502747,43.1858
字トーマル,古宇郡神恵内村,1376-2,大字神恵内村,140.502743,43.185699
字トーマル,古宇郡神恵内村,2264,大字神恵内村,140.50687,43.184209
字トーマル,古宇郡神恵内村,1376-3,大字神恵内村,140.502535,43.185659
字トーマル,古宇郡神恵内村,2130-1,大字神恵内村,140.502181,43.185598
字トーマル,古宇郡神恵内村,2129,大字神恵内村,140.50223,43.185808
字トーマル,古宇郡神恵内村,1378-3,大字神恵内村,140.502485,43.185783
字トーマル,古宇郡神恵内村,2130-2,大字神恵内村,140.501996,43.185772
字トーマル,古宇郡神恵内村,1413-1,大字神恵内村,140.501673,43.185645
字トーマル,古宇郡神恵内村,2132-1,大字神恵内村,140.501187,43.185689
字トーマル,古宇郡神恵内村,2132-3,大字神恵内村,140.501214,43.185971
字トーマル,古宇郡神恵内村,1413-2,大字神恵内村,140.501729,43.185786
字トーマル,古宇郡神恵内村,2259,大字神恵内村,140.50158,43.186058
字トーマル,古宇郡神恵内村,2246,大字神恵内村,140.501496,43.186128
字トーマル,古宇郡神恵内村,2132-2,大字神恵内村,140.501371,43.18617
字トーマル,古宇郡神恵内村,2147-1,大字神恵内村,140.50191,43.186295
字トーマル,古宇郡神恵内村,2148,大字神恵内村,140.501791,43.185931
字トーマル,古宇郡神恵内村,2147-2,大字神恵内村,140.501932,43.186011
字トーマル,古宇郡神恵内村,2128-1,大字神恵内村,140.502354,43.186129
字トーマル,古宇郡神恵内村,1386-2,大字神恵内村,140.501913,43.186592
字トーマル,古宇郡神恵内村,1386-4,大字神恵内村,140.501743,43.186628
字トーマル,古宇郡神恵内村,1386-3,大字神恵内村,140.501051,43.186692
字トーマル,古宇郡神恵内村,1386-1,大字神恵内村,140.501374,43.186665
字トーマル,古宇郡神恵内村,2236,大字神恵内村,140.501731,43.18697
字トーマル,古宇郡神恵内村,2248-2,大字神恵内村,140.502044,43.187288
字トーマル,古宇郡神恵内村,2237-1,大字神恵内村,140.502082,43.187162
字トーマル,古宇郡神恵内村,1385-3,大字神恵内村,140.50189,43.186843
字トーマル,古宇郡神恵内村,2237-3,大字神恵内村,140.50213,43.186939
字トーマル,古宇郡神恵内村,2239-3,大字神恵内村,140.502473,43.187191
字トーマル,古宇郡神恵内村,2239-1,大字神恵内村,140.502621,43.187156
字トーマル,古宇郡神恵内村,2239-2,大字神恵内村,140.503053,43.186864
字トーマル,古宇郡神恵内村,2237-2,大字神恵内村,140.502394,43.186624
字トーマル,古宇郡神恵内村,1385-4,大字神恵内村,140.502912,43.186496
字トーマル,古宇郡神恵内村,2248-3,大字神恵内村,140.502865,43.186615
字トーマル,古宇郡神恵内村,1367-2,大字神恵内村,140.503494,43.186827
字トーマル,古宇郡神恵内村,1368-2,大字神恵内村,140.503434,43.186662
字トーマル,古宇郡神恵内村,1368-1,大字神恵内村,140.503406,43.186326
字トーマル,古宇郡神恵内村,1361-2,大字神恵内村,140.503635,43.186812
字トーマル,古宇郡神恵内村,1363-3,大字神恵内村,140.503574,43.186966
字トーマル,古宇郡神恵内村,1363-2,大字神恵内村,140.503409,43.187045
字トーマル,古宇郡神恵内村,1362-3,大字神恵内村,140.503545,43.187281
字トーマル,古宇郡神恵内村,1364-2,大字神恵内村,140.503677,43.187542
字トーマル,古宇郡神恵内村,1364-1,大字神恵内村,140.503255,43.187408
字トーマル,古宇郡神恵内村,1362-2,大字神恵内村,140.503362,43.187234
字トーマル,古宇郡神恵内村,2238-2,大字神恵内村,140.502775,43.187398
字トーマル,古宇郡神恵内村,1365,大字神恵内村,140.503038,43.187592
字トーマル,古宇郡神恵内村,2251-1,大字神恵内村,140.502428,43.187483
字トーマル,古宇郡神恵内村,1364-3,大字神恵内村,140.503519,43.187531
字トーマル,古宇郡神恵内村,1351-2,大字神恵内村,140.50354,43.187933
字トーマル,古宇郡神恵内村,2265,大字神恵内村,140.500395,43.189377
字トーマル,古宇郡神恵内村,1332-3,大字神恵内村,140.503799,43.188336
字トーマル,古宇郡神恵内村,2233,大字神恵内村,140.501291,43.188056
字トーマル,古宇郡神恵内村,2250-2,大字神恵内村,140.501352,43.188162
字トーマル,古宇郡神恵内村,2234-3,大字神恵内村,140.501064,43.187975
字トーマル,古宇郡神恵内村,2234-5,大字神恵内村,140.500998,43.187993
字トーマル,古宇郡神恵内村,2250-5,大字神恵内村,140.501632,43.187869
字トーマル,古宇郡神恵内村,1390-3,大字神恵内村,140.501573,43.187824
字トーマル,古宇郡神恵内村,1332-2,大字神恵内村,140.50191,43.187731
字トーマル,古宇郡神恵内村,2250-3,大字神恵内村,140.50172,43.187776
字トーマル,古宇郡神恵内村,2235,大字神恵内村,140.50177,43.187675
字トーマル,古宇郡神恵内村,2251-3,大字神恵内村,140.502282,43.18744
字トーマル,古宇郡神恵内村,2251-2,大字神恵内村,140.502233,43.187418
字トーマル,古宇郡神恵内村,2248-5,大字神恵内村,140.502157,43.187318
字トーマル,古宇郡神恵内村,2238-3,大字神恵内村,140.502348,43.187358
字トーマル,古宇郡神恵内村,2238-1,大字神恵内村,140.502317,43.187352
字トーマル,古宇郡神恵内村,2234-1,大字神恵内村,140.501499,43.187443
字トーマル,古宇郡神恵内村,1389,大字神恵内村,140.500642,43.187523
字トーマル,古宇郡神恵内村,2248-4,大字神恵内村,140.500463,43.187217
字トーマル,古宇郡神恵内村,2230-1,大字神恵内村,140.500107,43.187389
字トーマル,古宇郡神恵内村,2145,大字神恵内村,140.500253,43.187925
字トーマル,古宇郡神恵内村,2234-2,大字神恵内村,140.500792,43.187866
字トーマル,古宇郡神恵内村,2234-4,大字神恵内村,140.500853,43.187901
字トーマル,古宇郡神恵内村,1393,大字神恵内村,140.500696,43.188094
字トーマル,古宇郡神恵内村,1392,大字神恵内村,140.5009,43.188368
字トーマル,古宇郡神恵内村,2250-4,大字神恵内村,140.501049,43.188476
字トーマル,古宇郡神恵内村,2143,大字神恵内村,140.500392,43.18868
字トーマル,古宇郡神恵内村,1402,大字神恵内村,140.4998,43.188706
字トーマル,古宇郡神恵内村,1396,大字神恵内村,140.49996,43.188515
字トーマル,古宇郡神恵内村,1397,大字神恵内村,140.499705,43.188273
字トーマル,古宇郡神恵内村,2248-1,大字神恵内村,140.499695,43.188011
字トーマル,古宇郡神恵内村,1405,大字神恵内村,140.499226,43.187997
字トーマル,古宇郡神恵内村,1401,大字神恵内村,140.499365,43.188728
字トーマル,古宇郡神恵内村,2131,大字神恵内村,140.498838,43.188399
字トーマル,古宇郡神恵内村,1337,大字神恵内村,140.498397,43.188178
字トーマル,古宇郡神恵内村,1406,大字神恵内村,140.499687,43.187818
字トーマル,古宇郡神恵内村,1407,大字神恵内村,140.499552,43.187481
字トーマル,古宇郡神恵内村,1338-3,大字神恵内村,140.499112,43.186414
字トーマル,古宇郡神恵内村,2229-1,大字神恵内村,140.499917,43.187089
字トーマル,古宇郡神恵内村,2229-3,大字神恵内村,140.500291,43.186957
字トーマル,古宇郡神恵内村,2229-2,大字神恵内村,140.500167,43.18676
字トーマル,古宇郡神恵内村,2230-3,大字神恵内村,140.500434,43.187164
字トーマル,古宇郡神恵内村,2146,大字神恵内村,140.501028,43.187122
字トーマル,古宇郡神恵内村,2230-2,大字神恵内村,140.500549,43.186878
字トーマル,古宇郡神恵内村,1408-3,大字神恵内村,140.50046,43.186622
字トーマル,古宇郡神恵内村,1410-2,大字神恵内村,140.500948,43.186631
字トーマル,古宇郡神恵内村,1410-1,大字神恵内村,140.500944,43.186457
字トーマル,古宇郡神恵内村,2232,大字神恵内村,140.500415,43.186517
字トーマル,古宇郡神恵内村,2231,大字神恵内村,140.500301,43.186481
字トーマル,古宇郡神恵内村,1409-3,大字神恵内村,140.500218,43.186605
字トーマル,古宇郡神恵内村,1338-5,大字神恵内村,140.499611,43.186488
字トーマル,古宇郡神恵内村,1339-4,大字神恵内村,140.499762,43.186106
字トーマル,古宇郡神恵内村,1339-3,大字神恵内村,140.500385,43.186075
字トーマル,古宇郡神恵内村,2245,大字神恵内村,140.50031,43.186387
字トーマル,古宇郡神恵内村,1339-2,大字神恵内村,140.500368,43.18631
字トーマル,古宇郡神恵内村,1411-1,大字神恵内村,140.500487,43.186302
字トーマル,古宇郡神恵内村,1411-2,大字神恵内村,140.500792,43.186099
字トーマル,古宇郡神恵内村,1338-6,大字神恵内村,140.499356,43.186186
字トーマル,古宇郡神恵内村,1338-2,大字神恵内村,140.498504,43.185796
字トーマル,古宇郡神恵内村,1338-4,大字神恵内村,140.497945,43.186353
字トーマル,古宇郡神恵内村,1344-4,大字神恵内村,140.497638,43.186107
字トーマル,古宇郡神恵内村,2257,大字神恵内村,140.497831,43.186077
字トーマル,古宇郡神恵内村,1344-5,大字神恵内村,140.497314,43.186109
字トーマル,古宇郡神恵内村,1344-3,大字神恵内村,140.497647,43.185925
字トーマル,古宇郡神恵内村,1344-1,大字神恵内村,140.496484,43.186563
字トーマル,古宇郡神恵内村,2242,大字神恵内村,140.496933,43.187013
字トーマル,古宇郡神恵内村,1338-1,大字神恵内村,140.497942,43.187286
字トーマル,古宇郡神恵内村,1336,大字神恵内村,140.497448,43.188308
字トーマル,古宇郡神恵内村,1345-2,大字神恵内村,140.495777,43.185746
字トーマル,古宇郡神恵内村,1346-1,大字神恵内村,140.494995,43.185622
字トーマル,古宇郡神恵内村,1350-6,大字神恵内村,140.492738,43.184526
字トーマル,古宇郡神恵内村,1350-4,大字神恵内村,140.493177,43.18484
字トーマル,古宇郡神恵内村,2256-2,大字神恵内村,140.492177,43.18467
字トーマル,古宇郡神恵内村,2256-1,大字神恵内村,140.492049,43.184838
字トーマル,古宇郡神恵内村,1350-5,大字神恵内村,140.49231,43.184939
字トーマル,古宇郡神恵内村,1350-3,大字神恵内村,140.492691,43.184823
字トーマル,古宇郡神恵内村,1350-2,大字神恵内村,140.492617,43.185334
字トーマル,古宇郡神恵内村,1347-4,大字神恵内村,140.493492,43.185301
字トーマル,古宇郡神恵内村,1347-2,大字神恵内村,140.49298,43.185586
字トーマル,古宇郡神恵内村,1347-3,大字神恵内村,140.493258,43.185479
字トーマル,古宇郡神恵内村,1347-7,大字神恵内村,140.494462,43.185087
字トーマル,古宇郡神恵内村,1347-5,大字神恵内村,140.493734,43.184943
字トーマル,古宇郡神恵内村,1347-8,大字神恵内村,140.49368,43.184684
字トーマル,古宇郡神恵内村,1347-1,大字神恵内村,140.494643,43.184264
字トーマル,古宇郡神恵内村,2262,大字神恵内村,140.495118,43.184455
字トーマル,古宇郡神恵内村,2241-3,大字神恵内村,140.495774,43.184039
字トーマル,古宇郡神恵内村,1346-2,大字神恵内村,140.495892,43.184592
字トーマル,古宇郡神恵内村,1346-5,大字神恵内村,140.49503,43.185172
字トーマル,古宇郡神恵内村,1346-4,大字神恵内村,140.495043,43.184937
字トーマル,古宇郡神恵内村,1346-3,大字神恵内村,140.495561,43.184922
字トーマル,古宇郡神恵内村,1347-6,大字神恵内村,140.494668,43.184916
字トーマル,古宇郡神恵内村,1345-5,大字神恵内村,140.495753,43.185374
字トーマル,古宇郡神恵内村,1345-3,大字神恵内村,140.496186,43.185541
字トーマル,古宇郡神恵内村,1345-4,大字神恵内村,140.496452,43.185358
字トーマル,古宇郡神恵内村,1345-1,大字神恵内村,140.496594,43.184873
字トーマル,古宇郡神恵内村,1344-6,大字神恵内村,140.496957,43.185548
字トーマル,古宇郡神恵内村,1344-2,大字神恵内村,140.497805,43.185501
字トーマル,古宇郡神恵内村,2241-1,大字神恵内村,140.496262,43.184291
字トーマル,古宇郡神恵内村,1348,大字神恵内村,140.497387,43.182686
字トーマル,古宇郡神恵内村,1349,大字神恵内村,140.494674,43.182773
字トーマル,古宇郡神恵内村,2241-2,大字神恵内村,140.495702,43.184003
字トーマル,古宇郡神恵内村,2240,大字神恵内村,140.493447,43.183199
字トーマル,古宇郡神恵内村,1350-1,大字神恵内村,140.493527,43.183997
字駒吉沢,古宇郡神恵内村,1508-4,大字神恵内村,140.451116,43.186218
字駒吉沢,古宇郡神恵内村,2167,大字神恵内村,140.451196,43.187437
字駒吉沢,古宇郡神恵内村,1508-1,大字神恵内村,140.448785,43.187404
字駒吉沢,古宇郡神恵内村,1508-2,大字神恵内村,140.450729,43.188465
字駒吉沢,古宇郡神恵内村,2168,大字神恵内村,140.450061,43.189657
字駒吉沢,古宇郡神恵内村,1508-3,大字神恵内村,140.451314,43.189654
字瀧ノ沢,古宇郡神恵内村,931,大字神恵内村,140.438721,43.189832
字瀧ノ沢,古宇郡神恵内村,930,大字神恵内村,140.441285,43.189937
字駒吉沢,古宇郡神恵内村,2169,大字神恵内村,140.439362,43.189411
字駒吉沢,古宇郡神恵内村,1507-1,大字神恵内村,140.440074,43.187218
字駒吉沢,古宇郡神恵内村,1502,大字神恵内村,140.442795,43.181008
字駒吉沢,古宇郡神恵内村,1505,大字神恵内村,140.440527,43.181431
字駒吉沢,古宇郡神恵内村,2297,大字神恵内村,140.441526,43.180476
字駒吉沢,古宇郡神恵内村,1499,大字神恵内村,140.4451,43.180278
字駒吉沢,古宇郡神恵内村,1500,大字神恵内村,140.445804,43.180807
字駒吉沢,古宇郡神恵内村,1501,大字神恵内村,140.444537,43.181289
字駒吉沢,古宇郡神恵内村,1506,大字神恵内村,140.443126,43.183332
字駒吉沢,古宇郡神恵内村,2166,大字神恵内村,140.449016,43.181639
字駒吉沢,古宇郡神恵内村,1507-2,大字神恵内村,140.450152,43.18474
字駒吉沢,古宇郡神恵内村,1508-5,大字神恵内村,140.450473,43.185103
字駒吉沢,古宇郡神恵内村,2295,大字神恵内村,140.451999,43.181909
字駒吉沢,古宇郡神恵内村,1495,大字神恵内村,140.451371,43.180105
字駒吉沢,古宇郡神恵内村,1493,大字神恵内村,140.44999,43.180692
字駒吉沢,古宇郡神恵内村,1492,大字神恵内村,140.450921,43.181779
字駒吉沢,古宇郡神恵内村,1496,大字神恵内村,140.447984,43.180871
字駒吉沢,古宇郡神恵内村,2296,大字神恵内村,140.446647,43.180183
字駒吉沢,古宇郡神恵内村,1497,大字神恵内村,140.447211,43.179649
字駒吉沢,古宇郡神恵内村,1498,大字神恵内村,140.446049,43.179667
字駒吉沢,古宇郡神恵内村,2165,大字神恵内村,140.444617,43.180172
字駒吉沢,古宇郡神恵内村,1489-1,大字神恵内村,140.447779,43.178701
字駒吉沢,古宇郡神恵内村,2299,大字神恵内村,140.445835,43.176226
字駒吉沢,古宇郡神恵内村,1485-1,大字神恵内村,140.449668,43.176802
字駒吉沢,古宇郡神恵内村,1490-4,大字神恵内村,140.4504,43.178193
字駒吉沢,古宇郡神恵内村,1489-2,大字神恵内村,140.447135,43.177264
字駒吉沢,古宇郡神恵内村,1490-2,大字神恵内村,140.450466,43.178286
字駒吉沢,古宇郡神恵内村,1490-3,大字神恵内村,140.450321,43.178575
字駒吉沢,古宇郡神恵内村,1490-1,大字神恵内村,140.451168,43.179126
字駒吉沢,古宇郡神恵内村,水-24,大字神恵内村,140.455878,43.178152
字駒吉沢,古宇郡神恵内村,2294,大字神恵内村,140.451272,43.18254
字駒吉沢,古宇郡神恵内村,1491-1,大字神恵内村,140.452189,43.180833
字駒吉沢,古宇郡神恵内村,1483,大字神恵内村,140.452843,43.176061
字駒吉沢,古宇郡神恵内村,1484,大字神恵内村,140.452481,43.177496
字駒吉沢,古宇郡神恵内村,2164,大字神恵内村,140.452765,43.175634
字駒吉沢,古宇郡神恵内村,1485-2,大字神恵内村,140.451946,43.175872
字駒吉沢,古宇郡神恵内村,1485-3,大字神恵内村,140.451069,43.176259
字駒吉沢,古宇郡神恵内村,1482-1,大字神恵内村,140.452605,43.175277
字駒吉沢,古宇郡神恵内村,1482-4,大字神恵内村,140.453039,43.174647
字駒吉沢,古宇郡神恵内村,1482-2,大字神恵内村,140.453022,43.174601
字駒吉沢,古宇郡神恵内村,1491-3,大字神恵内村,140.453379,43.175037
字駒吉沢,古宇郡神恵内村,1491-5,大字神恵内村,140.45389,43.175603
字駒吉沢,古宇郡神恵内村,1491-4,大字神恵内村,140.453014,43.175428
字駒吉沢,古宇郡神恵内村,1491-2,大字神恵内村,140.452927,43.175461
字駒吉沢,古宇郡神恵内村,1482-5,大字神恵内村,140.452924,43.175192
字駒吉沢,古宇郡神恵内村,1482-6,大字神恵内村,140.45268,43.175533
字駒吉沢,古宇郡神恵内村,1482-3,大字神恵内村,140.452709,43.175586
字駒吉沢,古宇郡神恵内村,1481,大字神恵内村,140.453441,43.174094
字駒吉沢,古宇郡神恵内村,2298,大字神恵内村,140.454035,43.173781
字駒吉沢,古宇郡神恵内村,長狭物不明-141,大字神恵内村,140.454403,43.173394
字大川,古宇郡神恵内村,444,大字神恵内村,140.453988,43.172801
字駒吉沢,古宇郡神恵内村,1476,大字神恵内村,140.453615,43.17355
字駒吉沢,古宇郡神恵内村,1480-2,大字神恵内村,140.452945,43.173162
字駒吉沢,古宇郡神恵内村,1480-3,大字神恵内村,140.452995,43.173999
字駒吉沢,古宇郡神恵内村,2301,大字神恵内村,140.450155,43.173287
字駒吉沢,古宇郡神恵内村,1480-1,大字神恵内村,140.449656,43.174565
字駒吉沢,古宇郡神恵内村,1479,大字神恵内村,140.446435,43.173026
字駒吉沢,古宇郡神恵内村,1486,大字神恵内村,140.443609,43.175274
字駒吉沢,古宇郡神恵内村,1487,大字神恵内村,140.444938,43.177178
字駒吉沢,古宇郡神恵内村,1488,大字神恵内村,140.445566,43.177627
字駒吉沢,古宇郡神恵内村,1503,大字神恵内村,140.4439,43.178892
字駒吉沢,古宇郡神恵内村,1504,大字神恵内村,140.440779,43.179319
字駒吉沢,古宇郡神恵内村,1468,大字神恵内村,140.448049,43.160965
字駒吉沢,古宇郡神恵内村,2303,大字神恵内村,140.448953,43.160769
字駒吉沢,古宇郡神恵内村,1469,大字神恵内村,140.449236,43.161578
字駒吉沢,古宇郡神恵内村,1470,大字神恵内村,140.451352,43.162876
字大川,古宇郡神恵内村,2071-1,大字神恵内村,140.455987,43.160188
字大川,古宇郡神恵内村,2070,大字神恵内村,140.455176,43.160552
字大川,古宇郡神恵内村,2114-1,大字神恵内村,140.456768,43.160386
字大川,古宇郡神恵内村,2068,大字神恵内村,140.455787,43.161142
字大川,古宇郡神恵内村,2066,大字神恵内村,140.455283,43.16152
字大川,古宇郡神恵内村,2107,大字神恵内村,140.456373,43.16179
字大川,古宇郡神恵内村,2065,大字神恵内村,140.4555,43.16231
字大川,古宇郡神恵内村,440-12,大字神恵内村,140.454718,43.162798
字大川,古宇郡神恵内村,440-11,大字神恵内村,140.454655,43.163164
字大川,古宇郡神恵内村,440-1,大字神恵内村,140.455002,43.163067
字大川,古宇郡神恵内村,2025,大字神恵内村,140.45583,43.163347
字大川,古宇郡神恵内村,440-9,大字神恵内村,140.454854,43.163355
,古宇郡神恵内村,2424,大字神恵内村,140.45558,43.164028
字大川,古宇郡神恵内村,440-5,大字神恵内村,140.455356,43.163963
字大川,古宇郡神恵内村,440-6,大字神恵内村,140.455114,43.163694
字大川,古宇郡神恵内村,440-7,大字神恵内村,140.454891,43.163704
字大川,古宇郡神恵内村,2022,大字神恵内村,140.455665,43.164147
,古宇郡神恵内村,2425,大字神恵内村,140.455454,43.164571
字大川,古宇郡神恵内村,440-2,大字神恵内村,140.454384,43.164069
字大川,古宇郡神恵内村,440-3,大字神恵内村,140.454567,43.163899
字大川,古宇郡神恵内村,440-4,大字神恵内村,140.454607,43.16365
字大川,古宇郡神恵内村,440-8,大字神恵内村,140.454656,43.163454
字大川,古宇郡神恵内村,440-10,大字神恵内村,140.454681,43.163327
字駒吉沢,古宇郡神恵内村,1471-1,大字神恵内村,140.451892,43.16533
字駒吉沢,古宇郡神恵内村,1000-3,大字神恵内村,140.453684,43.166371
字駒吉沢,古宇郡神恵内村,1000-1,大字神恵内村,140.454417,43.165709
字大川,古宇郡神恵内村,292-1,大字神恵内村,140.454662,43.164748
字大川,古宇郡神恵内村,256-4,大字神恵内村,140.455282,43.1652
字大川,古宇郡神恵内村,292-2,大字神恵内村,140.45519,43.165175
字大川,古宇郡神恵内村,256-5,大字神恵内村,140.455289,43.16518
,古宇郡神恵内村,2426,大字神恵内村,140.455009,43.166033
字駒吉沢,古宇郡神恵内村,1000-5,大字神恵内村,140.454764,43.166107
字駒吉沢,古宇郡神恵内村,1000-2,大字神恵内村,140.454766,43.16656
字大川,古宇郡神恵内村,256-1,大字神恵内村,140.455234,43.167467
字駒吉沢,古宇郡神恵内村,1000-4,大字神恵内村,140.454166,43.166472
,古宇郡神恵内村,2423,大字神恵内村,140.45374,43.166516
字駒吉沢,古宇郡神恵内村,850-1,大字神恵内村,140.453963,43.167251
字駒吉沢,古宇郡神恵内村,850-3,大字神恵内村,140.454479,43.167126
,古宇郡神恵内村,2432,大字神恵内村,140.454513,43.166922
字駒吉沢,古宇郡神恵内村,850-2,大字神恵内村,140.45462,43.167094
,古宇郡神恵内村,2421,大字神恵内村,140.453799,43.168
,古宇郡神恵内村,2433,大字神恵内村,140.45445,43.168057
,古宇郡神恵内村,2427,大字神恵内村,140.454513,43.167857
字駒吉沢,古宇郡神恵内村,1474-3,大字神恵内村,140.455105,43.168864
字駒吉沢,古宇郡神恵内村,1473-6,大字神恵内村,140.454497,43.1689
字駒吉沢,古宇郡神恵内村,1473-3,大字神恵内村,140.454429,43.168455
字駒吉沢,古宇郡神恵内村,1473-2,大字神恵内村,140.454083,43.168285
字駒吉沢,古宇郡神恵内村,2302,大字神恵内村,140.451709,43.168722
字駒吉沢,古宇郡神恵内村,1471-2,大字神恵内村,140.452762,43.166739
字駒吉沢,古宇郡神恵内村,1472,大字神恵内村,140.451637,43.170078
字駒吉沢,古宇郡神恵内村,1478,大字神恵内村,140.446755,43.171472
字駒吉沢,古宇郡神恵内村,1477-1,大字神恵内村,140.452655,43.171866
字駒吉沢,古宇郡神恵内村,2300,大字神恵内村,140.453166,43.172747
字駒吉沢,古宇郡神恵内村,1475-3,大字神恵内村,140.453157,43.172602
字駒吉沢,古宇郡神恵内村,1477-2,大字神恵内村,140.452892,43.172626
字駒吉沢,古宇郡神恵内村,1475-2,大字神恵内村,140.453387,43.172329
字駒吉沢,古宇郡神恵内村,1475-4,大字神恵内村,140.453217,43.172139
字駒吉沢,古宇郡神恵内村,1477-3,大字神恵内村,140.453216,43.171781
字駒吉沢,古宇郡神恵内村,2163,大字神恵内村,140.453121,43.171495
字駒吉沢,古宇郡神恵内村,1473-5,大字神恵内村,140.453519,43.171052
字駒吉沢,古宇郡神恵内村,1473-4,大字神恵内村,140.453304,43.171439
字駒吉沢,古宇郡神恵内村,1473-1,大字神恵内村,140.453603,43.16907
字駒吉沢,古宇郡神恵内村,1474-2,大字神恵内村,140.454489,43.16956
字駒吉沢,古宇郡神恵内村,1474-1,大字神恵内村,140.455197,43.169874
字駒吉沢,古宇郡神恵内村,2162,大字神恵内村,140.453221,43.17199
字駒吉沢,古宇郡神恵内村,1475-1,大字神恵内村,140.45407,43.171691
字駒吉沢,古宇郡神恵内村,1474-4,大字神恵内村,140.456624,43.169526
,古宇郡神恵内村,道-6,大字神恵内村,140.462414,43.16662
字トーマル,古宇郡神恵内村,1133-3,大字神恵内村,140.462796,43.166811
字トーマル,古宇郡神恵内村,1133-2,大字神恵内村,140.463318,43.16699
字トーマル,古宇郡神恵内村,1133-11,大字神恵内村,140.462961,43.166557
字トーマル,古宇郡神恵内村,1133-5,大字神恵内村,140.463222,43.167061
,古宇郡神恵内村,水-2,大字神恵内村,140.465393,43.168197
字トーマル,古宇郡神恵内村,1133-7,大字神恵内村,140.463736,43.167536
字トーマル,古宇郡神恵内村,2346,大字神恵内村,140.46287,43.16749
字トーマル,古宇郡神恵内村,2204,大字神恵内村,140.463975,43.167909
,古宇郡神恵内村,道-7,大字神恵内村,140.463269,43.167688
字トーマル,古宇郡神恵内村,1133-6,大字神恵内村,140.46393,43.167574
字トーマル,古宇郡神恵内村,1133-8,大字神恵内村,140.463962,43.167825
字トーマル,古宇郡神恵内村,1133-4,大字神恵内村,140.464458,43.168035
字トーマル,古宇郡神恵内村,821-3,大字神恵内村,140.465029,43.167923
字トーマル,古宇郡神恵内村,821-2,大字神恵内村,140.464911,43.168245
字トーマル,古宇郡神恵内村,1131,大字神恵内村,140.465788,43.168654
字トーマル,古宇郡神恵内村,821-1,大字神恵内村,140.464634,43.168181
字トーマル,古宇郡神恵内村,1132-2,大字神恵内村,140.464513,43.168318
,古宇郡神恵内村,2417,大字神恵内村,140.464665,43.168587
字トーマル,古宇郡神恵内村,2203,大字神恵内村,140.464455,43.168559
字トーマル,古宇郡神恵内村,2202,大字神恵内村,140.464929,43.168933
字トーマル,古宇郡神恵内村,1132-3,大字神恵内村,140.464905,43.168632
字トーマル,古宇郡神恵内村,1132-1,大字神恵内村,140.465004,43.168483
字トーマル,古宇郡神恵内村,1078-2,大字神恵内村,140.46486,43.169227
,古宇郡神恵内村,2418,大字神恵内村,140.464858,43.169393
字トーマル,古宇郡神恵内村,1078-3,大字神恵内村,140.464887,43.169319
字トーマル,古宇郡神恵内村,1078-8,大字神恵内村,140.465117,43.169565
字トーマル,古宇郡神恵内村,841-1,大字神恵内村,140.465934,43.169496
字トーマル,古宇郡神恵内村,842,大字神恵内村,140.465938,43.169235
字トーマル,古宇郡神恵内村,841-2,大字神恵内村,140.4662,43.169503
字トーマル,古宇郡神恵内村,841-3,大字神恵内村,140.466662,43.16955
,古宇郡神恵内村,2419,大字神恵内村,140.467631,43.169913
字トーマル,古宇郡神恵内村,1078-5,大字神恵内村,140.465502,43.169667
字トーマル,古宇郡神恵内村,1078-7,大字神恵内村,140.465759,43.170006
字トーマル,古宇郡神恵内村,1078-4,大字神恵内村,140.467125,43.169899
字トーマル,古宇郡神恵内村,1078-1,大字神恵内村,140.466738,43.170657
,古宇郡神恵内村,2420,大字神恵内村,140.465827,43.17029
字トーマル,古宇郡神恵内村,2397,大字神恵内村,140.465354,43.169856
字トーマル,古宇郡神恵内村,2201,大字神恵内村,140.467689,43.171354
字トーマル,古宇郡神恵内村,1078-6,大字神恵内村,140.467658,43.171221
,古宇郡神恵内村,2430,大字神恵内村,140.467837,43.170743
字トーマル,古宇郡神恵内村,1130-4,大字神恵内村,140.467766,43.169825
字トーマル,古宇郡神恵内村,1130-3,大字神恵内村,140.467936,43.170093
字トーマル,古宇郡神恵内村,1130-1,大字神恵内村,140.467806,43.170165
字トーマル,古宇郡神恵内村,1130-2,大字神恵内村,140.46782,43.170273
字トーマル,古宇郡神恵内村,2292,大字神恵内村,140.468975,43.172307
字トーマル,古宇郡神恵内村,1417,大字神恵内村,140.470142,43.172025
字トーマル,古宇郡神恵内村,2293,大字神恵内村,140.470249,43.172767
字トーマル,古宇郡神恵内村,1416,大字神恵内村,140.470139,43.173101
,古宇郡神恵内村,2429,大字神恵内村,140.470951,43.173915
字トーマル,古宇郡神恵内村,1134-1,大字神恵内村,140.462608,43.16569
,古宇郡神恵内村,道-5,大字神恵内村,140.461991,43.165731
字トーマル,古宇郡神恵内村,1134-2,大字神恵内村,140.462394,43.165794
字トーマル,古宇郡神恵内村,1133-10,大字神恵内村,140.462214,43.166333
字トーマル,古宇郡神恵内村,638-9,大字神恵内村,140.461978,43.165317
字トーマル,古宇郡神恵内村,638-13,大字神恵内村,140.462018,43.165423
字トーマル,古宇郡神恵内村,1265-1,大字神恵内村,140.462141,43.1654
字トーマル,古宇郡神恵内村,1133-9,大字神恵内村,140.461758,43.165619
字トーマル,古宇郡神恵内村,1265-2,大字神恵内村,140.462307,43.165303
字トーマル,古宇郡神恵内村,638-3,大字神恵内村,140.462184,43.165172
字トーマル,古宇郡神恵内村,638-10,大字神恵内村,140.462241,43.165243
字トーマル,古宇郡神恵内村,639-2,大字神恵内村,140.462492,43.164954
字トーマル,古宇郡神恵内村,639-1,大字神恵内村,140.462181,43.165027
字トーマル,古宇郡神恵内村,1266-2,大字神恵内村,140.462684,43.164763
字トーマル,古宇郡神恵内村,1266-1,大字神恵内村,140.462096,43.164931
字トーマル,古宇郡神恵内村,638-12,大字神恵内村,140.462105,43.165273
字トーマル,古宇郡神恵内村,638-6,大字神恵内村,140.461979,43.16523
字トーマル,古宇郡神恵内村,638-5,大字神恵内村,140.46184,43.165293
字トーマル,古宇郡神恵内村,638-2,大字神恵内村,140.46152,43.164635
字トーマル,古宇郡神恵内村,638-11,大字神恵内村,140.461408,43.16455
字トーマル,古宇郡神恵内村,424-2,大字神恵内村,140.462131,43.164163
字トーマル,古宇郡神恵内村,1137-2,大字神恵内村,140.462528,43.164203
字トーマル,古宇郡神恵内村,424-3,大字神恵内村,140.461704,43.163982
字トーマル,古宇郡神恵内村,424-1,大字神恵内村,140.461411,43.163484
字トーマル,古宇郡神恵内村,1137-1,大字神恵内村,140.462128,43.163853
字トーマル,古宇郡神恵内村,343-1,大字神恵内村,140.459758,43.163816
字トーマル,古宇郡神恵内村,1268,大字神恵内村,140.459666,43.163249
字トーマル,古宇郡神恵内村,1267-1,大字神恵内村,140.459559,43.163379
字トーマル,古宇郡神恵内村,1267-2,大字神恵内村,140.459363,43.16359
字トーマル,古宇郡神恵内村,343-11,大字神恵内村,140.459352,43.163765
字トーマル,古宇郡神恵内村,343-6,大字神恵内村,140.459211,43.163763
字トーマル,古宇郡神恵内村,343-5,大字神恵内村,140.459206,43.163942
字トーマル,古宇郡神恵内村,343-3,大字神恵内村,140.459566,43.164124
字トーマル,古宇郡神恵内村,1135-3,大字神恵内村,140.459957,43.164362
字トーマル,古宇郡神恵内村,1135-4,大字神恵内村,140.459562,43.16421
字トーマル,古宇郡神恵内村,1135-1,大字神恵内村,140.460564,43.164745
,古宇郡神恵内村,2414,大字神恵内村,140.46073,43.164772
字トーマル,古宇郡神恵内村,1135-7,大字神恵内村,140.460704,43.164621
字トーマル,古宇郡神恵内村,1135-8,大字神恵内村,140.460279,43.164447
字トーマル,古宇郡神恵内村,1135-6,大字神恵内村,140.460844,43.164537
字トーマル,古宇郡神恵内村,343-7,大字神恵内村,140.460063,43.164179
字トーマル,古宇郡神恵内村,343-4,大字神恵内村,140.460527,43.164349
字トーマル,古宇郡神恵内村,343-10,大字神恵内村,140.460317,43.164187
,古宇郡神恵内村,2415,大字神恵内村,140.459732,43.163399
字トーマル,古宇郡神恵内村,343-9,大字神恵内村,140.461131,43.164104
字トーマル,古宇郡神恵内村,343-8,大字神恵内村,140.461307,43.164411
字トーマル,古宇郡神恵内村,1135-2,大字神恵内村,140.461301,43.164488
字トーマル,古宇郡神恵内村,638-7,大字神恵内村,140.46135,43.164579
字トーマル,古宇郡神恵内村,1135-5,大字神恵内村,140.461146,43.1645
字トーマル,古宇郡神恵内村,2205,大字神恵内村,140.46104,43.164601
字トーマル,古宇郡神恵内村,638-4,大字神恵内村,140.461495,43.164719
字トーマル,古宇郡神恵内村,638-8,大字神恵内村,140.461357,43.164884
字トーマル,古宇郡神恵内村,638-1,大字神恵内村,140.461413,43.1651
字トーマル,古宇郡神恵内村,1133-1,大字神恵内村,140.461356,43.165443
字トーマル,古宇郡神恵内村,343-2,大字神恵内村,140.459033,43.16506
字大川,古宇郡神恵内村,256-2,大字神恵内村,140.45628,43.165656
字大川,古宇郡神恵内村,256-3,大字神恵内村,140.457559,43.165487
字大川,古宇郡神恵内村,2020,大字神恵内村,140.456329,43.164557
字大川,古宇郡神恵内村,2021,大字神恵内村,140.45802,43.164542
字大川,古宇郡神恵内村,2024,大字神恵内村,140.457948,43.16399
字大川,古宇郡神恵内村,2026-1,大字神恵内村,140.458366,43.163582
字大川,古宇郡神恵内村,2032-1,大字神恵内村,140.458276,43.16404
字大川,古宇郡神恵内村,2032-2,大字神恵内村,140.45864,43.163525
字大川,古宇郡神恵内村,2026-2,大字神恵内村,140.458477,43.163422
字大川,古宇郡神恵内村,2032-3,大字神恵内村,140.458801,43.163442
字大川,古宇郡神恵内村,2035-2,大字神恵内村,140.458392,43.163341
字大川,古宇郡神恵内村,2035-1,大字神恵内村,140.458015,43.163552
字大川,古宇郡神恵内村,2036,大字神恵内村,140.457515,43.163331
字大川,古宇郡神恵内村,2023,大字神恵内村,140.456681,43.163664
字大川,古宇郡神恵内村,2106-1,大字神恵内村,140.457543,43.163515
,古宇郡神恵内村,2431,大字神恵内村,140.456442,43.163004
字大川,古宇郡神恵内村,2037,大字神恵内村,140.456734,43.16305
字大川,古宇郡神恵内村,2039,大字神恵内村,140.457502,43.163092
字大川,古宇郡神恵内村,2041,大字神恵内村,140.457022,43.1628
字大川,古宇郡神恵内村,2063,大字神恵内村,140.456223,43.162303
字大川,古宇郡神恵内村,2064,大字神恵内村,140.456774,43.162195
字大川,古宇郡神恵内村,2045-3,大字神恵内村,140.45735,43.161923
字大川,古宇郡神恵内村,2042,大字神恵内村,140.457018,43.162335
字大川,古宇郡神恵内村,2044-2,大字神恵内村,140.457839,43.162442
字大川,古宇郡神恵内村,2045-1,大字神恵内村,140.457313,43.162364
字大川,古宇郡神恵内村,2044-3,大字神恵内村,140.457446,43.161433
字大川,古宇郡神恵内村,2113-1,大字神恵内村,140.458579,43.161201
字大川,古宇郡神恵内村,2044-1,大字神恵内村,140.458005,43.161633
字大川,古宇郡神恵内村,2108-1,大字神恵内村,140.458168,43.162574
字大川,古宇郡神恵内村,2048-1,大字神恵内村,140.45855,43.162771
字大川,古宇郡神恵内村,2045-2,大字神恵内村,140.45766,43.162546
字大川,古宇郡神恵内村,2106-2,大字神恵内村,140.457826,43.162739
字大川,古宇郡神恵内村,2108-2,大字神恵内村,140.458034,43.162673
字大川,古宇郡神恵内村,2113-2,大字神恵内村,140.458091,43.162739
字大川,古宇郡神恵内村,2106-3,大字神恵内村,140.45804,43.162991
字大川,古宇郡神恵内村,2046-2,大字神恵内村,140.457939,43.162873
字大川,古宇郡神恵内村,2046-1,大字神恵内村,140.457773,43.162941
字大川,古宇郡神恵内村,2040,大字神恵内村,140.457771,43.163229
字大川,古宇郡神恵内村,2047-1,大字神恵内村,140.457966,43.163169
字大川,古宇郡神恵内村,2047-2,大字神恵内村,140.458214,43.163196
字大川,古宇郡神恵内村,2048-2,大字神恵内村,140.45827,43.16295
字大川,古宇郡神恵内村,2038,大字神恵内村,140.458558,43.163134
字大川,古宇郡神恵内村,2027,大字神恵内村,140.458655,43.163149
字大川,古宇郡神恵内村,2033,大字神恵内村,140.458965,43.163028
字大川,古宇郡神恵内村,2034-2,大字神恵内村,140.459015,43.162641
字大川,古宇郡神恵内村,2034-1,大字神恵内村,140.459321,43.162462
字トーマル,古宇郡神恵内村,344,大字神恵内村,140.461011,43.163074
字トーマル,古宇郡神恵内村,1138,大字神恵内村,140.461246,43.162549
字トーマル,古宇郡神恵内村,1136,大字神恵内村,140.460405,43.162861
字大川,古宇郡神恵内村,910,大字神恵内村,140.460907,43.162358
,古宇郡神恵内村,2416,大字神恵内村,140.46233,43.163903
字大川,古宇郡神恵内村,2049,大字神恵内村,140.45884,43.162122
字大川,古宇郡神恵内村,2050,大字神恵内村,140.458844,43.16179
字大川,古宇郡神恵内村,2051,大字神恵内村,140.459126,43.161768
字大川,古宇郡神恵内村,2052,大字神恵内村,140.459051,43.161381
字大川,古宇郡神恵内村,1206,大字神恵内村,140.460604,43.160949
字大川,古宇郡神恵内村,2053,大字神恵内村,140.458837,43.160885
字大川,古宇郡神恵内村,2057,大字神恵内村,140.458404,43.160213
字大川,古宇郡神恵内村,2109,大字神恵内村,140.458591,43.160555
字大川,古宇郡神恵内村,2059,大字神恵内村,140.457715,43.160224
字大川,古宇郡神恵内村,2056,大字神恵内村,140.458154,43.160454
字大川,古宇郡神恵内村,2055-1,大字神恵内村,140.458237,43.160977
字大川,古宇郡神恵内村,2055-2,大字神恵内村,140.457443,43.161125
字大川,古宇郡神恵内村,2043-1,大字神恵内村,140.457133,43.161311
字大川,古宇郡神恵内村,2067,大字神恵内村,140.45671,43.161593
字大川,古宇郡神恵内村,2069-1,大字神恵内村,140.456812,43.160993
字大川,古宇郡神恵内村,2043-2,大字神恵内村,140.457107,43.160915
字大川,古宇郡神恵内村,2043-4,大字神恵内村,140.457255,43.160771
字大川,古宇郡神恵内村,2043-3,大字神恵内村,140.457343,43.16044
字大川,古宇郡神恵内村,2069-2,大字神恵内村,140.457003,43.16024
字大川,古宇郡神恵内村,2114-2,大字神恵内村,140.457297,43.160257
字大川,古宇郡神恵内村,2029-1,大字神恵内村,140.457211,43.160112
字大川,古宇郡神恵内村,2114-3,大字神恵内村,140.456984,43.160072
字大川,古宇郡神恵内村,2112-1,大字神恵内村,140.456339,43.159773
字大川,古宇郡神恵内村,2075-1,大字神恵内村,140.456401,43.159788
字大川,古宇郡神恵内村,2112-2,大字神恵内村,140.456729,43.159759
字大川,古宇郡神恵内村,2075-2,大字神恵内村,140.456772,43.159833
字大川,古宇郡神恵内村,2072-1,大字神恵内村,140.456585,43.159928
字大川,古宇郡神恵内村,2071-2,大字神恵内村,140.456884,43.160063
字大川,古宇郡神恵内村,2072-2,大字神恵内村,140.456762,43.159914
字大川,古宇郡神恵内村,2029-2,大字神恵内村,140.456986,43.159968
字大川,古宇郡神恵内村,2062,大字神恵内村,140.457323,43.159798
字大川,古宇郡神恵内村,2084-1,大字神恵内村,140.456937,43.159425
字大川,古宇郡神恵内村,2084-2,大字神恵内村,140.456476,43.159428
字大川,古宇郡神恵内村,2077-1,大字神恵内村,140.455925,43.15945
字大川,古宇郡神恵内村,2077-2,大字神恵内村,140.456615,43.159737
字大川,古宇郡神恵内村,2095,大字神恵内村,140.456332,43.158517
字大川,古宇郡神恵内村,2094,大字神恵内村,140.4569,43.158841
字大川,古宇郡神恵内村,2093,大字神恵内村,140.457256,43.158953
字大川,古宇郡神恵内村,2090,大字神恵内村,140.457495,43.159163
字大川,古宇郡神恵内村,2116,大字神恵内村,140.458521,43.158801
字大川,古宇郡神恵内村,2091,大字神恵内村,140.457786,43.158882
字大川,古宇郡神恵内村,2092,大字神恵内村,140.458062,43.158772
字大川,古宇郡神恵内村,2054,大字神恵内村,140.458466,43.159035
字大川,古宇郡神恵内村,2058,大字神恵内村,140.458157,43.159476
字大川,古宇郡神恵内村,2061,大字神恵内村,140.457773,43.159855
字小川,古宇郡神恵内村,565-1,大字神恵内村,140.460982,43.158249
字小川,古宇郡神恵内村,565-5,大字神恵内村,140.46062,43.158894
字大川,古宇郡神恵内村,1097,大字神恵内村,140.460096,43.15862
,古宇郡神恵内村,2434,大字神恵内村,140.460002,43.158099
字大川,古宇郡神恵内村,1098,大字神恵内村,140.459919,43.15762
字ハンケベツ,古宇郡神恵内村,398-2,大字神恵内村,140.458582,43.157972
字ハンケベツ,古宇郡神恵内村,398-1,大字神恵内村,140.458622,43.158152
字大川,古宇郡神恵内村,2097,大字神恵内村,140.458141,43.158403
字大川,古宇郡神恵内村,2098,大字神恵内村,140.457492,43.158257
字大川,古宇郡神恵内村,2099,大字神恵内村,140.456631,43.158015
字大川,古宇郡神恵内村,2102-2,大字神恵内村,140.456785,43.157721
字大川,古宇郡神恵内村,2100,大字神恵内村,140.457473,43.157831
字冷水,古宇郡神恵内村,463,大字神恵内村,140.457059,43.156402
字冷水,古宇郡神恵内村,249,大字神恵内村,140.457153,43.156631
字ハンケベツ,古宇郡神恵内村,174,大字神恵内村,140.457907,43.155895
字ハンケベツ,古宇郡神恵内村,1092,大字神恵内村,140.456946,43.155853
字ハンケベツ,古宇郡神恵内村,175,大字神恵内村,140.457278,43.155553
字大川,古宇郡神恵内村,341-3,大字神恵内村,140.456912,43.155353
,古宇郡神恵内村,2467,大字神恵内村,140.456911,43.15561
字大川,古宇郡神恵内村,341-2,大字神恵内村,140.456421,43.15585
字大川,古宇郡神恵内村,341-1,大字神恵内村,140.456358,43.155381
字冷水,古宇郡神恵内村,1149,大字神恵内村,140.455775,43.155321
字大川,古宇郡神恵内村,341-4,大字神恵内村,140.456702,43.155123
,古宇郡神恵内村,2468,大字神恵内村,140.456514,43.154837
字冷水,古宇郡神恵内村,661,大字神恵内村,140.45667,43.154275
字小川,古宇郡神恵内村,1012,大字神恵内村,140.458931,43.154514
字小川,古宇郡神恵内村,897,大字神恵内村,140.458981,43.15651
字小川,古宇郡神恵内村,1079,大字神恵内村,140.461641,43.156675
字小川,古宇郡神恵内村,325,大字神恵内村,140.462643,43.156683
字小川,古宇郡神恵内村,326,大字神恵内村,140.463504,43.156701
字小川,古宇郡神恵内村,397,大字神恵内村,140.465361,43.156493
,古宇郡神恵内村,2479,大字神恵内村,140.465292,43.156108
,古宇郡神恵内村,2483,大字神恵内村,140.465999,43.157031
,古宇郡神恵内村,2438,大字神恵内村,140.465993,43.157512
字小川,古宇郡神恵内村,501-1,大字神恵内村,140.465065,43.157979
,古宇郡神恵内村,2437,大字神恵内村,140.464429,43.157518
字大川,古宇郡神恵内村,327,大字神恵内村,140.462764,43.156951
字小川,古宇郡神恵内村,566,大字神恵内村,140.460674,43.157631
,古宇郡神恵内村,2435,大字神恵内村,140.462373,43.157883
字小川,古宇郡神恵内村,565-7,大字神恵内村,140.463544,43.158512
字小川,古宇郡神恵内村,565-3,大字神恵内村,140.463006,43.158534
字小川,古宇郡神恵内村,565-2,大字神恵内村,140.462248,43.158576
字小川,古宇郡神恵内村,565-6,大字神恵内村,140.461454,43.158602
字小川,古宇郡神恵内村,565-4,大字神恵内村,140.464432,43.158757
,古宇郡神恵内村,2436,大字神恵内村,140.46475,43.158238
字小川,古宇郡神恵内村,501-2,大字神恵内村,140.465564,43.158967
字ハンケベツ,古宇郡神恵内村,388,大字神恵内村,140.466671,43.158608
字ハンケベツ,古宇郡神恵内村,1264,大字神恵内村,140.466874,43.157564
,古宇郡神恵内村,2439,大字神恵内村,140.466739,43.15745
字ハンケベツ,古宇郡神恵内村,345,大字神恵内村,140.466754,43.156956
,古宇郡神恵内村,2440,大字神恵内村,140.466843,43.157293
,古宇郡神恵内村,2441,大字神恵内村,140.468391,43.157016
字ハンケベツ,古宇郡神恵内村,389,大字神恵内村,140.468965,43.157809
,古宇郡神恵内村,2442,大字神恵内村,140.470257,43.157142
,古宇郡神恵内村,2443,大字神恵内村,140.470538,43.157179
,古宇郡神恵内村,2444,大字神恵内村,140.470725,43.1572
,古宇郡神恵内村,2445,大字神恵内村,140.470804,43.157081
字ハンケベツ,古宇郡神恵内村,994,大字神恵内村,140.47146,43.157452
,古宇郡神恵内村,2447,大字神恵内村,140.472219,43.156517
,古宇郡神恵内村,2448,大字神恵内村,140.473035,43.156616
字小川,古宇郡神恵内村,514,大字神恵内村,140.47432,43.156304
,古宇郡神恵内村,2449,大字神恵内村,140.473737,43.156405
字ハンケベツ,古宇郡神恵内村,1166,大字神恵内村,140.473336,43.156694
,古宇郡神恵内村,2450,大字神恵内村,140.47467,43.156133
字小川,古宇郡神恵内村,513,大字神恵内村,140.476112,43.155952
,古宇郡神恵内村,2452,大字神恵内村,140.476512,43.15576
,古宇郡神恵内村,2453,大字神恵内村,140.477119,43.155675
,古宇郡神恵内村,2480,大字神恵内村,140.477032,43.155402
,古宇郡神恵内村,水-03,大字神恵内村,140.47721,43.155427
,古宇郡神恵内村,2451,大字神恵内村,140.475581,43.155949
字小川,古宇郡神恵内村,512,大字神恵内村,140.475664,43.155804
字小川,古宇郡神恵内村,1084,大字神恵内村,140.475768,43.155422
,古宇郡神恵内村,2477,大字神恵内村,140.469504,43.154302
,古宇郡神恵内村,2446,大字神恵内村,140.470888,43.156611
字ハンケベツ,古宇郡神恵内村,1087,大字神恵内村,140.470232,43.156207
字ハンケベツ,古宇郡神恵内村,347,大字神恵内村,140.468982,43.156822
字ハンケベツ,古宇郡神恵内村,346,大字神恵内村,140.46733,43.156438
,古宇郡神恵内村,2476,大字神恵内村,140.469081,43.154457
,古宇郡神恵内村,2478,大字神恵内村,140.468872,43.148252
,古宇郡神恵内村,2481,大字神恵内村,140.468129,43.15134
字大川,古宇郡神恵内村,999,大字神恵内村,140.465332,43.151309
字小川,古宇郡神恵内村,1013,大字神恵内村,140.462357,43.153876
,古宇郡神恵内村,2475,大字神恵内村,140.462598,43.152267
字新道,古宇郡神恵内村,1038,大字神恵内村,140.459644,43.1512
字冷水,古宇郡神恵内村,676,大字神恵内村,140.457338,43.153012
,古宇郡神恵内村,2469,大字神恵内村,140.456345,43.153602
字冷水,古宇郡神恵内村,432,大字神恵内村,140.456241,43.152943
,古宇郡神恵内村,水-01,大字神恵内村,140.456118,43.152573
字冷水,古宇郡神恵内村,857,大字神恵内村,140.456166,43.151932
字冷水,古宇郡神恵内村,858,大字神恵内村,140.457192,43.151846
字ホロハタリ,古宇郡神恵内村,247,大字神恵内村,140.447121,43.153058
,古宇郡神恵内村,水-3,大字神恵内村,140.447371,43.153222
字大川,古宇郡神恵内村,1207,大字神恵内村,140.4487,43.153666
字大川,古宇郡神恵内村,1208,大字神恵内村,140.449401,43.153327
字大川,古宇郡神恵内村,1209,大字神恵内村,140.449468,43.153199
字冷水,古宇郡神恵内村,28-5,大字神恵内村,140.450328,43.153269
,古宇郡神恵内村,2471,大字神恵内村,140.45104,43.153657
字冷水,古宇郡神恵内村,28-3,大字神恵内村,140.451556,43.153737
,古宇郡神恵内村,2472,大字神恵内村,140.453857,43.15358
字冷水,古宇郡神恵内村,252,大字神恵内村,140.453152,43.153534
字冷水,古宇郡神恵内村,1083,大字神恵内村,140.454965,43.15365
字冷水,古宇郡神恵内村,431,大字神恵内村,140.455722,43.152611
,古宇郡神恵内村,2473,大字神恵内村,140.455491,43.153052
,古宇郡神恵内村,2474,大字神恵内村,140.454855,43.152906
,古宇郡神恵内村,水-02,大字神恵内村,140.456828,43.152401
字冷水,古宇郡神恵内村,662,大字神恵内村,140.455636,43.153692
字冷水,古宇郡神恵内村,1148,大字神恵内村,140.455359,43.154316
字冷水,古宇郡神恵内村,1147,大字神恵内村,140.455413,43.155644
字冷水,古宇郡神恵内村,587-1,大字神恵内村,140.455312,43.154844
字冷水,古宇郡神恵内村,587-2,大字神恵内村,140.45386,43.154713
字冷水,古宇郡神恵内村,1261,大字神恵内村,140.453732,43.155237
字冷水,古宇郡神恵内村,45,大字神恵内村,140.454367,43.154555
字冷水,古宇郡神恵内村,1205,大字神恵内村,140.452764,43.153854
字冷水,古宇郡神恵内村,1260,大字神恵内村,140.453044,43.154032
字冷水,古宇郡神恵内村,28-4,大字神恵内村,140.452406,43.154117
字大川,古宇郡神恵内村,334,大字神恵内村,140.452373,43.15381
字冷水,古宇郡神恵内村,1086,大字神恵内村,140.451983,43.154361
字大川,古宇郡神恵内村,116-4,大字神恵内村,140.450857,43.155182
字大川,古宇郡神恵内村,116-3,大字神恵内村,140.451066,43.15515
字大川,古宇郡神恵内村,116-2,大字神恵内村,140.45135,43.155095
,古宇郡神恵内村,2470,大字神恵内村,140.452423,43.154694
字冷水,古宇郡神恵内村,43,大字神恵内村,140.453106,43.155019
字冷水,古宇郡神恵内村,1204,大字神恵内村,140.453544,43.154603
字大川,古宇郡神恵内村,1216-4,大字神恵内村,140.453333,43.156127
,古宇郡神恵内村,水-6,大字神恵内村,140.452388,43.155924
字大川,古宇郡神恵内村,1214-2,大字神恵内村,140.452448,43.156014
字大川,古宇郡神恵内村,1215,大字神恵内村,140.452311,43.155799
字大川,古宇郡神恵内村,1213-2,大字神恵内村,140.451991,43.155664
字大川,古宇郡神恵内村,1211-3,大字神恵内村,140.451613,43.155432
字大川,古宇郡神恵内村,116-1,大字神恵内村,140.450984,43.155602
字大川,古宇郡神恵内村,116-5,大字神恵内村,140.450734,43.155905
字大川,古宇郡神恵内村,2336,大字神恵内村,140.451606,43.156167
字大川,古宇郡神恵内村,2329,大字神恵内村,140.451785,43.156049
字大川,古宇郡神恵内村,1211-2,大字神恵内村,140.451518,43.155983
字大川,古宇郡神恵内村,1211-1,大字神恵内村,140.451572,43.155767
字大川,古宇郡神恵内村,1213-1,大字神恵内村,140.451878,43.155904
字大川,古宇郡神恵内村,1214-1,大字神恵内村,140.452224,43.156079
字大川,古宇郡神恵内村,116-6,大字神恵内村,140.451656,43.15626
字大川,古宇郡神恵内村,1212,大字神恵内村,140.451659,43.156116
,古宇郡神恵内村,116-2,大字神恵内村,140.45143,43.15618
字冷水,古宇郡神恵内村,383-2,大字神恵内村,140.451508,43.156576
字冷水,古宇郡神恵内村,383-1,大字神恵内村,140.45185,43.156633
字冷水,古宇郡神恵内村,456,大字神恵内村,140.451856,43.15656
字冷水,古宇郡神恵内村,50-7,大字神恵内村,140.452187,43.156699
,古宇郡神恵内村,2428,大字神恵内村,140.45249,43.156447
字冷水,古宇郡神恵内村,50-6,大字神恵内村,140.452627,43.156731
字大川,古宇郡神恵内村,116-7,大字神恵内村,140.452211,43.156467
字大川,古宇郡神恵内村,116-8,大字神恵内村,140.453135,43.156697
字大川,古宇郡神恵内村,1216-2,大字神恵内村,140.454835,43.156539
,古宇郡神恵内村,水-7,大字神恵内村,140.454045,43.156542
字大川,古宇郡神恵内村,1216-3,大字神恵内村,140.45383,43.156254
字大川,古宇郡神恵内村,1216-1,大字神恵内村,140.455323,43.156709
字大川,古宇郡神恵内村,2102-1,大字神恵内村,140.455798,43.157527
字大川,古宇郡神恵内村,2101-2,大字神恵内村,140.45562,43.157682
字大川,古宇郡神恵内村,2031,大字神恵内村,140.455124,43.157266
字大川,古宇郡神恵内村,2105,大字神恵内村,140.454546,43.157053
字大川,古宇郡神恵内村,2030-1,大字神恵内村,140.453806,43.157307
字大川,古宇郡神恵内村,2030-2,大字神恵内村,140.453836,43.157645
字大川,古宇郡神恵内村,2104-1,大字神恵内村,140.454205,43.157489
字大川,古宇郡神恵内村,2089-1,大字神恵内村,140.454556,43.157982
字大川,古宇郡神恵内村,2089-2,大字神恵内村,140.454275,43.157987
字大川,古宇郡神恵内村,2110-2,大字神恵内村,140.454029,43.157801
字大川,古宇郡神恵内村,2115-2,大字神恵内村,140.453972,43.157762
字大川,古宇郡神恵内村,2104-2,大字神恵内村,140.453902,43.157701
字大川,古宇郡神恵内村,658-2,大字神恵内村,140.453609,43.157734
字大川,古宇郡神恵内村,2074-3,大字神恵内村,140.453671,43.157791
字大川,古宇郡神恵内村,2111-2,大字神恵内村,140.453994,43.158002
字大川,古宇郡神恵内村,2074-2,大字神恵内村,140.453953,43.157975
字大川,古宇郡神恵内村,658-1,大字神恵内村,140.453518,43.158125
字大川,古宇郡神恵内村,2083-1,大字神恵内村,140.454179,43.158396
字大川,古宇郡神恵内村,2083-2,大字神恵内村,140.454755,43.158507
字大川,古宇郡神恵内村,2088-2,大字神恵内村,140.454659,43.158238
字大川,古宇郡神恵内村,2086-1,大字神恵内村,140.455167,43.158448
字大川,古宇郡神恵内村,2087,大字神恵内村,140.455338,43.158299
字大川,古宇郡神恵内村,2088-1,大字神恵内村,140.454852,43.158081
字大川,古宇郡神恵内村,2103,大字神恵内村,140.455359,43.157802
字大川,古宇郡神恵内村,2101-1,大字神恵内村,140.455898,43.157905
字大川,古宇郡神恵内村,2096,大字神恵内村,140.456018,43.158325
字大川,古宇郡神恵内村,2115-1,大字神恵内村,140.457531,43.158587
字大川,古宇郡神恵内村,2110-1,大字神恵内村,140.454968,43.157899
字大川,古宇郡神恵内村,2086-2,大字神恵内村,140.454848,43.158358
字大川,古宇郡神恵内村,2082-2,大字神恵内村,140.455048,43.158699
字大川,古宇郡神恵内村,2081-2,大字神恵内村,140.455326,43.158881
字大川,古宇郡神恵内村,2081-1,大字神恵内村,140.454938,43.159024
字大川,古宇郡神恵内村,2080-1,大字神恵内村,140.455196,43.159223
字大川,古宇郡神恵内村,2079-1,大字神恵内村,140.455636,43.159262
字大川,古宇郡神恵内村,2079-2,大字神恵内村,140.455817,43.159202
字大川,古宇郡神恵内村,2080-2,大字神恵内村,140.455488,43.158985
字大川,古宇郡神恵内村,2085-2,大字神恵内村,140.455408,43.158724
字大川,古宇郡神恵内村,2085-1,大字神恵内村,140.456162,43.158927
字大川,古宇郡神恵内村,2078,大字神恵内村,140.455442,43.159412
字大川,古宇郡神恵内村,2076,大字神恵内村,140.455724,43.159635
字大川,古宇郡神恵内村,2073,大字神恵内村,140.455561,43.159698
字大川,古宇郡神恵内村,2074-1,大字神恵内村,140.45443,43.159467
字大川,古宇郡神恵内村,2111-1,大字神恵内村,140.455409,43.159806
字大川,古宇郡神恵内村,2082-1,大字神恵内村,140.45457,43.158869
,古宇郡神恵内村,道-4,大字神恵内村,140.449642,43.155909
字大川,古宇郡神恵内村,2208,大字神恵内村,140.45378,43.157782
字大川,古宇郡神恵内村,502-2,大字神恵内村,140.453059,43.157403
,古宇郡神恵内村,2422,大字神恵内村,140.452196,43.156898
字冷水,古宇郡神恵内村,1114,大字神恵内村,140.446794,43.155213
字冷水,古宇郡神恵内村,1117,大字神恵内村,140.447682,43.155475
字冷水,古宇郡神恵内村,393,大字神恵内村,140.447956,43.155378
字冷水,古宇郡神恵内村,916-2,大字神恵内村,140.449643,43.156166
字冷水,古宇郡神恵内村,915-4,大字神恵内村,140.449535,43.156031
字大川,古宇郡神恵内村,2335,大字神恵内村,140.450644,43.155757
字大川,古宇郡神恵内村,2337,大字神恵内村,140.450605,43.155543
字大川,古宇郡神恵内村,30-6,大字神恵内村,140.450476,43.15532
字大川,古宇郡神恵内村,30-5,大字神恵内村,140.450145,43.155419
字大川,古宇郡神恵内村,2334,大字神恵内村,140.450103,43.155554
字大川,古宇郡神恵内村,30-12,大字神恵内村,140.450271,43.155725
字大川,古宇郡神恵内村,26-18,大字神恵内村,140.449601,43.155468
,古宇郡神恵内村,2212,大字神恵内村,140.448897,43.155536
字冷水,古宇郡神恵内村,915-6,大字神恵内村,140.449056,43.155671
字冷水,古宇郡神恵内村,915-3,大字神恵内村,140.449223,43.155678
字冷水,古宇郡神恵内村,915-2,大字神恵内村,140.449231,43.155667
字冷水,古宇郡神恵内村,915-5,大字神恵内村,140.449183,43.155702
,古宇郡神恵内村,2411,大字神恵内村,140.449475,43.155873
字冷水,古宇郡神恵内村,915-1,大字神恵内村,140.449242,43.155879
字冷水,古宇郡神恵内村,392-1,大字神恵内村,140.448409,43.155484
字冷水,古宇郡神恵内村,392-5,大字神恵内村,140.448618,43.155463
字冷水,古宇郡神恵内村,392-3,大字神恵内村,140.448546,43.155342
字冷水,古宇郡神恵内村,392-4,大字神恵内村,140.448586,43.155428
,古宇郡神恵内村,2222,大字神恵内村,140.448429,43.155326
字冷水,古宇郡神恵内村,394-1,大字神恵内村,140.448254,43.155389
,古宇郡神恵内村,道-8,大字神恵内村,140.448371,43.155369
字冷水,古宇郡神恵内村,394-5,大字神恵内村,140.448321,43.15535
字冷水,古宇郡神恵内村,394-2,大字神恵内村,140.448475,43.155261
字冷水,古宇郡神恵内村,392-2,大字神恵内村,140.448532,43.155274
,古宇郡神恵内村,2413,大字神恵内村,140.448581,43.154918
字大川,古宇郡神恵内村,26-29,大字神恵内村,140.448672,43.154791
字大川,古宇郡神恵内村,26-32,大字神恵内村,140.448128,43.154636
字大川,古宇郡神恵内村,672-1,大字神恵内村,140.448726,43.154631
字大川,古宇郡神恵内村,26-33,大字神恵内村,140.448793,43.154882
字大川,古宇郡神恵内村,672-4,大字神恵内村,140.449068,43.154702
字大川,古宇郡神恵内村,672-5,大字神恵内村,140.449277,43.154509
字大川,古宇郡神恵内村,1210-4,大字神恵内村,140.449421,43.154643
字大川,古宇郡神恵内村,26-27,大字神恵内村,140.449476,43.154761
字大川,古宇郡神恵内村,1210-2,大字神恵内村,140.449339,43.15476
字大川,古宇郡神恵内村,26-28,大字神恵内村,140.449377,43.154969
字大川,古宇郡神恵内村,26-34,大字神恵内村,140.448982,43.15489
字大川,古宇郡神恵内村,26-17,大字神恵内村,140.449143,43.155071
字大川,古宇郡神恵内村,26-23,大字神恵内村,140.449627,43.155246
字大川,古宇郡神恵内村,26-24,大字神恵内村,140.449615,43.15501
字大川,古宇郡神恵内村,30-7,大字神恵内村,140.449922,43.155105
字大川,古宇郡神恵内村,30-11,大字神恵内村,140.450174,43.155203
字大川,古宇郡神恵内村,30-8,大字神恵内村,140.450274,43.155075
字大川,古宇郡神恵内村,30-10,大字神恵内村,140.450321,43.154956
字大川,古宇郡神恵内村,30-4,大字神恵内村,140.450512,43.154852
字大川,古宇郡神恵内村,1210-3,大字神恵内村,140.450341,43.154439
字大川,古宇郡神恵内村,26-38,大字神恵内村,140.449906,43.154639
字大川,古宇郡神恵内村,30-9,大字神恵内村,140.450102,43.154685
字大川,古宇郡神恵内村,26-25,大字神恵内村,140.449817,43.154873
字大川,古宇郡神恵内村,26-26,大字神恵内村,140.4496,43.154836
,古宇郡神恵内村,26-37,大字神恵内村,140.449748,43.154742
字大川,古宇郡神恵内村,26-39,大字神恵内村,140.44967,43.154615
字大川,古宇郡神恵内村,1210-1,大字神恵内村,140.44964,43.154463
字大川,古宇郡神恵内村,672-3,大字神恵内村,140.449652,43.154166
,古宇郡神恵内村,水-5,大字神恵内村,140.44985,43.154007
字大川,古宇郡神恵内村,672-7,大字神恵内村,140.449185,43.154109
字大川,古宇郡神恵内村,672-6,大字神恵内村,140.448658,43.154337
,古宇郡神恵内村,水-4,大字神恵内村,140.448597,43.154044
字大川,古宇郡神恵内村,375-2,大字神恵内村,140.447654,43.153921
字ホロハタリ,古宇郡神恵内村,8-2,大字神恵内村,140.447106,43.153667
字ホロハタリ,古宇郡神恵内村,8-11,大字神恵内村,140.447426,43.15409
字大川,古宇郡神恵内村,375-1,大字神恵内村,140.44752,43.154255
字ホロハタリ,古宇郡神恵内村,8-1,大字神恵内村,140.44739,43.154182
字大川,古宇郡神恵内村,26-31,大字神恵内村,140.447616,43.1544
字大川,古宇郡神恵内村,672-8,大字神恵内村,140.448217,43.154122
字大川,古宇郡神恵内村,672-2,大字神恵内村,140.448258,43.154449
字大川,古宇郡神恵内村,26-30,大字神恵内村,140.44768,43.154292
字大川,古宇郡神恵内村,26-19,大字神恵内村,140.447536,43.154545
,古宇郡神恵内村,2412,大字神恵内村,140.447624,43.154716
字冷水,古宇郡神恵内村,1151-2,大字神恵内村,140.447731,43.155101
字冷水,古宇郡神恵内村,1151-3,大字神恵内村,140.447721,43.155123
字冷水,古宇郡神恵内村,1151-1,大字神恵内村,140.448149,43.155382
字冷水,古宇郡神恵内村,394-4,大字神恵内村,140.447187,43.154858
字冷水,古宇郡神恵内村,394-3,大字神恵内村,140.447842,43.155065
,古宇郡神恵内村,2410,大字神恵内村,140.446665,43.154844
字冷水,古宇郡神恵内村,1116-1,大字神恵内村,140.447161,43.154967
字冷水,古宇郡神恵内村,1116-3,大字神恵内村,140.447064,43.154757
字冷水,古宇郡神恵内村,1116-2,大字神恵内村,140.447175,43.15471
字冷水,古宇郡神恵内村,1116-4,大字神恵内村,140.447077,43.15484
字冷水,古宇郡神恵内村,1152-2,大字神恵内村,140.447292,43.15478
字冷水,古宇郡神恵内村,1152-3,大字神恵内村,140.447379,43.15478
字冷水,古宇郡神恵内村,1152-1,大字神恵内村,140.447321,43.154716
字冷水,古宇郡神恵内村,395-2,大字神恵内村,140.446841,43.154683
字冷水,古宇郡神恵内村,395-3,大字神恵内村,140.446612,43.154542
字冷水,古宇郡神恵内村,395-4,大字神恵内村,140.446355,43.154629
字冷水,古宇郡神恵内村,395-6,大字神恵内村,140.446483,43.154654
,古宇郡神恵内村,道-3,大字神恵内村,140.446887,43.154807
,古宇郡神恵内村,2213,大字神恵内村,140.446815,43.154737
字冷水,古宇郡神恵内村,336,大字神恵内村,140.445442,43.154809
字冷水,古宇郡神恵内村,1115,大字神恵内村,140.446245,43.155017
,古宇郡神恵内村,道-2,大字神恵内村,140.446143,43.154525
字冷水,古宇郡神恵内村,381-1,大字神恵内村,140.445951,43.154467
字冷水,古宇郡神恵内村,381-2,大字神恵内村,140.445658,43.1543
,古宇郡神恵内村,2214,大字神恵内村,140.445536,43.154174
字冷水,古宇郡神恵内村,395-1,大字神恵内村,140.445892,43.154133
字冷水,古宇郡神恵内村,395-5,大字神恵内村,140.446335,43.154477
,古宇郡神恵内村,2224,大字神恵内村,140.44642,43.154406
字ホロハタリ,古宇郡神恵内村,9-1,大字神恵内村,140.446631,43.154173
,古宇郡神恵内村,水-1,大字神恵内村,140.44674,43.153837
字ホロハタリ,古宇郡神恵内村,9-2,大字神恵内村,140.446343,43.153688
字ホロハタリ,古宇郡神恵内村,9-35,大字神恵内村,140.44666,43.153889
,古宇郡神恵内村,2223,大字神恵内村,140.445357,43.154175
,古宇郡神恵内村,道-1,大字神恵内村,140.445506,43.154332
