A45_021,A45_004,A45_010,A45_026,A45_014,A45_031,A45_015,A45_007,A45_018,A45_030,A45_027,A45_028,A45_009,A45_029,center_lng,center_lat
ミズナラ,388,ぬ,山地災害防止（気象）,音更町,None,ヤチダモ,0,ハンノキ,None,1.06,防風保,十勝西部,None,143.228177,42.980128
トドマツ,388,る,水源涵養,音更町,None,ハンノキ,0,他Ｌ,None,0.9,None,十勝西部,None,143.227725,42.980123
ミズナラ,388,ぬ,山地災害防止（気象）,音更町,None,ヤチダモ,0,ハンノキ,None,1.06,防風保,十勝西部,None,143.228116,42.978761
トドマツ,388,る,水源涵養,音更町,None,ハンノキ,0,他Ｌ,None,0.9,None,十勝西部,None,143.227757,42.978477
ミズナラ,388,り,山地災害防止（気象）,音更町,None,ヤチダモ,0,他Ｌ,None,0.88,防風保,十勝西部,None,143.228206,42.977621
トドマツ,388,わ,水源涵養,音更町,None,ヤチダモ,0,他Ｌ,None,0.21,None,十勝西部,None,143.227824,42.977379
None,388,イ,水源涵養,音更町,None,None,0,None,None,1.04,None,十勝西部,None,143.227573,42.977739
ハンノキ,388,ち,山地災害防止（気象）,音更町,None,ヤチダモ,0,ニレ,None,1.95,防風保,十勝西部,None,143.228223,42.975139
トドマツ,388,か,水源涵養,音更町,None,ヤチダモ,0,ミズナラ,None,0.85,None,十勝西部,None,143.227847,42.975155
None,388,イ,水源涵養,音更町,None,None,0,None,None,1.04,None,十勝西部,None,143.227626,42.973789
ハンノキ,388,ち,山地災害防止（気象）,音更町,None,ヤチダモ,0,ニレ,None,1.95,防風保,十勝西部,None,143.228251,42.972718
トドマツ,388,か,水源涵養,音更町,None,ヤチダモ,0,ミズナラ,None,0.85,None,十勝西部,None,143.227876,42.972717
ミズナラ,388,と,山地災害防止（気象）,音更町,None,ヤチダモ,0,ハンノキ,None,1.97,防風保,十勝西部,None,143.228281,42.970174
ニレ,388,よ,水源涵養,音更町,None,ヤチダモ,0,トドマツ,None,0.82,None,十勝西部,None,143.227899,42.970177
None,388,イ,水源涵養,音更町,None,None,0,None,None,1.04,None,十勝西部,None,143.227684,42.968938
ミズナラ,388,と,山地災害防止（気象）,音更町,None,ヤチダモ,0,ハンノキ,None,1.97,防風保,十勝西部,None,143.228307,42.967725
ニレ,388,よ,水源涵養,音更町,None,ヤチダモ,0,トドマツ,None,0.82,None,十勝西部,None,143.227868,42.967728
ハンノキ,388,へ,山地災害防止（気象）,音更町,None,カラマツ,0,ミズナラ,None,1.97,防風保,十勝西部,None,143.228341,42.96623
ミズナラ,388,た,水源涵養,音更町,None,トドマツ,0,ハンノキ,None,3.38,None,十勝西部,None,143.227975,42.966311
ミズナラ,388,た,水源涵養,音更町,None,トドマツ,0,ハンノキ,None,3.38,None,十勝西部,None,143.227712,42.966238
ハンノキ,388,へ,山地災害防止（気象）,音更町,None,カラマツ,0,ミズナラ,None,1.97,防風保,十勝西部,None,143.228334,42.965049
ミズナラ,388,た,水源涵養,音更町,None,トドマツ,0,ハンノキ,None,3.38,None,十勝西部,None,143.227893,42.965126
ハンノキ,388,へ,山地災害防止（気象）,音更町,None,カラマツ,0,ミズナラ,None,1.97,防風保,十勝西部,None,143.228356,42.96354
ミズナラ,388,た,水源涵養,音更町,None,トドマツ,0,ハンノキ,None,3.38,None,十勝西部,None,143.2279,42.963614
None,388,ロ,水源涵養,音更町,None,None,0,None,None,0.26,None,十勝西部,None,143.22839,42.962912
ハンノキ,388,へ,山地災害防止（気象）,音更町,None,カラマツ,0,ミズナラ,None,1.97,防風保,十勝西部,None,143.228576,42.962995
ミズナラ,388,た,水源涵養,音更町,None,トドマツ,0,ハンノキ,None,3.38,None,十勝西部,None,143.227738,42.962966
None,388,ロ,水源涵養,音更町,None,None,0,None,None,0.26,None,十勝西部,None,143.227818,42.963166
ハンノキ,388,へ,山地災害防止（気象）,音更町,None,カラマツ,0,ミズナラ,None,1.97,防風保,十勝西部,None,143.228375,42.962221
ミズナラ,388,た,水源涵養,音更町,None,トドマツ,0,ハンノキ,None,3.38,None,十勝西部,None,143.22791,42.962252
ミズナラ,388,ほ,山地災害防止（気象）,音更町,None,ヤチダモ,0,ハンノキ,None,1.96,防風保,十勝西部,None,143.228399,42.96025
トドマツ,388,れ,水源涵養,音更町,None,ミズナラ,0,他Ｌ,None,1.81,None,十勝西部,None,143.227961,42.961103
ミズナラ,388,ほ,山地災害防止（気象）,音更町,None,ヤチダモ,0,ハンノキ,None,1.96,防風保,十勝西部,None,143.228428,42.957956
トドマツ,388,れ,水源涵養,音更町,None,ミズナラ,0,他Ｌ,None,1.81,None,十勝西部,None,143.227977,42.958224
None,388,そ,水源涵養,音更町,None,他Ｎ,0,None,None,0.29,None,十勝西部,None,143.228027,42.956728
ミズナラ,388,ほ,山地災害防止（気象）,音更町,None,ヤチダモ,0,ハンノキ,None,1.96,防風保,十勝西部,None,143.228458,42.956734
None,388,そ,水源涵養,音更町,None,他Ｎ,0,None,None,0.29,None,十勝西部,None,143.227991,42.957145
他Ｎ,388,つ,水源涵養,音更町,None,ヤチダモ,0,ミズナラ,None,2.19,None,十勝西部,None,143.227978,42.956271
ミズナラ,388,に,山地災害防止（気象）,音更町,None,ヤチダモ,0,ニレ,None,1.99,防風保,十勝西部,None,143.228455,42.955778
他Ｎ,388,つ,水源涵養,音更町,None,ヤチダモ,0,ミズナラ,None,2.19,None,十勝西部,None,143.227812,42.955541
ミズナラ,388,に,山地災害防止（気象）,音更町,None,ヤチダモ,0,ニレ,None,1.99,防風保,十勝西部,None,143.228469,42.954695
他Ｎ,388,つ,水源涵養,音更町,None,ヤチダモ,0,ミズナラ,None,2.19,None,十勝西部,None,143.228002,42.95511
ミズナラ,388,に,山地災害防止（気象）,音更町,None,ヤチダモ,0,ニレ,None,1.99,防風保,十勝西部,None,143.22849,42.952875
他Ｎ,388,つ,水源涵養,音更町,None,ヤチダモ,0,ミズナラ,None,2.19,None,十勝西部,None,143.228037,42.952859
ミズナラ,388,ろ,山地災害防止（気象）,音更町,None,カラマツ,0,ハンノキ,None,0.36,防風保,十勝西部,None,143.228506,42.951123
None,388,は,山地災害防止（気象）,音更町,None,アカエゾマツ,0,None,None,0.23,防風保,十勝西部,None,143.228516,42.9504
None,388,ね,水源涵養,音更町,None,他Ｎ,0,他Ｌ,None,1.04,None,十勝西部,None,143.228042,42.951227
ヤチダモ,388,い,山地災害防止（気象）,音更町,None,カラマツ,0,ハンノキ,None,0.38,防風保,十勝西部,None,143.22852,42.949624
None,390,イ,森林空間利用,音更町,None,他Ｌ,0,None,None,4.56,土崩保,十勝西部,保健保,143.144709,42.954262
None,390,ち,森林空間利用,音更町,None,トドマツ,0,トドマツ,None,1.1,保健保,十勝西部,None,143.13757,42.95779
None,390,り,森林空間利用,音更町,None,アカエゾマツ,0,None,None,0.03,保健保,十勝西部,None,143.137287,42.957496
None,390,い,森林空間利用,音更町,None,ミズナラ,0,他Ｌ,None,2.25,保健保,十勝西部,None,143.142977,42.955348
None,390,は,森林空間利用,音更町,None,トドマツ,0,ダケカンバ,None,0.47,保健保,十勝西部,None,143.140252,42.956131
None,390,に,森林空間利用,音更町,None,アカエゾマツ,0,None,None,0.08,保健保,十勝西部,None,143.139806,42.956134
None,390,ほ,森林空間利用,音更町,None,カシワ,0,ミズナラ,None,0.43,保健保,十勝西部,None,143.139615,42.956644
None,390,と,森林空間利用,音更町,None,カシワ,0,ミズナラ,None,0.32,保健保,十勝西部,None,143.138888,42.95694
None,390,へ,森林空間利用,音更町,None,ストローブマツ,0,None,None,0.1,保健保,十勝西部,None,143.139003,42.956588
アカエゾマツ,390,つ,森林空間利用,音更町,None,ミズナラ,0,他Ｌ,None,0.81,保健保,十勝西部,None,143.134589,42.960838
None,390,た,森林空間利用,音更町,None,欧州アカマツ,0,None,None,0.7,保健保,十勝西部,None,143.134129,42.959891
None,390,そ,森林空間利用,音更町,None,トドマツ,0,None,None,0.11,保健保,十勝西部,None,143.133604,42.960553
None,390,れ,森林空間利用,音更町,None,バンクシャマツ,0,None,None,0.59,保健保,十勝西部,None,143.133268,42.960004
None,390,ろ,森林空間利用,音更町,None,ミズナラ,0,他Ｌ,None,14.01,保健保,十勝西部,None,143.136002,42.959629
None,390,わ,森林空間利用,音更町,None,トドマツ,0,None,None,0.13,保健保,十勝西部,None,143.134843,42.958967
None,390,ぬ,森林空間利用,音更町,None,他Ｎ,0,None,None,0.11,保健保,十勝西部,None,143.136864,42.957765
None,390,る,森林空間利用,音更町,None,カシワ,0,None,None,0.24,保健保,十勝西部,None,143.135991,42.958286
None,390,お,森林空間利用,音更町,None,トドマツ,0,トドマツ,None,0.17,保健保,十勝西部,None,143.135636,42.958483
None,390,よ,森林空間利用,音更町,None,ストローブマツ,0,None,None,0.69,保健保,十勝西部,None,143.134621,42.959312
None,390,か,森林空間利用,音更町,None,欧州アカマツ,0,None,None,0.02,保健保,十勝西部,None,143.134485,42.959027
