KANRI_OFFICE_CD,KJ_NM,地整コード,管理都道府県コード
"104081","北海道開発局",1,1
"1040810030","北海道開発局　札幌開発建設部",1,1
"1040810031","北海道開発局　小樽開発建設部",1,1
"1040810032","北海道開発局　函館開発建設部",1,1
"1040810033","北海道開発局　室蘭開発建設部",1,1
"1040810034","北海道開発局　旭川開発建設部",1,1
"1040810035","北海道開発局　留萌開発建設部",1,1
"1040810036","北海道開発局　稚内開発建設部",1,1
"1040810037","北海道開発局　網走開発建設部",1,1
"1040810038","北海道開発局　帯広開発建設部",1,1
"1040810039","北海道開発局　釧路開発建設部",1,1
"109090","沖縄総合事務局",10,47
"1090900044","沖縄総合事務局　北部国道事務所",10,47
"1090900045","沖縄総合事務局　南部国道事務所",10,47
"136082","東北地方整備局",2,4
"1360820030","東北地方整備局　青森河川国道事務所",2,2
"1360820035","東北地方整備局　岩手河川国道事務所",2,3
"1360820037","東北地方整備局　三陸国道事務所",2,3
"1360820039","東北地方整備局　南三陸沿岸国道事務所",2,3
"1360820040","東北地方整備局　仙台河川国道事務所",2,4
"1360820045","東北地方整備局　秋田河川国道事務所",2,5
"1360820046","東北地方整備局　湯沢河川国道事務所",2,5
"1360820047","東北地方整備局　能代河川国道事務所",2,5
"1360820055","東北地方整備局　山形河川国道事務所",2,6
"1360820056","東北地方整備局　酒田河川国道事務所",2,6
"1360820065","東北地方整備局　福島河川国道事務所",2,7
"1360820067","東北地方整備局　郡山国道事務所",2,7
"1360820068","東北地方整備局　磐城国道事務所",2,7
"136083","関東地方整備局",3,11
"1360830030","関東地方整備局　常陸河川国道事務所",3,8
"1360830035","関東地方整備局　宇都宮国道事務所",3,9
"1360830040","関東地方整備局　高崎河川国道事務所",3,10
"1360830047","関東地方整備局　大宮国道事務所",3,11
"1360830048","関東地方整備局　北首都国道事務所",3,11
"1360830052","関東地方整備局　首都国道事務所",3,12
"1360830054","関東地方整備局　千葉国道事務所",3,12
"1360830057","関東地方整備局　東京国道事務所",3,13
"1360830058","関東地方整備局　相武国道事務所",3,13
"1360830063","関東地方整備局　横浜国道事務所",3,14
"1360830065","関東地方整備局　甲府河川国道事務所",3,19
"1360830070","関東地方整備局　長野国道事務所",3,20
"136084","北陸地方整備局",4,15
"1360840032","北陸地方整備局　新潟国道事務所",4,15
"1360840034","北陸地方整備局　長岡国道事務所",4,15
"1360840039","北陸地方整備局　高田河川国道事務所",4,15
"1360840045","北陸地方整備局　富山河川国道事務所",4,16
"1360840050","北陸地方整備局　金沢河川国道事務所",4,17
"136085","中部地方整備局",5,23
"1360850030","中部地方整備局　多治見砂防国道事務所",5,21
"1360850033","中部地方整備局　岐阜国道事務所",5,21
"1360850034","中部地方整備局　高山国道事務所",5,21
"1360850041","中部地方整備局　静岡国道事務所",5,22
"1360850044","中部地方整備局　浜松河川国道事務所",5,22
"1360850045","中部地方整備局　沼津河川国道事務所",5,22
"1360850052","中部地方整備局　名古屋国道事務所",5,23
"1360850060","中部地方整備局　三重河川国道事務所",5,24
"1360850064","中部地方整備局　紀勢国道事務所",5,24
"1360850065","中部地方整備局　北勢国道事務所",5,24
"1360850071","中部地方整備局　飯田国道事務所",5,20
"136086","近畿地方整備局",6,27
"1360860032","近畿地方整備局　滋賀国道事務所",6,25
"1360860035","近畿地方整備局　福知山河川国道事務所",6,26
"1360860036","近畿地方整備局　京都国道事務所",6,26
"1360860042","近畿地方整備局　大阪国道事務所",6,27
"1360860050","近畿地方整備局　豊岡河川国道事務所",6,28
"1360860051","近畿地方整備局　姫路河川国道事務所",6,28
"1360860053","近畿地方整備局　兵庫国道事務所",6,28
"1360860061","近畿地方整備局　奈良国道事務所",6,29
"1360860065","近畿地方整備局　和歌山河川国道事務所",6,30
"1360860066","近畿地方整備局　紀南河川国道事務所",6,30
"1360860070","近畿地方整備局　福井河川国道事務所",6,18
"136087","中国地方整備局",7,34
"1360870030","中国地方整備局　鳥取河川国道事務所",7,31
"1360870031","中国地方整備局　倉吉河川国道事務所",7,31
"1360870035","中国地方整備局　松江国道事務所",7,32
"1360870037","中国地方整備局　浜田河川国道事務所",7,32
"1360870042","中国地方整備局　岡山国道事務所",7,33
"1360870050","中国地方整備局　福山河川国道事務所",7,34
"1360870052","中国地方整備局　三次河川国道事務所",7,34
"1360870055","中国地方整備局　広島国道事務所",7,34
"1360870060","中国地方整備局　山口河川国道事務所",7,35
"136088","四国地方整備局",8,37
"1360880030","四国地方整備局　徳島河川国道事務所",8,36
"1360880040","四国地方整備局　香川河川国道事務所",8,37
"1360880050","四国地方整備局　松山河川国道事務所",8,38
"1360880051","四国地方整備局　大洲河川国道事務所",8,38
"1360880061","四国地方整備局　中村河川国道事務所",8,39
"1360880062","四国地方整備局　土佐国道事務所",8,39
"136089","九州地方整備局",9,40
"1360890032","九州地方整備局　福岡国道事務所",9,40
"1360890033","九州地方整備局　北九州国道事務所",9,40
"1360890034","九州地方整備局　有明海沿岸国道事務所",9,40
"1360890038","九州地方整備局　佐賀国道事務所",9,41
"1360890045","九州地方整備局　長崎河川国道事務所",9,42
"1360890050","九州地方整備局　熊本河川国道事務所",9,43
"1360890051","九州地方整備局　八代河川国道事務所",9,43
"1360890060","九州地方整備局　大分河川国道事務所",9,44
"1360890061","九州地方整備局　佐伯河川国道事務所",9,44
"1360890065","九州地方整備局　宮崎河川国道事務所",9,45
"1360890066","九州地方整備局　延岡河川国道事務所",9,45
"1360890071","九州地方整備局　大隅河川国道事務所",9,46
"1360890072","九州地方整備局　鹿児島国道事務所",9,46
"143000","独立行政法人日本高速道路保有・債務返済機構",3,13
"143001","東日本高速道路株式会社",3,13
"143002","中日本高速道路株式会社",5,23
"143003","西日本高速道路株式会社",6,27
"143010","東日本高速道路株式会社　北海道支社",0,1
"1430108200","東日本高速道路株式会社　室蘭管理事務所",1,1
"1430109000","東日本高速道路株式会社　北広島管理事務所",1,1
"1430109100","東日本高速道路株式会社　札幌管理事務所",1,1
"1430109200","東日本高速道路株式会社　岩見沢管理事務所",1,1
"1430109500","東日本高速道路株式会社　旭川管理事務所",1,1
"1430109700","東日本高速道路株式会社　帯広管理事務所",1,1
"143011","東日本高速道路株式会社　東北支社",0,4
"1430111000","東日本高速道路株式会社　青森管理事務所",2,2
"1430111200","東日本高速道路株式会社　十和田管理事務所",2,5
"1430111600","東日本高速道路株式会社　盛岡管理事務所",2,3
"1430111800","東日本高速道路株式会社　北上管理事務所",2,3
"1430112000","東日本高速道路株式会社　古川管理事務所",2,4
"1430112100","東日本高速道路株式会社　仙台東管理事務所",2,4
"1430112200","東日本高速道路株式会社　仙台管理事務所",2,4
"1430112400","東日本高速道路株式会社　福島管理事務所",2,7
"1430112600","東日本高速道路株式会社　郡山管理事務所",2,7
"1430112800","東日本高速道路株式会社　八戸管理事務所",2,2
"1430113000","東日本高速道路株式会社　秋田管理事務所",2,5
"1430113100","東日本高速道路株式会社　横手管理事務所",2,5
"1430113200","東日本高速道路株式会社　山形管理事務所",2,6
"1430113600","東日本高速道路株式会社　会津若松管理事務所",2,7
"1430113700","東日本高速道路株式会社　いわき管理事務所",2,7
"1430118400","東日本高速道路株式会社　鶴岡管理事務所",2,6
"143017","西日本高速道路株式会社　中国支社",0,34
"1430171000","西日本高速道路株式会社　津山高速道路事務所",7,33
"1430171400","西日本高速道路株式会社　三次高速道路事務所",7,34
"1430171600","西日本高速道路株式会社　千代田高速道路事務所",7,34
"1430172000","西日本高速道路株式会社　山口高速道路事務所",7,35
"1430172200","西日本高速道路株式会社　岡山高速道路事務所",7,33
"1430172400","西日本高速道路株式会社　福山高速道路事務所",7,34
"1430172600","西日本高速道路株式会社　広島高速道路事務所",7,34
"1430173000","西日本高速道路株式会社　周南高速道路事務所",7,35
"1430173100","西日本高速道路株式会社　松江高速道路事務所",7,32
"1430173200","西日本高速道路株式会社　米子高速道路事務所",7,31
"1430173400","西日本高速道路株式会社　浜田管理事務所",7,32
"143018","西日本高速道路株式会社　四国支社",0,37
"1430188900","西日本高速道路株式会社　徳島高速道路事務所",8,36
"1430189100","西日本高速道路株式会社　香川高速道路事務所",8,37
"1430189200","西日本高速道路株式会社　高知高速道路事務所",8,39
"1430189300","西日本高速道路株式会社　愛媛高速道路事務所",8,38
"143051","中日本高速道路株式会社　東京支社",3,14
"1430518000","中日本高速道路株式会社　横浜保全・サービスセンター",3,14
"1430518100","中日本高速道路株式会社　御殿場保全・サービスセンター",5,22
"1430518200","中日本高速道路株式会社　富士保全・サービスセンター",5,22
"1430518300","中日本高速道路株式会社　静岡保全・サービスセンター",5,22
"1430518400","中日本高速道路株式会社　浜松保全・サービスセンター",5,22
"1430518800","中日本高速道路株式会社　伊勢原保全・サービスセンター",3,14
"143052","東日本高速道路株式会社　関東支社",0,11
"1430528000","東日本高速道路株式会社　那須管理事務所",3,9
"1430528100","東日本高速道路株式会社　宇都宮管理事務所",3,9
"1430528200","東日本高速道路株式会社　加須管理事務所",3,11
"1430528300","東日本高速道路株式会社　三郷管理事務所",3,11
"1430528400","東日本高速道路株式会社　千葉管理事務所",3,12
"1430528500","東日本高速道路株式会社　京浜管理事務所",3,14
"1430528600","東日本高速道路株式会社　市原管理事務所",3,12
"1430528700","東日本高速道路株式会社　所沢管理事務所",3,11
"1430528800","東日本高速道路株式会社　谷和原管理事務所",3,8
"1430528900","東日本高速道路株式会社　水戸管理事務所",3,8
"1430529000","東日本高速道路株式会社　高崎管理事務所",3,10
"1430529100","東日本高速道路株式会社　東京湾アクアライン管理事務所",3,12
"1430529200","東日本高速道路株式会社　佐久管理事務所",3,20
"1430529300","東日本高速道路株式会社　長野管理事務所",3,20
"143053","中日本高速道路株式会社　八王子支社",0,13
"1430538300","中日本高速道路株式会社　八王子保全・サービスセンター",3,13
"1430538400","中日本高速道路株式会社　大月保全・サービスセンター",3,19
"1430538800","中日本高速道路株式会社　松本保全・サービスセンター",3,20
"1430539000","中日本高速道路株式会社　甲府保全・サービスセンター",3,19
"143054","東日本高速道路株式会社　新潟支社",0,15
"1430548000","東日本高速道路株式会社　湯沢管理事務所",4,15
"1430548200","東日本高速道路株式会社　新潟管理事務所",4,15
"1430548300","東日本高速道路株式会社　長岡管理事務所",4,15
"1430548400","東日本高速道路株式会社　上越管理事務所",4,15
"143055","中日本高速道路株式会社　名古屋支社",0,23
"1430558000","中日本高速道路株式会社　豊田保全・サービスセンター",5,23
"1430558100","中日本高速道路株式会社　名古屋保全・サービスセンター",5,23
"1430558400","中日本高速道路株式会社　飯田保全・サービスセンター",5,20
"1430558500","中日本高速道路株式会社　多治見保全・サービスセンター",5,21
"1430558600","中日本高速道路株式会社　羽島保全・サービスセンター",5,21
"1430558700","中日本高速道路株式会社　彦根保全・サービスセンター",6,25
"1430559000","中日本高速道路株式会社　岐阜保全・サービスセンター",5,21
"1430559100","中日本高速道路株式会社　桑名保全・サービスセンター",5,24
"1430559200","中日本高速道路株式会社　津高速道路事務所",5,24
"1430559300","中日本高速道路株式会社　高山保全・サービスセンター",5,21
"143056","西日本高速道路株式会社　関西支社",0,27
"1430568000","西日本高速道路株式会社　京都高速道路事務所",6,26
"1430568100","西日本高速道路株式会社　大阪高速道路事務所",6,27
"1430568200","西日本高速道路株式会社　阪奈高速道路事務所",6,27
"1430568300","西日本高速道路株式会社　和歌山高速道路事務所",6,30
"1430568400","西日本高速道路株式会社　福知山高速道路事務所",6,26
"1430568600","西日本高速道路株式会社　福崎高速道路事務所",6,28
"1430568700","西日本高速道路株式会社　姫路高速道路事務所",6,28
"1430568800","西日本高速道路株式会社　滋賀高速道路事務所",6,25
"1430569200","西日本高速道路株式会社　第二神明道路管理事務所",6,28
"1430569400","西日本高速道路株式会社　神戸高速道路事務所",6,28
"1430569600","西日本高速道路株式会社　亀岡高速道路事務所",6,26
"143057","中日本高速道路株式会社　金沢支社",4,17
"1430578600","中日本高速道路株式会社　富山保全・サービスセンター",4,16
"1430578700","中日本高速道路株式会社　金沢保全・サービスセンター",4,17
"1430578900","中日本高速道路株式会社　福井保全・サービスセンター",6,18
"1430579000","中日本高速道路株式会社　敦賀保全・サービスセンター",6,18
"143058","西日本高速道路株式会社　九州支社",0,40
"1430588000","西日本高速道路株式会社　下関管理事務所",9,35
"1430588100","西日本高速道路株式会社　北九州高速道路事務所",9,40
"1430588200","西日本高速道路株式会社　久留米高速道路事務所",9,40
"1430588300","西日本高速道路株式会社　熊本管理事務所",9,43
"1430588400","西日本高速道路株式会社　熊本高速道路事務所",9,43
"1430588600","西日本高速道路株式会社　鹿児島高速道路事務所",9,46
"1430588700","西日本高速道路株式会社　宮崎高速道路事務所",9,45
"1430588800","西日本高速道路株式会社　長崎高速道路事務所",9,42
"1430588900","西日本高速道路株式会社　佐賀高速道路事務所",9,41
"1430589100","西日本高速道路株式会社　大分高速道路事務所",9,44
"1430589200","西日本高速道路株式会社　沖縄高速道路事務所",10,47
"1430589600","西日本高速道路株式会社　延岡工事事務所",9,45
"143100","独立行政法人日本高速道路保有・債務返済機構　関西業務部管理課",6,27
"144001","首都高速道路株式会社　本社",0,13
"144051","首都高速道路株式会社　東京西局",3,13
"144052","首都高速道路株式会社　東京東局",3,11
"144060","首都高速道路株式会社　神奈川局",3,14
"145001","阪神高速道路株式会社　本社",0,27
"145050","阪神高速道路株式会社　管理本部",6,27
"145052","阪神高速道路株式会社　管理本部（神戸）",6,28
"149001","本州四国連絡高速道路株式会社",0,28
"1490010100","本州四国連絡高速道路株式会社　岡山管理センター　車両通行対策室",6,33
"1490010200","本州四国連絡高速道路株式会社　鳴門管理センター",8,36
"1490010300","本州四国連絡高速道路株式会社　岡山管理センター",7,33
"1490010400","本州四国連絡高速道路株式会社　坂出管理センター",8,37
"1490010500","本州四国連絡高速道路株式会社　しまなみ尾道管理センター",7,34
"1490010600","本州四国連絡高速道路株式会社　しまなみ今治管理センター",8,38
"201","北海道庁",1,1
"201051","北海道　空知総合振興局　札幌建設管理部",1,1
"201052","北海道　後志総合振興局　小樽建設管理部",1,1
"201053","北海道　渡島総合振興局　函館建設管理部",1,1
"201054","北海道　胆振総合振興局　室蘭建設管理部",1,1
"201055","北海道　上川総合振興局　旭川建設管理部",1,1
"201056","北海道　留萌振興局　留萌建設管理部",1,1
"201057","北海道　宗谷総合振興局　稚内建設管理部",1,1
"201058","北海道　オホーツク総合振興局　網走建設管理部",1,1
"201059","北海道　十勝総合振興局　帯広建設管理部",1,1
"201060","北海道　釧路総合振興局　釧路建設管理部",1,1
"201100","札幌市",1,1
"201202","函館市",1,1
"201203","小樽市",1,1
"201204","旭川市",1,1
"201205","室蘭市",1,1
"201206","釧路市",1,1
"201207","帯広市",1,1
"201208","北見市",1,1
"201209","夕張市",1,1
"201210","岩見沢市",1,1
"201211","網走市",1,1
"201212","留萌市",1,1
"201213","苫小牧市",1,1
"201214","稚内市",1,1
"201215","美唄市",1,1
"201216","芦別市",1,1
"201217","江別市",1,1
"201218","赤平市",1,1
"201219","紋別市",1,1
"201220","士別市",1,1
"201221","名寄市",1,1
"201222","三笠市",1,1
"201223","根室市",1,1
"201224","千歳市",1,1
"201225","滝川市",1,1
"201226","砂川市",1,1
"201227","歌志内市",1,1
"201228","深川市",1,1
"201229","富良野市",1,1
"201230","登別市",1,1
"201231","恵庭市",1,1
"201233","伊達市",1,1
"201234","北広島市",1,1
"201235","石狩市",1,1
"201236","北斗市",1,1
"201303","当別町",1,1
"201304","新篠津村",1,1
"201331","松前町",1,1
"201332","福島町",1,1
"201333","知内町",1,1
"201334","木古内町",1,1
"201337","七飯町",1,1
"201343","鹿部町",1,1
"201345","森町",1,1
"201346","八雲町",1,1
"201347","長万部町",1,1
"201361","江差町",1,1
"201362","上ノ国町",1,1
"201363","厚沢部町",1,1
"201364","乙部町",1,1
"201367","奥尻町",1,1
"201370","今金町",1,1
"201371","せたな町",1,1
"201391","島牧村",1,1
"201392","寿都町",1,1
"201393","黒松内町",1,1
"201394","蘭越町",1,1
"201395","ニセコ町",1,1
"201396","真狩村",1,1
"201397","留寿都村",1,1
"201398","喜茂別町",1,1
"201399","京極町",1,1
"201400","倶知安町",1,1
"201401","共和町",1,1
"201402","岩内町",1,1
"201403","泊村",1,1
"201404","神恵内村",1,1
"201405","積丹町",1,1
"201406","古平町",1,1
"201407","仁木町",1,1
"201408","余市町",1,1
"201409","赤井川村",1,1
"201423","南幌町",1,1
"201424","奈井江町",1,1
"201425","上砂川町",1,1
"201427","由仁町",1,1
"201428","長沼町",1,1
"201429","栗山町",1,1
"201430","月形町",1,1
"201431","浦臼町",1,1
"201432","新十津川町",1,1
"201433","妹背牛町",1,1
"201434","秩父別町",1,1
"201436","雨竜町",1,1
"201437","北竜町",1,1
"201438","沼田町",1,1
"201439","幌加内町",1,1
"201452","鷹栖町",1,1
"201453","東神楽町",1,1
"201454","当麻町",1,1
"201455","比布町",1,1
"201456","愛別町",1,1
"201457","上川町",1,1
"201458","東川町",1,1
"201459","美瑛町",1,1
"201460","上富良野町",1,1
"201461","中富良野町",1,1
"201462","南富良野町",1,1
"201463","占冠村",1,1
"201464","和寒町",1,1
"201465","剣淵町",1,1
"201468","下川町",1,1
"201469","美深町",1,1
"201470","音威子府村",1,1
"201471","中川町",1,1
"201472","幌加内町",1,1
"201481","増毛町",1,1
"201482","小平町",1,1
"201483","苫前町",1,1
"201484","羽幌町",1,1
"201485","初山別村",1,1
"201486","遠別町",1,1
"201487","天塩町",1,1
"201488","幌延町",1,1
"201511","猿払村",1,1
"201512","浜頓別町",1,1
"201513","中頓別町",1,1
"201514","枝幸町",1,1
"201516","豊富町",1,1
"201517","礼文町",1,1
"201518","利尻町",1,1
"201519","利尻富士町",1,1
"201520","幌延町",1,1
"201543","美幌町",1,1
"201544","津別町",1,1
"201545","斜里町",1,1
"201546","清里町",1,1
"201547","小清水町",1,1
"201549","訓子府町",1,1
"201550","置戸町",1,1
"201552","佐呂間町",1,1
"201555","遠軽町",1,1
"201558","上湧別町",1,1
"201559","湧別町",1,1
"201560","滝上町",1,1
"201561","興部町",1,1
"201562","西興部村",1,1
"201563","雄武町",1,1
"201564","大空町",1,1
"201571","豊浦町",1,1
"201575","壮瞥町",1,1
"201578","白老町",1,1
"201581","厚真町",1,1
"201584","洞爺湖町",1,1
"201585","安平町",1,1
"201586","むかわ町",1,1
"201601","日高町",1,1
"201602","平取町",1,1
"201604","新冠町",1,1
"201607","浦河町",1,1
"201608","様似町",1,1
"201609","えりも町",1,1
"201610","新ひだか町",1,1
"201631","音更町",1,1
"201632","士幌町",1,1
"201633","上士幌町",1,1
"201634","鹿追町",1,1
"201635","新得町",1,1
"201636","清水町",1,1
"201637","芽室町",1,1
"201638","中札内村",1,1
"201639","更別村",1,1
"201641","大樹町",1,1
"201642","広尾町",1,1
"201643","幕別町",1,1
"201644","池田町",1,1
"201645","豊頃町",1,1
"201646","本別町",1,1
"201647","足寄町",1,1
"201648","陸別町",1,1
"201649","浦幌町",1,1
"201661","釧路町",1,1
"201662","厚岸町",1,1
"201663","浜中町",1,1
"201664","標茶町",1,1
"201665","弟子屈町",1,1
"201667","鶴居村",1,1
"201668","白糠町",1,1
"201691","別海町",1,1
"201692","中標津町",1,1
"201693","標津町",1,1
"201694","羅臼町",1,1
"201696","泊村",1,1
"202","青森県庁",2,2
"202051","青森県　東青県土整備事務所",2,2
"202052","青森県　中南県土整備事務所",2,2
"202053","青森県　三八県土整備事務所",2,2
"202054","青森県　西北県土整備事務所",2,2
"202055","青森県　上北県土整備事務所",2,2
"202056","青森県　下北県土整備事務所",2,2
"202057
","青森県　西北県土整備事務所　鰺ヶ沢道路河川事業所",2,2
"202201","青森市",2,2
"202202","弘前市",2,2
"202203","八戸市",2,2
"202204","黒石市",2,2
"202205","五所川原市",2,2
"202206","十和田市",2,2
"202207","三沢市",2,2
"202208","むつ市",2,2
"202209","つがる市",2,2
"202210","平川市",2,2
"202301","平内町",2,2
"202303","今別町",2,2
"202304","蓬田村",2,2
"202307","外ヶ浜町",2,2
"202321","鰺ヶ沢町",2,2
"202323","深浦町",2,2
"202343","西目屋村",2,2
"202361","藤崎町",2,2
"202362","大鰐町",2,2
"202367","田舎館村",2,2
"202381","板柳町",2,2
"202384","鶴田町",2,2
"202387","中泊町",2,2
"202401","野辺地町",2,2
"202402","七戸町（七戸庁舎）",2,2
"202405","六戸町",2,2
"202406","横浜町",2,2
"202408","東北町",2,2
"202411","六ヶ所村",2,2
"202412","おいらせ町",2,2
"202423","大間町",2,2
"202424","東通村",2,2
"202425","風間浦村",2,2
"202426","佐井村",2,2
"202441","三戸町",2,2
"202442","五戸町",2,2
"202443","田子町",2,2
"202445","南部町",2,2
"202446","階上町",2,2
"202450","新郷村",2,2
"202800","青森県道路公社",2,2
"203","岩手県庁",2,3
"203051","岩手県　盛岡広域振興局　土木部　管理課",2,3
"203052","岩手県　県南広域振興局　土木部　花巻土木センター　管理課",2,3
"203053","岩手県　県南広域振興局　土木部　北上土木センター　管理課",2,3
"203054","岩手県　県南広域振興局　土木部　管理課",2,3
"203055","岩手県　県南広域振興局　土木部　一関土木センター　管理課",2,3
"203056","岩手県　県南広域振興局　土木部　千厩土木センター　管理課",2,3
"203057","岩手県　沿岸広域振興局　土木部　大船渡土木センター　管理課",2,3
"203058","岩手県　県南広域振興局　土木部　遠野土木センター　管理用地課",2,3
"203059","岩手県　沿岸広域振興局　土木部　管理課",2,3
"203060","岩手県　沿岸広域振興局　土木部　宮古土木センター　管理課",2,3
"203061","岩手県　沿岸広域振興局　土木部　岩泉土木センター　管理課",2,3
"203062","岩手県　県北広域振興局　土木部　管理課",2,3
"203063","岩手県　県北広域振興局　土木部　二戸土木センター　管理課",2,3
"203064","岩手県　盛岡広域振興局　土木部　岩手土木センター　管理用地課",2,3
"203201","盛岡市",2,3
"203202","宮古市",2,3
"203203","大船渡市",2,3
"203205","花巻市",2,3
"203206","北上市",2,3
"203207","久慈市",2,3
"203208","遠野市",2,3
"203209","一関市",2,3
"203210","陸前高田市",2,3
"203211","釜石市",2,3
"203213","二戸市",2,3
"203214","八幡平市",2,3
"203215","奥州市",2,3
"203216","滝沢市",2,3
"203301","雫石町",2,3
"203302","葛巻町",2,3
"203303","岩手町",2,3
"203305","滝沢村",2,3
"203321","紫波町",2,3
"203322","矢巾町",2,3
"203366","西和賀町",2,3
"203381","金ケ崎町",2,3
"203402","平泉町",2,3
"203441","住田町",2,3
"203461","大槌町",2,3
"203482","山田町",2,3
"203483","岩泉町",2,3
"203484","田野畑村",2,3
"203485","普代村",2,3
"203487","川井村",2,3
"203501","軽米町",2,3
"203503","野田村",2,3
"203506","九戸村",2,3
"203507","洋野町",2,3
"203524","一戸町",2,3
"204","宮城県庁",2,4
"204051","宮城県　大河原土木事務所",2,4
"204052","宮城県　仙台土木事務所",2,4
"204054","宮城県　北部土木事務所",2,4
"204055","宮城県　北部土木事務所栗原地域事務所",2,4
"204056","宮城県　東部土木事務所登米地域事務所",2,4
"204057","宮城県　東部土木事務所",2,4
"204058","宮城県　気仙沼土木事務所",2,4
"204100","仙台市",2,4
"2041008000","仙台市道路公社",2,4
"204202","石巻市",2,4
"204203","塩竈市",2,4
"204205","気仙沼市",2,4
"204206","白石市",2,4
"204207","名取市",2,4
"204208","角田市",2,4
"204209","多賀城市",2,4
"204211","岩沼市",2,4
"204212","登米市",2,4
"204213","栗原市",2,4
"204214","東松島市",2,4
"204215","大崎市",2,4
"204216","富谷市",2,4
"204301","蔵王町",2,4
"204302","七ヶ宿町",2,4
"204321","大河原町",2,4
"204322","村田町",2,4
"204323","柴田町",2,4
"204324","川崎町",2,4
"204341","丸森町",2,4
"204361","亘理町",2,4
"204362","山元町",2,4
"204401","松島町",2,4
"204404","七ヶ浜町",2,4
"204406","利府町",2,4
"204421","大和町",2,4
"204422","大郷町",2,4
"204423","富谷町",2,4
"204424","大衡村",2,4
"204444","色麻町",2,4
"204445","加美町",2,4
"204501","涌谷町",2,4
"204505","美里町",2,4
"204581","女川町",2,4
"204603","本吉町",2,4
"204606","南三陸町",2,4
"204800","宮城県道路公社",2,4
"205","秋田県庁",2,5
"205041","秋田県　鹿角地域振興局",2,5
"205042","秋田県　北秋田地域振興局",2,5
"205043","秋田県　山本地域振興局",2,5
"205044","秋田県　秋田地域振興局",2,5
"205045","秋田県　由利地域振興局",2,5
"205046","秋田県　仙北地域振興局",2,5
"205047","秋田県　平鹿地域振興局",2,5
"205048","秋田県　雄勝地域振興局",2,5
"205201","秋田市",2,5
"205202","能代市",2,5
"205203","横手市",2,5
"205204","大館市",2,5
"205206","男鹿市",2,5
"205207","湯沢市",2,5
"205209","鹿角市",2,5
"205210","由利本荘市",2,5
"205211","潟上市",2,5
"205212","大仙市",2,5
"205213","北秋田市",2,5
"205214","にかほ市",2,5
"205215","仙北市",2,5
"205303","小坂町",2,5
"205327","上小阿仁村",2,5
"205346","藤里町",2,5
"205348","三種町",2,5
"205349","八峰町",2,5
"205361","五城目町",2,5
"205363","八郎潟町",2,5
"205366","井川町",2,5
"205368","大潟村",2,5
"205434","美郷町",2,5
"205463","羽後町",2,5
"205464","東成瀬村",2,5
"206","山形県庁",2,6
"206054","山形県　村山総合支庁（本庁舎）",2,6
"206055","山形県　村山総合支庁（西庁舎）",2,6
"206056","山形県　村山総合支庁（北庁舎）",2,6
"206057","山形県　最上総合支庁",2,6
"206058","山形県　置賜総合支庁（本庁舎）",2,6
"206059","山形県　置賜総合支庁（西庁舎）",2,6
"206072","山形県　庄内総合支庁",2,6
"206201","山形市",2,6
"206202","米沢市",2,6
"206203","鶴岡市",2,6
"206204","酒田市",2,6
"206205","新庄市",2,6
"206206","寒河江市",2,6
"206207","上山市",2,6
"206208","村山市",2,6
"206209","長井市",2,6
"206210","天童市",2,6
"206211","東根市",2,6
"206212","尾花沢市",2,6
"206213","南陽市",2,6
"206301","山辺町",2,6
"206302","中山町",2,6
"206321","河北町",2,6
"206322","西川町",2,6
"206323","朝日町",2,6
"206324","大江町",2,6
"206341","大石田町",2,6
"206361","金山町",2,6
"206362","最上町",2,6
"206363","舟形町",2,6
"206364","真室川町",2,6
"206365","大蔵村",2,6
"206366","鮭川村",2,6
"206367","戸沢村",2,6
"206381","高畠町",2,6
"206382","川西町",2,6
"206401","小国町",2,6
"206402","白鷹町",2,6
"206403","飯豊町",2,6
"206426","三川町",2,6
"206428","庄内町",2,6
"206461","遊佐町",2,6
"206800","山形県道路公社",2,6
"207","福島県庁",2,7
"207051","福島県　県北建設事務所",2,7
"207052","福島県　県中建設事務所",2,7
"207053","福島県　県南建設事務所",2,7
"207054","福島県　会津若松建設事務所",2,7
"207055","福島県　喜多方建設事務所",2,7
"207056","福島県　南会津建設事務所",2,7
"207057","福島県　相双建設事務所",2,7
"207058","福島県　いわき建設事務所",2,7
"207201","福島市",2,7
"207202","会津若松市",2,7
"207203","郡山市",2,7
"207204","いわき市",2,7
"207205","白河市",2,7
"207207","須賀川市",2,7
"207208","喜多方市",2,7
"207209","相馬市",2,7
"207210","二本松市",2,7
"207211","田村市",2,7
"207212","南相馬市",2,7
"207213","伊達市",2,7
"207214","本宮市",2,7
"207301","桑折町",2,7
"207303","国見町",2,7
"207308","川俣町",2,7
"207322","大玉村",2,7
"207342","鏡石町",2,7
"207344","天栄村",2,7
"207362","下郷町",2,7
"207364","檜枝岐村",2,7
"207367","只見町",2,7
"207368","南会津町",2,7
"207402","北塩原村",2,7
"207405","西会津町",2,7
"207407","磐梯町",2,7
"207408","猪苗代町",2,7
"207421","会津坂下町",2,7
"207422","湯川村",2,7
"207423","柳津町",2,7
"207444","三島町",2,7
"207445","金山町",2,7
"207446","昭和村",2,7
"207447","会津美里町",2,7
"207461","西郷村",2,7
"207464","泉崎村",2,7
"207465","中島村",2,7
"207466","矢吹町",2,7
"207481","棚倉町",2,7
"207482","矢祭町",2,7
"207483","塙町",2,7
"207484","鮫川村",2,7
"207501","石川町",2,7
"207502","玉川村",2,7
"207503","平田村",2,7
"207504","浅川町",2,7
"207505","古殿町",2,7
"207521","三春町",2,7
"207522","小野町",2,7
"207541","広野町",2,7
"207542","楢葉町",2,7
"207543","富岡町",2,7
"207544","川内村",2,7
"207545","大熊町",2,7
"207546","双葉町",2,7
"207547","浪江町",2,7
"207548","葛尾村",2,7
"207561","新地町",2,7
"207564","飯舘村",2,7
"207800","福島県道路公社",2,7
"208","茨城県庁",3,8
"208051","茨城県　水戸土木事務所",3,8
"208052","茨城県　常陸大宮土木事務所",3,8
"208053","茨城県　常陸大宮土木事務所大子工務所",3,8
"208054","茨城県　常陸太田工事事務所",3,8
"208055","茨城県　高萩工事事務所",3,8
"208056","茨城県　鉾田工事事務所",3,8
"208057","茨城県　潮来土木事務所",3,8
"208058","茨城県　竜ケ崎工事事務所",3,8
"208059","茨城県　土浦土木事務所",3,8
"208060","茨城県　筑西土木事務所",3,8
"208061","茨城県　常総工事事務所",3,8
"208062","茨城県　境工事事務所",3,8
"208201","水戸市",3,8
"208202","日立市",3,8
"208203","土浦市",3,8
"208204","古河市",3,8
"208205","石岡市",3,8
"208207","結城市",3,8
"208208","龍ケ崎市",3,8
"208210","下妻市",3,8
"208211","常総市",3,8
"208212","常陸太田市",3,8
"208214","高萩市",3,8
"208215","北茨城市",3,8
"208216","笠間市",3,8
"208217","取手市",3,8
"208219","牛久市",3,8
"208220","つくば市",3,8
"208221","ひたちなか市",3,8
"208222","鹿嶋市",3,8
"208223","潮来市",3,8
"208224","守谷市",3,8
"208225","常陸大宮市",3,8
"208226","那珂市",3,8
"208227","筑西市",3,8
"208228","坂東市",3,8
"208229","稲敷市",3,8
"208230","かすみがうら市",3,8
"208231","桜川市",3,8
"208232","神栖市",3,8
"208233","行方市",3,8
"208234","鉾田市",3,8
"208235","つくばみらい市",3,8
"208236","小美玉市",3,8
"208302","茨城町",3,8
"208309","大洗町",3,8
"208310","城里町",3,8
"208341","東海村",3,8
"208345","山方町",3,8
"208364","大子町",3,8
"208442","美浦村",3,8
"208443","阿見町",3,8
"208447","河内町",3,8
"208521","八千代町",3,8
"208542","五霞町",3,8
"208546","境町",3,8
"208564","利根町",3,8
"208800","茨城県道路公社",3,8
"209","栃木県庁",3,9
"209051","栃木県　宇都宮土木事務所",3,9
"209052","栃木県　鹿沼土木事務所",3,9
"209053","栃木県　日光土木事務所",3,9
"209054","栃木県　真岡土木事務所",3,9
"209055","栃木県　栃木土木事務所",3,9
"209056","栃木県　矢板土木事務所",3,9
"209057","栃木県　大田原土木事務所",3,9
"209058","栃木県　烏山土木事務所",3,9
"209059","栃木県　安足土木事務所　保全第二部",3,9
"209060","栃木県　安足土木事務所　保全第一部",3,9
"209201","宇都宮市",3,9
"209202","足利市",3,9
"209203","栃木市",3,9
"209204","佐野市",3,9
"209205","鹿沼市",3,9
"209206","日光市",3,9
"209208","小山市",3,9
"209209","真岡市",3,9
"209210","大田原市",3,9
"209211","矢板市",3,9
"209213","那須塩原市",3,9
"209214","さくら市",3,9
"209215","那須烏山市",3,9
"209216","下野市",3,9
"209301","上三川町",3,9
"209321","西方町",3,9
"209341","二宮町",3,9
"209342","益子町",3,9
"209343","茂木町",3,9
"209344","市貝町",3,9
"209345","芳賀町",3,9
"209361","壬生町",3,9
"209364","野木町",3,9
"209365","大平町",3,9
"209366","藤岡町",3,9
"209367","岩舟町",3,9
"209368","都賀町",3,9
"209384","塩谷町",3,9
"209386","高根沢町",3,9
"209407","那須町",3,9
"209411","那珂川町",3,9
"209800","栃木県道路公社",3,9
"210","群馬県庁",3,10
"210051","群馬県　前橋土木事務所",3,10
"210052","群馬県　高崎土木事務所",3,10
"210053","群馬県　渋川土木事務所",3,10
"210054","群馬県　藤岡土木事務所",3,10
"210055","群馬県　富岡土木事務所",3,10
"210056","群馬県　安中土木事務所",3,10
"210057","群馬県　中之条土木事務所",3,10
"210058","群馬県　沼田土木事務所",3,10
"210059","群馬県　伊勢崎土木事務所",3,10
"210060","群馬県　太田土木事務所",3,10
"210061","群馬県　桐生土木事務所",3,10
"210062","群馬県　館林土木事務所",3,10
"210201","前橋市",3,10
"210202","高崎市",3,10
"210203","桐生市",3,10
"210204","伊勢崎市",3,10
"210205","太田市",3,10
"210206","沼田市",3,10
"210207","館林市",3,10
"210208","渋川市",3,10
"210209","藤岡市",3,10
"210210","富岡市",3,10
"210211","安中市",3,10
"210212","みどり市",3,10
"210344","榛東村",3,10
"210345","吉岡町",3,10
"210366","上野村",3,10
"210367","神流町",3,10
"210382","下仁田町",3,10
"210383","南牧村",3,10
"210384","甘楽町",3,10
"210421","中之条町",3,10
"210424","長野原町",3,10
"210425","嬬恋村",3,10
"210426","草津町",3,10
"210428","高山村",3,10
"210429","東吾妻町",3,10
"210443","片品村",3,10
"210444","川場村",3,10
"210448","昭和村",3,10
"210449","みなかみ町",3,10
"210464","玉村町",3,10
"210521","板倉町",3,10
"210522","明和町",3,10
"210523","千代田町",3,10
"210524","大泉町",3,10
"210525","邑楽町",3,10
"211","埼玉県庁",3,11
"211051","埼玉県　さいたま県土整備事務所",3,11
"211052","埼玉県　北本県土整備事務所",3,11
"211053","埼玉県　川越県土整備事務所",3,11
"211054","埼玉県　飯能県土整備事務所",3,11
"211055","埼玉県　東松山県土整備事務所",3,11
"211056","埼玉県　秩父県土整備事務所",3,11
"211057","埼玉県　本庄県土整備事務所",3,11
"211058","埼玉県　熊谷県土整備事務所",3,11
"211059","埼玉県　行田県土整備事務所",3,11
"211060","埼玉県　越谷県土整備事務所",3,11
"211061","埼玉県　杉戸県土整備事務所",3,11
"211062","埼玉県　朝霞県土整備事務所",3,11
"211100","さいたま市",3,11
"211201","川越市",3,11
"211202","熊谷市",3,11
"211203","川口市",3,11
"211206","行田市",3,11
"211207","秩父市",3,11
"211208","所沢市",3,11
"211209","飯能市",3,11
"211210","加須市",3,11
"211211","本庄市",3,11
"211212","東松山市",3,11
"211214","春日部市",3,11
"211215","狭山市",3,11
"211216","羽生市",3,11
"211217","鴻巣市",3,11
"211218","深谷市",3,11
"211219","上尾市",3,11
"211221","草加市",3,11
"211222","越谷市",3,11
"211223","蕨市",3,11
"211224","戸田市",3,11
"211225","入間市",3,11
"211226","鳩ヶ谷市",3,11
"211227","朝霞市",3,11
"211228","志木市",3,11
"211229","和光市",3,11
"211230","新座市",3,11
"211231","桶川市",3,11
"211232","久喜市",3,11
"211233","北本市",3,11
"211234","八潮市",3,11
"211235","富士見市",3,11
"211237","三郷市",3,11
"211238","蓮田市",3,11
"211239","坂戸市",3,11
"211240","幸手市",3,11
"211241","鶴ヶ島市",3,11
"211242","日高市",3,11
"211243","吉川市",3,11
"211245","ふじみ野市",3,11
"211246","白岡市",3,11
"211301","伊奈町",3,11
"211324","三芳町",3,11
"211326","毛呂山町",3,11
"211327","越生町",3,11
"211341","滑川町",3,11
"211342","嵐山町",3,11
"211343","小川町",3,11
"211346","川島町",3,11
"211347","吉見町",3,11
"211348","鳩山町",3,11
"211349","ときがわ町",3,11
"211361","横瀬町",3,11
"211362","皆野町",3,11
"211363","長瀞町",3,11
"211365","小鹿野町",3,11
"211369","東秩父村",3,11
"211381","美里町",3,11
"211383","神川町",3,11
"211384","神泉村",3,11
"211385","上里町",3,11
"211408","寄居町",3,11
"211424","加須市（北川辺総合支所）",3,11
"211425","加須市（大利根総合支所）",3,11
"211442","宮代町",3,11
"211464","杉戸町",3,11
"211465","松伏町",3,11
"211800","埼玉県道路公社",3,11
"212","千葉県庁",3,12
"212051","千葉県　千葉土木事務所",3,12
"212052","千葉県　葛南土木事務所",3,12
"212053","千葉県　市原土木事務所",3,12
"212054","千葉県　東葛飾土木事務所",3,12
"212055","千葉県　印旛土木事務所",3,12
"212056","千葉県　成田土木事務所",3,12
"212057","千葉県　香取土木事務所",3,12
"212058","千葉県　銚子土木事務所",3,12
"212059","千葉県　海匝土木事務所",3,12
"212060","千葉県　山武土木事務所",3,12
"212061","千葉県　長生土木事務所",3,12
"212062","千葉県　夷隅土木事務所",3,12
"212063","千葉県　夷隅地域整備センター大多喜整備事務所",3,12
"212064","千葉県　鴨川整備事務所",3,12
"212065","千葉県　安房土木事務所",3,12
"212066","千葉県　君津土木事務所",3,12
"212067","千葉県　柏土木事務所",3,12
"212100","千葉市",3,12
"212202","銚子市",3,12
"212203","市川市",3,12
"212204","船橋市",3,12
"212205","館山市",3,12
"212206","木更津市",3,12
"212207","松戸市",3,12
"212208","野田市",3,12
"212210","茂原市",3,12
"212211","成田市",3,12
"212212","佐倉市",3,12
"212213","東金市",3,12
"212215","旭市",3,12
"212216","習志野市",3,12
"212217","柏市",3,12
"212218","勝浦市",3,12
"212219","市原市",3,12
"212220","流山市",3,12
"212221","八千代市",3,12
"212222","我孫子市",3,12
"212223","鴨川市",3,12
"212224","鎌ケ谷市",3,12
"212225","君津市",3,12
"212226","富津市",3,12
"212227","浦安市",3,12
"212228","四街道市",3,12
"212229","袖ケ浦市",3,12
"212230","八街市",3,12
"212231","印西市",3,12
"212232","白井市",3,12
"212233","富里市",3,12
"212234","南房総市",3,12
"212235","匝瑳市",3,12
"212236","香取市",3,12
"212237","山武市",3,12
"212238","いすみ市",3,12
"212239","大網白里市",3,12
"212322","酒々井町",3,12
"212329","栄町",3,12
"212342","神崎町",3,12
"212347","多古町",3,12
"212349","東庄町",3,12
"212402","大網白里町",3,12
"212403","九十九里町",3,12
"212409","芝山町",3,12
"212410","横芝光町",3,12
"212421","一宮町",3,12
"212422","睦沢町",3,12
"212423","長生村",3,12
"212424","白子町",3,12
"212426","長柄町",3,12
"212427","長南町",3,12
"212441","大多喜町",3,12
"212443","御宿町",3,12
"212463","鋸南町",3,12
"212800","千葉県道路公社",3,12
"213","東京都庁",3,13
"21301000900001","東京都　第一建設事務所",3,13
"21301000900002","東京都　第二建設事務所",3,13
"21301000900003","東京都　第三建設事務所",3,13
"21301000900004","東京都　第四建設事務所",3,13
"21301000900005","東京都　第五建設事務所",3,13
"21301000900006","東京都　第六建設事務所",3,13
"21301000900011","東京都　西多摩建設事務所",3,13
"21301000900012","東京都　南多摩東部建設事務所",3,13
"21301000900013","東京都　南多摩西部建設事務所",3,13
"21301000900014","東京都　北多摩南部建設事務所",3,13
"21301000900015","東京都　北多摩北部建設事務所",3,13
"21301000900091","東京都　大島支庁",3,13
"21301000900092","東京都　三宅支庁",3,13
"21301000900093","東京都　八丈支庁",3,13
"21301000900094","東京都　小笠原支庁",3,13
"213101","千代田区",3,13
"213102","中央区",3,13
"213103","港区",3,13
"213104","新宿区",3,13
"213105","文京区",3,13
"213106","台東区",3,13
"213107","墨田区",3,13
"213108","江東区",3,13
"213109","品川区",3,13
"213110","目黒区",3,13
"213111","大田区",3,13
"213112","世田谷区",3,13
"213113","渋谷区",3,13
"213114","中野区",3,13
"213115","杉並区",3,13
"213116","豊島区",3,13
"213117","北区",3,13
"213118","荒川区",3,13
"213119","板橋区",3,13
"213120","練馬区",3,13
"213121","足立区",3,13
"213122","葛飾区",3,13
"213123","江戸川区",3,13
"213201","八王子市",3,13
"213202","立川市",3,13
"213203","武蔵野市",3,13
"213204","三鷹市",3,13
"213205","青梅市",3,13
"213206","府中市",3,13
"213207","昭島市",3,13
"213208","調布市",3,13
"213209","町田市",3,13
"213210","小金井市",3,13
"213211","小平市",3,13
"213212","日野市",3,13
"213213","東村山市",3,13
"213214","国分寺市",3,13
"213215","国立市",3,13
"213218","福生市",3,13
"213219","狛江市",3,13
"213220","東大和市",3,13
"213221","清瀬市",3,13
"213222","東久留米市",3,13
"213223","武蔵村山市",3,13
"213224","多摩市",3,13
"213225","稲城市",3,13
"213227","羽村市",3,13
"213228","あきる野市",3,13
"213229","西東京市",3,13
"213303","瑞穂町",3,13
"213305","日の出町",3,13
"213307","桧原村",3,13
"213308","奥多摩町",3,13
"213361","大島町",3,13
"213362","利島村",3,13
"213363","新島村",3,13
"213364","神津島村",3,13
"213381","三宅村",3,13
"213382","御蔵島村",3,13
"213401","八丈町",3,13
"213402","青ヶ島村",3,13
"213421","小笠原村",3,13
"213800","東京都道路公社",3,13
"214","神奈川県庁",3,14
"214051","神奈川県　横須賀土木事務所",3,14
"214052","神奈川県　平塚土木事務所",3,14
"214053","神奈川県　藤沢土木事務所",3,14
"214054","神奈川県　県西土木事務所小田原土木センター",3,14
"214055","神奈川県　厚木土木事務所東部センター",3,14
"214056","神奈川県　厚木土木事務所",3,14
"214057","神奈川県　県西土木事務所",3,14
"214058","神奈川県　津久井土木事務所",3,14
"214100","横浜市",3,14
"214130","川崎市",3,14
"214150","相模原市",3,14
"214201","横須賀市",3,14
"214203","平塚市",3,14
"214204","鎌倉市",3,14
"214205","藤沢市",3,14
"214206","小田原市",3,14
"214207","茅ヶ崎市",3,14
"214208","逗子市",3,14
"214209","相模原市",3,14
"214210","三浦市",3,14
"214211","秦野市",3,14
"214212","厚木市",3,14
"214213","大和市",3,14
"214214","伊勢原市",3,14
"214215","海老名市",3,14
"214216","座間市",3,14
"214217","南足柄市",3,14
"214218","綾瀬市",3,14
"214301","葉山町",3,14
"214321","寒川町",3,14
"214341","大磯町",3,14
"214342","二宮町",3,14
"214361","中井町",3,14
"214362","大井町",3,14
"214363","松田町",3,14
"214364","山北町",3,14
"214366","開成町",3,14
"214382","箱根町",3,14
"214383","真鶴町",3,14
"214384","湯河原町",3,14
"214401","愛川町",3,14
"214402","清川村",3,14
"214800","神奈川県道路公社",3,14
"215","新潟県庁",4,15
"215051","新潟県　村上地域整備部",4,15
"215052","新潟県　新発田地域整備部",4,15
"215053","新潟県　新潟地域振興局　新津地域整備部",4,15
"215054","新潟県　新潟地域振興局　津川地区振興事務所",4,15
"215055","新潟県　新潟地域振興局　地域整備部",4,15
"215056","新潟県　新潟地域振興局巻支局",4,15
"215057","新潟県　三条地域振興局　地域整備部",4,15
"215058","新潟県　長岡地域振興局　地域整備部",4,15
"215060","新潟県　魚沼地域振興局　地域整備部",4,15
"215061","新潟県　十日町地域振興局　地域整備部",4,15
"215062","新潟県　南魚沼地域振興局　地域整備部",4,15
"215063","新潟県　柏崎地域振興局　地域整備部",4,15
"215065","新潟県　上越地域振興局　地域整備部",4,15
"215066","新潟県　糸魚川地域振興局　地域整備部",4,15
"215067","新潟県　佐渡地域振興局",4,15
"215100","新潟市",4,15
"215201","新潟市",4,15
"215202","長岡市",4,15
"215204","三条市",4,15
"215205","柏崎市",4,15
"215206","新発田市",4,15
"215208","小千谷市",4,15
"215209","加茂市",4,15
"215210","十日町市",4,15
"215211","見附市",4,15
"215212","村上市",4,15
"215213","燕市",4,15
"215216","糸魚川市",4,15
"215217","妙高市",4,15
"215218","五泉市",4,15
"215222","上越市",4,15
"215223","阿賀野市",4,15
"215224","佐渡市",4,15
"215225","魚沼市",4,15
"215226","南魚沼市",4,15
"215227","胎内市",4,15
"215307","聖籠町",4,15
"215342","弥彦村",4,15
"215361","田上町",4,15
"215385","阿賀町",4,15
"215405","出雲崎町",4,15
"215441","川口町",4,15
"215461","湯沢町",4,15
"215482","津南町",4,15
"215504","刈羽村",4,15
"215581","関川村",4,15
"215584","朝日村",4,15
"215585","山北町",4,15
"215586","粟島浦村",4,15
"216","富山県庁",4,16
"216051","富山県　富山土木センター",4,16
"216052","富山県　高岡土木センター",4,16
"216053","富山県　立山土木事務所",4,16
"216054","富山県　新川土木センター",4,16
"216055","富山県　入善土木事務所",4,16
"216056","富山県　氷見土木事務所",4,16
"216057","富山県　砺波土木センター",4,16
"216058","富山県　小矢部土木事務所",4,16
"216201","富山市",4,16
"216202","高岡市",4,16
"216204","魚津市",4,16
"216205","氷見市",4,16
"216206","滑川市",4,16
"216207","黒部市",4,16
"216208","砺波市",4,16
"216209","小矢部市",4,16
"216210","南砺市",4,16
"216211","射水市",4,16
"216321","舟橋村",4,16
"216322","上市町",4,16
"216323","立山町",4,16
"216342","入善町",4,16
"216343","朝日町",4,16
"216800","富山県道路公社",4,16
"217","石川県庁",4,17
"217051","石川県　大聖寺土木事務所",4,17
"217052","石川県　南加賀土木総合事務所",4,17
"217053","石川県　石川土木総合事務所",4,17
"217054","石川県　県央土木総合事務所",4,17
"217055","石川県　津幡土木事務所",4,17
"217056","石川県　羽咋土木事務所",4,17
"217057","石川県　中能登土木総合事務所",4,17
"217058","石川県　奥能登土木総合事務所",4,17
"217059","石川県　珠洲土木事務所",4,17
"217201","金沢市",4,17
"217202","七尾市",4,17
"217203","小松市",4,17
"217204","輪島市",4,17
"217205","珠洲市",4,17
"217206","加賀市",4,17
"217207","羽咋市",4,17
"217209","かほく市",4,17
"217210","白山市",4,17
"217211","能美市",4,17
"217212","野々市市",4,17
"217324","川北町",4,17
"217344","野々市町",4,17
"217361","津幡町",4,17
"217365","内灘町",4,17
"217384","志賀町",4,17
"217386","宝達志水町",4,17
"217407","中能登町",4,17
"217461","穴水町",4,17
"217463","能登町",4,17
"217800","石川県道路公社",4,17
"218","福井県庁",6,18
"218051","福井県　福井土木事務所",6,18
"218052","福井県　三国土木事務所",6,18
"218053","福井県　奥越土木事務所",6,18
"218054","福井県　奥越土木事務所勝山維持管理課",6,18
"218057","福井県　丹南土木事務所",6,18
"218058","福井県　今立土木事務所",6,18
"218059","福井県　丹南土木事務所鯖江丹生土木部",6,18
"218060","福井県　嶺南振興局敦賀土木事務所",6,18
"218061","福井県　嶺南振興局小浜土木事務所",6,18
"218201","福井市",6,18
"218202","敦賀市",6,18
"218204","小浜市",6,18
"218205","大野市",6,18
"218206","勝山市",6,18
"218207","鯖江市",6,18
"218208","あわら市",6,18
"218209","越前市",6,18
"218210","坂井市",6,18
"218322","永平寺町",6,18
"218382","池田町",6,18
"218404","南越前町",6,18
"218423","越前町",6,18
"218442","美浜町",6,18
"218481","高浜町",6,18
"218483","おおい町",6,18
"218501","若狭町",6,18
"218800","福井県道路公社",6,18
"219","山梨県庁",3,19
"219051","山梨県　中北建設事務所",3,19
"219052","山梨県　峡東建設事務所",3,19
"219053","山梨県　峡東地域振興局　石和建設部",3,19
"219054","山梨県　峡南建設事務所",3,19
"219055","山梨県　峡南建設事務所身延管理課",3,19
"219056","山梨県　中北建設事務所峡北支所",3,19
"219057","山梨県　富士・東部建設事務所吉田支所",3,19
"219058","山梨県　富士・東部建設事務所",3,19
"219201","甲府市",3,19
"219202","富士吉田市",3,19
"219204","都留市",3,19
"219205","山梨市",3,19
"219206","大月市",3,19
"219207","韮崎市",3,19
"219208","南アルプス市",3,19
"219209","北杜市",3,19
"219210","甲斐市",3,19
"219211","笛吹市",3,19
"219212","上野原市",3,19
"219213","甲州市",3,19
"219214","中央市",3,19
"219346","市川三郷町",3,19
"219361","増穂町",3,19
"219362","鰍沢町",3,19
"219364","早川町",3,19
"219365","身延町",3,19
"219366","南部町",3,19
"219368","富士川町",3,19
"219383","玉穂町",3,19
"219384","昭和町",3,19
"219422","道志村",3,19
"219423","西桂町",3,19
"219424","忍野村",3,19
"219425","山中湖村",3,19
"219429","鳴沢村",3,19
"219430","富士河口湖町",3,19
"219442","小菅村",3,19
"219443","丹波山村",3,19
"219800","山梨県道路公社",3,19
"220","長野県庁",0,20
"220051","長野県　佐久建設事務所",3,20
"220052","長野県　佐久建設事務所佐久北部事務所",3,20
"220053","長野県　上田建設事務所",3,20
"220054","長野県　諏訪建設事務所",3,20
"220055","長野県　伊那建設事務所",5,20
"220057","長野県　飯田建設事務所",5,20
"220058","長野県　木曽建設事務所",5,20
"220059","長野県　松本建設事務所",3,20
"220061","長野県　安曇野建設事務所",3,20
"220062","長野県　大町建設事務所",3,20
"220063","長野県　千曲建設事務所",3,20
"220064","長野県　須坂建設事務所",3,20
"220065","長野県　北信建設事務所中野事務所",3,20
"220066","長野県　長野建設事務所",3,20
"220069","長野県　北信建設事務所飯山事務所",3,20
"220201","長野市",3,20
"220202","松本市",3,20
"220203","上田市",3,20
"220204","岡谷市",3,20
"220205","飯田市",5,20
"220206","諏訪市",3,20
"220207","須坂市",3,20
"220208","小諸市",3,20
"220209","伊那市",5,20
"220210","駒ヶ根市",5,20
"220211","中野市",3,20
"220212","大町市",3,20
"220213","飯山市",3,20
"220214","茅野市",3,20
"220215","塩尻市",3,20
"220217","佐久市",3,20
"220218","千曲市",3,20
"220219","東御市",3,20
"220220","安曇野市",3,20
"220303","小海町",3,20
"220304","川上村",3,20
"220305","南牧村",3,20
"220306","南相木村",3,20
"220307","北相木村",3,20
"220309","佐久穂町",3,20
"220321","軽井沢町",3,20
"220323","御代田町",3,20
"220324","立科町",3,20
"220349","青木村",3,20
"220350","長和町",3,20
"220361","下諏訪町",3,20
"220362","富士見町",3,20
"220363","原村",3,20
"220382","辰野町",5,20
"220383","箕輪町",5,20
"220384","飯島町",5,20
"220385","南箕輪村",5,20
"220386","中川村",5,20
"220388","宮田村",5,20
"220402","松川町",5,20
"220403","高森町",5,20
"220404","阿南町",5,20
"220407","阿智村",5,20
"220409","平谷村",5,20
"220410","根羽村",5,20
"220411","下條村",5,20
"220412","売木村",5,20
"220413","天龍村",5,20
"220414","泰阜村",5,20
"220415","喬木村",5,20
"220416","豊丘村",5,20
"220417","大鹿村",5,20
"220422","上松町",5,20
"220423","南木曽町",5,20
"220425","木祖村",5,20
"220429","王滝村",5,20
"220430","大桑村",5,20
"220432","木曽町",5,20
"220446","麻績村",3,20
"220448","生坂村",3,20
"220450","山形村",3,20
"220451","朝日村",3,20
"220452","筑北村",3,20
"220481","池田町",3,20
"220482","松川村",3,20
"220485","白馬村",3,20
"220486","小谷村",3,20
"220521","坂城町",3,20
"220541","小布施町",3,20
"220543","高山村",3,20
"220561","山ノ内町",3,20
"220562","木島平村",3,20
"220563","野沢温泉村",3,20
"220581","信州新町",3,20
"220583","信濃町",3,20
"220588","小川村",3,20
"220590","飯綱町",3,20
"220602","栄村",3,20
"220800","長野県道路公社",3,20
"221","岐阜県庁",5,21
"221051","岐阜県　岐阜土木事務所",5,21
"221052","岐阜県　大垣土木事務所",5,21
"221053","岐阜県　揖斐土木事務所",5,21
"221054","岐阜県　美濃土木事務所",5,21
"221055","岐阜県　郡上土木事務所",5,21
"221056","岐阜県　可茂土木事務所",5,21
"221057","岐阜県　多治見土木事務所",5,21
"221058","岐阜県　恵那土木事務所",5,21
"221059","岐阜県　下呂土木事務所",5,21
"221060","岐阜県　高山土木事務所",5,21
"221061","岐阜県　古川土木事務所",5,21
"221201","岐阜市",5,21
"221202","大垣市",5,21
"221203","高山市",5,21
"221204","多治見市",5,21
"221205","関市",5,21
"221206","中津川市",5,21
"221207","美濃市",5,21
"221208","瑞浪市",5,21
"221209","羽島市",5,21
"221210","恵那市",5,21
"221211","美濃加茂市",5,21
"221212","土岐市",5,21
"221213","各務原市",5,21
"221214","可児市",5,21
"221215","山県市",5,21
"221216","瑞穂市",5,21
"221217","飛騨市",5,21
"221218","本巣市",5,21
"221219","郡上市",5,21
"221220","下呂市",5,21
"221221","海津市",5,21
"221302","岐南町",5,21
"221303","笠松町",5,21
"221341","養老町",5,21
"221361","垂井町",5,21
"221362","関ケ原町",5,21
"221381","神戸町",5,21
"221382","輪之内町",5,21
"221383","安八町",5,21
"221401","揖斐川町",5,21
"221403","大野町",5,21
"221404","池田町",5,21
"221421","北方町",5,21
"221501","坂祝町",5,21
"221502","富加町",5,21
"221503","川辺町",5,21
"221504","七宗町",5,21
"221505","八百津町",5,21
"221506","白川町",5,21
"221507","東白川村",5,21
"221521","御嵩町",5,21
"221604","白川村",5,21
"221800","岐阜県道路公社",5,21
"222","静岡県庁",5,22
"222051","静岡県　下田土木事務所",5,22
"222052","静岡県　熱海土木事務所",5,22
"222053","静岡県　沼津土木事務所",5,22
"222054","静岡県　富士土木事務所",5,22
"222055","静岡県　静岡土木事務所",5,22
"222057","静岡県　島田土木事務所",5,22
"222058","静岡県　御前崎土木事務所",5,22
"222059","静岡県　袋井土木事務所",5,22
"222060","静岡県　天竜土木事務所",5,22
"222061","静岡県　浜松土木事務所",5,22
"222100","静岡市",5,22
"222130","浜松市",5,22
"222203","沼津市",5,22
"222205","熱海市",5,22
"222206","三島市",5,22
"222207","富士宮市",5,22
"222208","伊東市",5,22
"222209","島田市",5,22
"222210","富士市",5,22
"222211","磐田市",5,22
"222212","焼津市",5,22
"222213","掛川市",5,22
"222214","藤枝市",5,22
"222215","御殿場市",5,22
"222216","袋井市",5,22
"222219","下田市",5,22
"222220","裾野市",5,22
"222221","湖西市",5,22
"222222","伊豆市",5,22
"222223","御前崎市",5,22
"222224","菊川市",5,22
"222225","伊豆の国市",5,22
"222226","牧之原市",5,22
"222301","東伊豆町",5,22
"222302","河津町",5,22
"222304","南伊豆町",5,22
"222305","松崎町",5,22
"222306","西伊豆町",5,22
"222325","函南町",5,22
"222341","清水町",5,22
"222342","長泉町",5,22
"222344","小山町",5,22
"222361","芝川町",5,22
"222381","富士川町",5,22
"222383","由比町",5,22
"222401","岡部町",5,22
"222402","大井川町",5,22
"222424","吉田町",5,22
"222426","川根町",5,22
"222429","川根本町",5,22
"222461","森町",5,22
"222503","新居町",5,22
"222800","静岡県道路公社",5,22
"223","愛知県庁",5,23
"223051","愛知県　尾張建設事務所",5,23
"223052","愛知県　一宮建設事務所",5,23
"223053","愛知県　海部建設事務所",5,23
"223054","愛知県　知多建設事務所",5,23
"223055","愛知県　西三河建設事務所",5,23
"223056","愛知県　知立建設事務所",5,23
"223057","愛知県　豊田加茂建設事務所",5,23
"223058","愛知県　東三河建設事務所",5,23
"223059","愛知県　新城設楽建設事務所",5,23
"223060","愛知県　西三河建設事務所西尾支所",5,23
"223061","愛知県　豊田加茂建設事務所足助支所",5,23
"223062","愛知県　新城設楽建設事務所設楽支所",5,23
"223100","名古屋市",5,23
"2231300050","浜松市中区役所",5,22
"2231300051","浜松市東区役所",5,22
"2231300052","浜松市西区役所",5,22
"2231300053","浜松市南区役所",5,22
"2231300054","浜松市北区役所",5,22
"2231300055","浜松市浜北区役所",5,22
"2231300056","浜松市天竜区役所",5,22
"223201","豊橋市",5,23
"223202","岡崎市",5,23
"223203","一宮市",5,23
"223204","瀬戸市",5,23
"223205","半田市",5,23
"223206","春日井市",5,23
"223207","豊川市",5,23
"223208","津島市",5,23
"223209","碧南市",5,23
"223210","刈谷市",5,23
"223211","豊田市",5,23
"223212","安城市",5,23
"223213","西尾市",5,23
"223214","蒲郡市",5,23
"223215","犬山市",5,23
"223216","常滑市",5,23
"223217","江南市",5,23
"223219","小牧市",5,23
"223220","稲沢市",5,23
"223221","新城市",5,23
"223222","東海市",5,23
"223223","大府市",5,23
"223224","知多市",5,23
"223225","知立市",5,23
"223226","尾張旭市",5,23
"223227","高浜市",5,23
"223228","岩倉市",5,23
"223229","豊明市",5,23
"223230","日進市",5,23
"223231","田原市",5,23
"223232","愛西市",5,23
"223233","清須市",5,23
"223234","北名古屋市",5,23
"223235","弥富市",5,23
"223236","みよし市",5,23
"223237","あま市",5,23
"223238","みよし市",5,23
"223302","東郷町",5,23
"223304","長久手町",5,23
"223342","豊山町",5,23
"223345","春日町",5,23
"223361","大口町",5,23
"223362","扶桑町",5,23
"223386","長久手市",5,23
"223421","七宝町",5,23
"223422","美和町",5,23
"223423","甚目寺町",5,23
"223424","大治町",5,23
"223425","蟹江町",5,23
"223427","飛島村",5,23
"223441","阿久比町",5,23
"223442","東浦町",5,23
"223445","南知多町",5,23
"223446","美浜町",5,23
"223447","武豊町",5,23
"223481","一色町",5,23
"223482","吉良町",5,23
"223483","幡豆町",5,23
"223501","幸田町",5,23
"223521","三好町",5,23
"223561","設楽町",5,23
"223562","東栄町",5,23
"223563","豊根村",5,23
"223601","音羽町",5,23
"223603","小坂井町",5,23
"223604","御津町",5,23
"223800","愛知県道路公社",5,23
"223801","名古屋高速道路公社",5,23
"224","三重県庁",5,24
"224051","三重県　桑名建設事務所",5,24
"224052","三重県　四日市建設事務所",5,24
"224053","三重県　鈴鹿建設事務所",5,24
"224054","三重県　津建設事務所",5,24
"224056","三重県　松阪建設事務所",5,24
"224057","三重県　伊勢建設事務所",5,24
"224058","三重県　志摩建設事務所",5,24
"224059","三重県　伊賀建設事務所",5,24
"224060","三重県　尾鷲建設事務所",5,24
"224061","三重県　熊野建設事務所",5,24
"224201","津市",5,24
"224202","四日市市",5,24
"224203","伊勢市",5,24
"224204","松阪市",5,24
"224205","桑名市",5,24
"224207","鈴鹿市",5,24
"224208","名張市",5,24
"224209","尾鷲市",5,24
"224210","亀山市",5,24
"224211","鳥羽市",5,24
"224212","熊野市",5,24
"224214","いなべ市",5,24
"224215","志摩市",5,24
"224216","伊賀市",5,24
"224303","木曽岬町",5,24
"224324","東員町",5,24
"224341","菰野町",5,24
"224343","朝日町",5,24
"224344","川越町",5,24
"224441","多気町",5,24
"224442","明和町",5,24
"224443","大台町",5,24
"224461","玉城町",5,24
"224470","度会町",5,24
"224471","大紀町",5,24
"224472","南伊勢町",5,24
"224543","紀北町",5,24
"224561","御浜町",5,24
"224562","紀宝町",5,24
"224800","三重県道路公社",5,24
"225","滋賀県庁",6,25
"225051","滋賀県　大津土木事務所",6,25
"225052","滋賀県　南部土木事務所",6,25
"225053","滋賀県　甲賀土木事務所",6,25
"225054","滋賀県　東近江土木事務所",6,25
"225055","滋賀県　湖東土木事務所",6,25
"225056","滋賀県　長浜土木事務所",6,25
"225057","滋賀県　長浜土木事務所木之本支所",6,25
"225058","滋賀県　高島土木事務所",6,25
"225201","大津市",6,25
"225202","彦根市",6,25
"225203","長浜市",6,25
"225204","近江八幡市",6,25
"225206","草津市",6,25
"225207","守山市",6,25
"225208","栗東市",6,25
"225209","甲賀市",6,25
"225210","野洲市",6,25
"225211","湖南市",6,25
"225212","高島市",6,25
"225213","東近江市",6,25
"225214","米原市",6,25
"225381","安土町",6,25
"225383","日野町",6,25
"225384","竜王町",6,25
"225425","愛荘町",6,25
"225441","豊郷町",6,25
"225442","甲良町",6,25
"225443","多賀町",6,25
"225482","虎姫町",6,25
"225483","湖北町",6,25
"225501","高月町",6,25
"225502","木之本町",6,25
"225503","余呉町",6,25
"225504","西浅井町",6,25
"225800","滋賀県道路公社",6,25
"226","京都府庁",6,26
"226052","京都府　乙訓土木事務所",6,26
"226054","京都府　山城北土木事務所",6,26
"226055","京都府　山城南土木事務所",6,26
"226058","京都府　南丹土木事務所",6,26
"226059","京都府　中丹東土木事務所",6,26
"226060","京都府　中丹西土木事務所",6,26
"226062","京都府　丹後土木事務所",6,26
"226100","京都市",6,26
"226201","福知山市",6,26
"226202","舞鶴市",6,26
"226203","綾部市",6,26
"226204","宇治市",6,26
"226205","宮津市",6,26
"226206","亀岡市",6,26
"226207","城陽市",6,26
"226208","向日市",6,26
"226209","長岡京市",6,26
"226210","八幡市",6,26
"226211","京田辺市",6,26
"226212","京丹後市",6,26
"226213","南丹市",6,26
"226214","木津川市",6,26
"226303","大山崎町",6,26
"226322","久御山町",6,26
"226343","井手町",6,26
"226344","宇治田原町",6,26
"226364","笠置町",6,26
"226365","和束町",6,26
"226366","精華町",6,26
"226367","南山城村",6,26
"226407","京丹波町",6,26
"226463","伊根町",6,26
"226465","与謝野町",6,26
"226800","京都府道路公社",6,26
"227","大阪府庁",6,27
"227051","大阪府　池田土木事務所",6,27
"227052","大阪府　茨木土木事務所",6,27
"227053","大阪府　枚方土木事務所",6,27
"227054","大阪府　八尾土木事務所",6,27
"227055","大阪府　富田林土木事務所",6,27
"227056","大阪府　鳳土木事務所",6,27
"227057","大阪府　岸和田土木事務所",6,27
"227100","大阪市",6,27
"2271008000","大阪市道路公社",6,27
"227140","堺市",6,27
"227202","岸和田市",6,27
"227203","豊中市",6,27
"227204","池田市",6,27
"227205","吹田市",6,27
"227206","泉大津市",6,27
"227207","高槻市",6,27
"227208","貝塚市",6,27
"227209","守口市",6,27
"227210","枚方市",6,27
"227211","茨木市",6,27
"227212","八尾市",6,27
"227213","泉佐野市",6,27
"227214","富田林市",6,27
"227215","寝屋川市",6,27
"227216","河内長野市",6,27
"227217","松原市",6,27
"227218","大東市",6,27
"227219","和泉市",6,27
"227220","箕面市",6,27
"227221","柏原市",6,27
"227222","羽曳野市",6,27
"227223","門真市",6,27
"227224","摂津市",6,27
"227225","高石市",6,27
"227226","藤井寺市",6,27
"227227","東大阪市",6,27
"227228","泉南市",6,27
"227229","四條畷市",6,27
"227230","交野市",6,27
"227231","大阪狭山市",6,27
"227232","阪南市",6,27
"227301","島本町",6,27
"227321","豊能町",6,27
"227322","能勢町",6,27
"227341","忠岡町",6,27
"227361","熊取町",6,27
"227362","田尻町",6,27
"227366","岬町",6,27
"227381","太子町",6,27
"227382","河南町",6,27
"227383","千早赤阪村",6,27
"227800","大阪府道路公社",6,27
"228","兵庫県庁",6,28
"228052","兵庫県　西宮土木事務所",6,28
"228053","兵庫県　加東土木事務所",6,28
"228054","兵庫県　加古川土木事務所",6,28
"228055","兵庫県　姫路土木事務所",6,28
"228056","兵庫県　龍野土木事務所",6,28
"228057","兵庫県　光都土木事務所",6,28
"228058","兵庫県　養父土木事務所",6,28
"228059","兵庫県　豊岡土木事務所",6,28
"228060","兵庫県　新温泉土木事務所",6,28
"228061","兵庫県　丹波土木事務所",6,28
"228062","兵庫県　洲本土木事務所",6,28
"228064","兵庫県　宝塚土木事務所",6,28
"228066","兵庫県　但馬空港管理事務所",6,28
"228067","兵庫県　三田土木事務所",6,28
"228100","神戸市",6,28
"2281008000","神戸市道路公社",6,28
"228201","姫路市",6,28
"228202","尼崎市",6,28
"228203","明石市",6,28
"228204","西宮市",6,28
"228205","洲本市",6,28
"228206","芦屋市",6,28
"228207","伊丹市",6,28
"228208","相生市",6,28
"228209","豊岡市",6,28
"228210","加古川市",6,28
"228212","赤穂市",6,28
"228213","西脇市",6,28
"228214","宝塚市",6,28
"228215","三木市",6,28
"228216","高砂市",6,28
"228217","川西市",6,28
"228218","小野市",6,28
"228219","三田市",6,28
"228220","加西市",6,28
"228221","丹波篠山市",6,28
"228222","養父市",6,28
"228223","丹波市",6,28
"228224","南あわじ市",6,28
"228225","朝来市",6,28
"228226","淡路市",6,28
"228227","宍粟市",6,28
"228228","加東市",6,28
"228229","たつの市",6,28
"228301","猪名川町",6,28
"228365","多可町",6,28
"228381","稲美町",6,28
"228382","播磨町",6,28
"228442","市川町",6,28
"228443","福崎町",6,28
"228446","神河町",6,28
"228464","太子町",6,28
"228481","上郡町",6,28
"228501","佐用町",6,28
"228585","香美町",6,28
"228586","新温泉町",6,28
"228800","兵庫県道路公社",6,28
"229","奈良県庁",6,29
"229051","奈良県　奈良土木事務所",6,29
"229052","奈良県　郡山土木事務所",6,29
"229053","奈良県　高田土木事務所",6,29
"229054","奈良県　中和土木事務所",6,29
"229055","奈良県　宇陀土木事務所",6,29
"229056","奈良県　吉野土木事務所",6,29
"229057","奈良県　五條土木事務所",6,29
"229201","奈良市",6,29
"229202","大和高田市",6,29
"229203","大和郡山市",6,29
"229204","天理市",6,29
"229205","橿原市",6,29
"229206","桜井市",6,29
"229207","五條市",6,29
"229208","御所市",6,29
"229209","生駒市",6,29
"229210","香芝市",6,29
"229211","葛城市",6,29
"229212","宇陀市",6,29
"229322","山添村",6,29
"229342","平群町",6,29
"229343","三郷町",6,29
"229344","斑鳩町",6,29
"229345","安堵町",6,29
"229361","川西町",6,29
"229362","三宅町",6,29
"229363","田原本町",6,29
"229385","曽爾村",6,29
"229386","御杖村",6,29
"229401","高取町",6,29
"229402","明日香村",6,29
"229424","上牧町",6,29
"229425","王寺町",6,29
"229426","広陵町",6,29
"229427","河合町",6,29
"229441","吉野町",6,29
"229442","大淀町",6,29
"229443","下市町",6,29
"229444","黒滝村",6,29
"229446","天川村",6,29
"229447","野迫川村",6,29
"229449","十津川村",6,29
"229450","下北山村",6,29
"229451","上北山村",6,29
"229452","川上村",6,29
"229453","東吉野村",6,29
"229800","奈良県道路公社",6,29
"230","和歌山県庁",6,30
"230051","和歌山県　海草振興局",6,30
"230052","和歌山県　那賀振興局",6,30
"230053","和歌山県　伊都振興局",6,30
"230054","和歌山県　有田振興局",6,30
"230055","和歌山県　日高振興局",6,30
"230056","和歌山県　西牟婁振興局",6,30
"230057","和歌山県　東牟婁振興局串本建設部",6,30
"230058","和歌山県　東牟婁振興局新宮建設部",6,30
"230201","和歌山市",6,30
"230202","海南市",6,30
"230203","橋本市",6,30
"230204","有田市",6,30
"230205","御坊市",6,30
"230206","田辺市",6,30
"230207","新宮市",6,30
"230208","紀の川市",6,30
"230209","岩出市",6,30
"230304","紀美野町",6,30
"230341","かつらぎ町",6,30
"230343","九度山町",6,30
"230344","高野町",6,30
"230361","湯浅町",6,30
"230362","広川町",6,30
"230366","有田川町",6,30
"230381","美浜町",6,30
"230382","日高町",6,30
"230383","由良町",6,30
"230390","印南町",6,30
"230391","みなべ町",6,30
"230392","日高川町",6,30
"230401","白浜町",6,30
"230404","上富田町",6,30
"230406","すさみ町",6,30
"230421","那智勝浦町",6,30
"230422","太地町",6,30
"230424","古座川町",6,30
"230427","北山村",6,30
"230428","串本町",6,30
"230800","和歌山県道路公社",6,30
"231","鳥取県庁",7,31
"231051","鳥取県　鳥取県土整備事務所",7,31
"231052","鳥取県　八頭県土整備事務所",7,31
"231053","鳥取県　中部総合事務所県土整備局",7,31
"231054","鳥取県　西部総合事務所米子県土整備局",7,31
"231055","鳥取県　西部総合事務所日野振興センター日野県土整備局",7,31
"231201","鳥取市",7,31
"231202","米子市",7,31
"231203","倉吉市",7,31
"231204","境港市",7,31
"231302","岩美町",7,31
"231325","若桜町",7,31
"231328","智頭町",7,31
"231329","八頭町",7,31
"231364","三朝町",7,31
"231370","湯梨浜町",7,31
"231371","琴浦町",7,31
"231372","北栄町",7,31
"231382","会見町",7,31
"231384","日吉津村",7,31
"231386","大山町",7,31
"231389","南部町",7,31
"231390","伯耆町",7,31
"231401","日南町",7,31
"231402","日野町",7,31
"231403","江府町",7,31
"232","島根県庁",7,32
"232051","島根県　松江県土整備事務所",7,32
"232052","島根県　松江県土整備事務所広瀬土木事業所",7,32
"232053","島根県　雲南県土整備事務所",7,32
"232054","島根県　雲南県土整備事務所仁多土木事業所",7,32
"232055","島根県　出雲県土整備事務所",7,32
"232056","島根県　県央県土整備事務所大田事業所",7,32
"232057","島根県　県央県土整備事務所",7,32
"232058","島根県　浜田県土整備事務所",7,32
"232059","島根県　益田県土整備事務所",7,32
"232060","島根県　益田県土整備事務所津和野土木事業所",7,32
"232061","島根県　隠岐支庁県土整備局",7,32
"232062","島根県　隠岐支庁県土整備局島前事業部",7,32
"232201","松江市",7,32
"232202","浜田市",7,32
"232203","出雲市",7,32
"232204","益田市",7,32
"232205","大田市",7,32
"232206","安来市",7,32
"232207","江津市",7,32
"232209","雲南市",7,32
"232304","東出雲町",7,32
"232343","奥出雲町",7,32
"232386","飯南町",7,32
"232401","斐川町",7,32
"232441","川本町",7,32
"232448","美郷町",7,32
"232449","邑南町",7,32
"232501","津和野町",7,32
"232505","吉賀町",7,32
"232525","海士町",7,32
"232526","西ノ島町",7,32
"232527","知夫村",7,32
"232528","隠岐の島町",7,32
"233","岡山県庁",7,33
"233049","岡山県　備前県民局",7,33
"233055","岡山県　備前県民局東備地域事務所",7,33
"233056","岡山県　備中県民局",7,33
"233059","岡山県　備中県民局井笠地域事務所",7,33
"233060","岡山県　備中県民局高梁地域事務所",7,33
"233061","岡山県　備中県民局新見地域事務所",7,33
"233063","岡山県　美作県民局真庭地域事務所",7,33
"233064","岡山県　美作県民局",7,33
"233066","岡山県　美作県民局勝英地域事務所",7,33
"233100","岡山市",7,33
"233201","岡山市",7,33
"233202","倉敷市",7,33
"233203","津山市",7,33
"233204","玉野市",7,33
"233205","笠岡市",7,33
"233207","井原市",7,33
"233208","総社市",7,33
"233209","高梁市",7,33
"233210","新見市",7,33
"233211","備前市",7,33
"233212","瀬戸内市",7,33
"233213","赤磐市",7,33
"233214","真庭市",7,33
"233215","美作市",7,33
"233216","浅口市",7,33
"233346","和気町",7,33
"233363","長船町",7,33
"233423","早島町",7,33
"233445","里庄町",7,33
"233461","矢掛町",7,33
"233586","新庄村",7,33
"233606","鏡野町",7,33
"233622","勝央町",7,33
"233623","奈義町",7,33
"233643","西粟倉村",7,33
"233663","久米南町",7,33
"233666","美咲町",7,33
"233681","吉備中央町",7,33
"234","広島県庁",7,34
"234051","広島県　西部建設事務所",7,34
"234052","広島県　西部建設事務所呉支所",7,34
"234053","広島県　西部建設事務所廿日市支所",7,34
"234055","広島県　西部建設事務所安芸太田支所",7,34
"234057","広島県　西部建設事務所東広島支所",7,34
"234059","広島県　東部建設事務所三原支所",7,34
"234060","広島県　東部建設事務所",7,34
"234062","広島県　北部建設事務所",7,34
"234063","広島県　北部建設事務所庄原支所",7,34
"234100","広島市",7,34
"2341008000","広島市道路公社",7,34
"234202","呉市",7,34
"234203","竹原市",7,34
"234204","三原市",7,34
"234205","尾道市",7,34
"234207","福山市",7,34
"234208","府中市",7,34
"234209","三次市",7,34
"234210","庄原市",7,34
"234211","大竹市",7,34
"234212","東広島市",7,34
"234213","廿日市市",7,34
"234214","安芸高田市",7,34
"234215","江田島市",7,34
"234302","府中町",7,34
"234304","海田町",7,34
"234307","熊野町",7,34
"234309","坂町",7,34
"234368","安芸太田町",7,34
"234369","北広島町",7,34
"234431","大崎上島町",7,34
"234462","世羅町",7,34
"234545","神石高原町",7,34
"234800","広島県道路公社",7,34
"234801","広島高速道路公社",7,34
"235","山口県庁",7,35
"235051","山口県　岩国土木建築事務所",7,35
"235053","山口県　柳井土木建築事務所",7,35
"235055","山口県　周南土木建築事務所",7,35
"235056","山口県　防府土木建築事務所",7,35
"235057","山口県　防府土木建築事務所山口支所",7,35
"235059","山口県　宇部土木建築事務所",7,35
"235060","山口県　宇部土木建築事務所美祢支所",7,35
"235061","山口県　下関土木建築事務所",7,35
"235063","山口県　長門土木建築事務所",7,35
"235064","山口県　萩土木建築事務所",7,35
"235201","下関市",7,35
"235202","宇部市",7,35
"235203","山口市",7,35
"235204","萩市",7,35
"235206","防府市",7,35
"235207","下松市",7,35
"235208","岩国市",7,35
"235210","光市",7,35
"235211","長門市",7,35
"235212","柳井市",7,35
"235213","美祢市",7,35
"235215","周南市",7,35
"235216","山陽小野田市",7,35
"235305","周防大島町",7,35
"235321","和木町",7,35
"235341","上関町",7,35
"235343","田布施町",7,35
"235344","平生町",7,35
"235502","阿武町",7,35
"235800","山口県道路公社",7,35
"236","徳島県庁",8,36
"236051","徳島県　東部県土整備局徳島庁舎",8,36
"236052","徳島県　東部県土整備局徳島庁舎鳴門総合サービスセンター",8,36
"236053","徳島県　南部総合県民局阿南庁舎",8,36
"236054","徳島県　南部総合県民局那賀庁舎",8,36
"236055","徳島県　南部総合県民局美波庁舎",8,36
"236056","徳島県　東部県土整備局吉野川庁舎",8,36
"236057","徳島県　西部総合県民局美馬庁舎",8,36
"236058","徳島県　西部総合県民局三好庁舎",8,36
"236201","徳島市",8,36
"236202","鳴門市",8,36
"236203","小松島市",8,36
"236204","阿南市",8,36
"236205","吉野川市",8,36
"236206","阿波市",8,36
"236207","美馬市",8,36
"236208","三好市",8,36
"236301","勝浦町",8,36
"236302","上勝町",8,36
"236321","佐那河内村",8,36
"236341","石井町",8,36
"236342","神山町",8,36
"236368","那賀町",8,36
"236383","牟岐町",8,36
"236387","美波町",8,36
"236388","海陽町",8,36
"236401","松茂町",8,36
"236402","北島町",8,36
"236403","藍住町",8,36
"236404","板野町",8,36
"236405","上板町",8,36
"236468","つるぎ町",8,36
"236489","東みよし町",8,36
"237","香川県庁",8,37
"237051","香川県　長尾土木事務所",8,37
"237052","香川県　高松土木事務所",8,37
"237053","香川県　小豆総合事務所",8,37
"237054","香川県　中讃土木事務所",8,37
"237056","香川県　西讃土木事務所",8,37
"237201","高松市",8,37
"237202","丸亀市",8,37
"237203","坂出市",8,37
"237204","善通寺市",8,37
"237205","観音寺市",8,37
"237206","さぬき市",8,37
"237207","東かがわ市",8,37
"237208","三豊市",8,37
"237322","土庄町",8,37
"237324","小豆島町",8,37
"237341","三木町",8,37
"237364","直島町",8,37
"237386","宇多津町",8,37
"237387","綾川町",8,37
"237402","満濃町",8,37
"237403","琴平町",8,37
"237404","多度津町",8,37
"237406","まんのう町",8,37
"237421","高瀬町",8,37
"237426","詫間町",8,37
"237800","香川県道路公社",8,37
"238","愛媛県庁",8,38
"238051","愛媛県　東予地方局四国中央土木事務所",8,38
"238052","愛媛県　東予地方局建設部",8,38
"238056","愛媛県　東予地方局今治土木事務所",8,38
"238060","愛媛県　中予地方局建設部",8,38
"238061","愛媛県　中予地方局久万高原土木事務所",8,38
"238064","愛媛県　南予地方局大洲土木事務所",8,38
"238065","愛媛県　南予地方局八幡浜土木事務所",8,38
"238066","愛媛県　南予地方局西予土木事務所",8,38
"238068","愛媛県　南予地方局建設部",8,38
"238069","愛媛県　南予地方局愛南土木事務所",8,38
"238201","松山市",8,38
"238202","今治市",8,38
"238203","宇和島市",8,38
"238204","八幡浜市",8,38
"238205","新居浜市",8,38
"238206","西条市",8,38
"238207","大洲市",8,38
"238210","伊予市",8,38
"238213","四国中央市",8,38
"238214","西予市",8,38
"238215","東温市",8,38
"238356","上島町",8,38
"238381","久万高原町",8,38
"238386","久万高原町",8,38
"238401","松前町",8,38
"238402","砥部町",8,38
"238422","内子町",8,38
"238442","伊方町",8,38
"238484","松野町",8,38
"238488","鬼北町",8,38
"238506","愛南町",8,38
"239","高知県庁",8,39
"239051","高知県　室戸土木事務所",8,39
"239052","高知県　安芸土木事務所",8,39
"239053","高知県　中央東土木事務所",8,39
"239054","高知県　本山土木事務所",8,39
"239055","高知県　高知土木事務所",8,39
"239056","高知県　中央西土木事務所",8,39
"239057","高知県　越知土木事務所",8,39
"239058","高知県　須崎土木事務所",8,39
"239059","高知県　窪川土木事務所",8,39
"239060","高知県　幡多土木事務所",8,39
"239061","高知県　宿毛土木事務所",8,39
"239062","高知県　土佐清水土木事務所",8,39
"239201","高知市",8,39
"239202","室戸市",8,39
"239203","安芸市",8,39
"239204","南国市",8,39
"239205","土佐市",8,39
"239206","須崎市",8,39
"239208","宿毛市",8,39
"239209","土佐清水市",8,39
"239210","四万十市",8,39
"239211","香南市",8,39
"239212","香美市",8,39
"239301","東洋町",8,39
"239302","奈半利町",8,39
"239303","田野町",8,39
"239304","安田町",8,39
"239305","北川村",8,39
"239306","馬路村",8,39
"239307","芸西村",8,39
"239341","本山町",8,39
"239344","大豊町",8,39
"239363","土佐町",8,39
"239364","大川村",8,39
"239383","春野町",8,39
"239386","いの町",8,39
"239387","仁淀川町",8,39
"239401","中土佐町",8,39
"239402","佐川町",8,39
"239403","越知町",8,39
"239405","檮原町",8,39
"239410","日高村",8,39
"239411","津野町",8,39
"239412","四万十町",8,39
"239424","大月町",8,39
"239427","三原村",8,39
"239428","黒潮町",8,39
"239800","高知県道路公社",8,39
"240","福岡県庁",9,40
"240051","福岡県　福岡県土整備事務所",9,40
"240052","福岡県　久留米県土整備事務所",9,40
"240053","福岡県　南筑後県土整備事務所　柳川支所",9,40
"240054","福岡県　直方県土整備事務所",9,40
"240055","福岡県　京築県土整備事務所　行橋支所",9,40
"240056","福岡県　福岡県土整備事務所　前原支所",9,40
"240057","福岡県　朝倉県土整備事務所",9,40
"240058","福岡県　八女県土整備事務所",9,40
"240059","福岡県　北九州県土整備事務所",9,40
"240060","福岡県　田川県土整備事務所",9,40
"240061","福岡県　飯塚県土整備事務所",9,40
"240062","福岡県　那珂県土整備事務所",9,40
"240063","福岡県　南筑後県土整備事務所",9,40
"240064","福岡県　京築県土整備事務所",9,40
"240065","福岡県　北九州県土整備事務所　宗像支所",9,40
"240100","北九州市",9,40
"2401008000","北九州市道路公社",9,40
"240130","福岡市",9,40
"240202","大牟田市",9,40
"240203","久留米市",9,40
"240204","直方市",9,40
"240205","飯塚市",9,40
"240206","田川市",9,40
"240207","柳川市",9,40
"240210","八女市",9,40
"240211","筑後市",9,40
"240212","大川市",9,40
"240213","行橋市",9,40
"240214","豊前市",9,40
"240215","中間市",9,40
"240216","小郡市",9,40
"240217","筑紫野市",9,40
"240218","春日市",9,40
"240219","大野城市",9,40
"240220","宗像市",9,40
"240221","太宰府市",9,40
"240222","前原市",9,40
"240223","古賀市",9,40
"240224","福津市",9,40
"240225","うきは市",9,40
"240226","宮若市",9,40
"240227","嘉麻市",9,40
"240228","朝倉市",9,40
"240229","みやま市",9,40
"240230","糸島市",9,40
"240231","那珂川市",9,40
"240305","那珂川町",9,40
"240341","宇美町",9,40
"240342","篠栗町",9,40
"240343","志免町",9,40
"240344","須恵町",9,40
"240345","新宮町",9,40
"240348","久山町",9,40
"240349","粕屋町",9,40
"240381","芦屋町",9,40
"240382","水巻町",9,40
"240383","岡垣町",9,40
"240384","遠賀町",9,40
"240401","小竹町",9,40
"240402","鞍手町",9,40
"240421","桂川町",9,40
"240447","筑前町",9,40
"240448","東峰村",9,40
"240503","大刀洗町",9,40
"240522","大木町",9,40
"240544","広川町",9,40
"240561","瀬高町",9,40
"240601","香春町",9,40
"240602","添田町",9,40
"240604","糸田町",9,40
"240605","川崎町",9,40
"240608","大任町",9,40
"240609","赤村",9,40
"240610","福智町",9,40
"240621","苅田町",9,40
"240625","みやこ町",9,40
"240642","吉富町",9,40
"240646","上毛町",9,40
"240647","築上町",9,40
"240800","福岡県道路公社",9,40
"240801","福岡北九州高速道路公社",9,40
"241","佐賀県庁",9,41
"241051","佐賀県　佐賀土木事務所",9,41
"241052","佐賀県　神埼土木事務所",9,41
"241053","佐賀県　東部土木事務所",9,41
"241055","佐賀県　唐津土木事務所",9,41
"241056","佐賀県　伊万里土木事務所",9,41
"241057","佐賀県　杵藤土木事務所",9,41
"241058","佐賀県　鹿島土木事務所",9,41
"241201","佐賀市",9,41
"241202","唐津市",9,41
"241203","鳥栖市",9,41
"241204","多久市",9,41
"241205","伊万里市",9,41
"241206","武雄市",9,41
"241207","鹿島市",9,41
"241208","小城市",9,41
"241209","嬉野市",9,41
"241210","神埼市",9,41
"241327","吉野ヶ里町",9,41
"241341","基山町",9,41
"241345","上峰町",9,41
"241346","みやき町",9,41
"241387","玄海町",9,41
"241401","有田町",9,41
"241423","大町町",9,41
"241424","江北町",9,41
"241425","白石町",9,41
"241441","太良町",9,41
"241800","佐賀県道路公社",9,41
"242","長崎県庁",9,42
"242050","長崎県　長崎振興局",9,42
"242051","長崎県　大瀬戸土木維持管理事務所",9,42
"242052","長崎県　県央振興局",9,42
"242057","長崎県　県北振興局",9,42
"242058","長崎県　田平土木維持管理事務所",9,42
"242059","長崎県　島原振興局",9,42
"242061","長崎県　五島振興局",9,42
"242062","長崎県　五島振興局上五島支所",9,42
"242063","長崎県　壱岐振興局",9,42
"242064","長崎県　対馬振興局",9,42
"242201","長崎市",9,42
"242202","佐世保市",9,42
"242203","島原市",9,42
"242204","諫早市",9,42
"242205","大村市",9,42
"242207","平戸市",9,42
"242208","松浦市",9,42
"242209","対馬市",9,42
"242210","壱岐市",9,42
"242211","五島市",9,42
"242212","西海市",9,42
"242213","雲仙市",9,42
"242214","南島原市",9,42
"242307","長与町",9,42
"242308","時津町",9,42
"242321","東彼杵町",9,42
"242322","川棚町",9,42
"242323","波佐見町",9,42
"242383","小値賀町",9,42
"242391","佐々町",9,42
"242411","新上五島町",9,42
"242800","長崎県道路公社",9,42
"243","熊本県庁",9,43
"243050","熊本県　熊本土木事務所",9,43
"243052","熊本県　県央広域本部宇城地域振興局",9,43
"243053","熊本県　県北広域本部玉名地域振興局",9,43
"243054","熊本県　県北広域本部鹿本地域振興局",9,43
"243055","熊本県　県北広域本部",9,43
"243056","熊本県　県北広域本部阿蘇地域振興局",9,43
"243057","熊本県　県央広域本部上益城地域振興局",9,43
"243058","熊本県　県南広域本部",9,43
"243059","熊本県　県南広域本部芦北地域振興局",9,43
"243060","熊本県　県南広域本部球磨地域振興局",9,43
"243061","熊本県　天草広域本部",9,43
"243100","熊本市",9,43
"243201","熊本市",9,43
"243202","八代市",9,43
"243203","人吉市",9,43
"243204","荒尾市",9,43
"243205","水俣市",9,43
"243206","玉名市",9,43
"243208","山鹿市",9,43
"243210","菊池市",9,43
"243211","宇土市",9,43
"243212","上天草市",9,43
"243213","宇城市",9,43
"243214","阿蘇市",9,43
"243215","天草市",9,43
"243216","合志市",9,43
"243341","城南町",9,43
"243342","富合町",9,43
"243348","美里町",9,43
"243364","玉東町",9,43
"243367","南関町",9,43
"243368","長洲町",9,43
"243369","和水町",9,43
"243385","植木町",9,43
"243403","大津町",9,43
"243404","菊陽町",9,43
"243423","南小国町",9,43
"243424","小国町",9,43
"243425","産山村",9,43
"243428","高森町",9,43
"243432","西原村",9,43
"243433","南阿蘇村",9,43
"243441","御船町",9,43
"243442","嘉島町",9,43
"243443","益城町",9,43
"243444","甲佐町",9,43
"243447","山都町",9,43
"243468","氷川町",9,43
"243482","芦北町",9,43
"243484","津奈木町",9,43
"243501","錦町",9,43
"243505","多良木町",9,43
"243506","湯前町",9,43
"243507","水上村",9,43
"243510","相良村",9,43
"243511","五木村",9,43
"243512","山江村",9,43
"243513","球磨村",9,43
"243514","あさぎり町",9,43
"243531","苓北町",9,43
"243533","河浦町",9,43
"243800","熊本県道路公社",9,43
"244","大分県庁",9,44
"244051","大分県　豊後高田土木事務所",9,44
"244052","大分県　国東土木事務所",9,44
"244053","大分県　別府土木事務所",9,44
"244054","大分県　大分土木事務所",9,44
"244055","大分県　臼杵土木事務所",9,44
"244056","大分県　佐伯土木事務所",9,44
"244057","大分県　豊後大野土木事務所",9,44
"244058","大分県　竹田土木事務所",9,44
"244059","大分県　玖珠土木事務所",9,44
"244060","大分県　日田土木事務所",9,44
"244061","大分県　中津土木事務所",9,44
"244062","大分県　宇佐土木事務所",9,44
"244201","大分市",9,44
"244202","別府市",9,44
"244203","中津市",9,44
"244204","日田市",9,44
"244205","佐伯市",9,44
"244206","臼杵市",9,44
"244207","津久見市",9,44
"244208","竹田市",9,44
"244209","豊後高田市",9,44
"244210","杵築市",9,44
"244211","宇佐市",9,44
"244212","豊後大野市",9,44
"244213","由布市",9,44
"244214","国東市",9,44
"244322","姫島村",9,44
"244341","日出町",9,44
"244461","九重町",9,44
"244462","玖珠町",9,44
"244800","大分県道路公社",9,44
"245","宮崎県庁",9,45
"245051","宮崎県　宮崎土木事務所",9,45
"245052","宮崎県　日南土木事務所",9,45
"245053","宮崎県　串間土木事務所",9,45
"245054","宮崎県　都城土木事務所",9,45
"245055","宮崎県　小林土木事務所",9,45
"245056","宮崎県　高岡土木事務所",9,45
"245057","宮崎県　西都土木事務所",9,45
"245058","宮崎県　高鍋土木事務所",9,45
"245059","宮崎県　日向土木事務所",9,45
"245060","宮崎県　延岡土木事務所",9,45
"245061","宮崎県　西臼杵支庁",9,45
"245201","宮崎市",9,45
"245202","都城市",9,45
"245203","延岡市",9,45
"245204","日南市",9,45
"245205","小林市",9,45
"245206","日向市",9,45
"245207","串間市",9,45
"245208","西都市",9,45
"245209","えびの市",9,45
"245301","清武町",9,45
"245321","北郷町",9,45
"245322","南郷町",9,45
"245341","三股町",9,45
"245361","高原町",9,45
"245362","野尻町",9,45
"245382","国富町",9,45
"245383","綾町",9,45
"245401","高鍋町",9,45
"245402","新富町",9,45
"245403","西米良村",9,45
"245404","木城町",9,45
"245405","川南町",9,45
"245406","都農町",9,45
"245421","門川町",9,45
"245429","諸塚村",9,45
"245430","椎葉村",9,45
"245431","美郷町",9,45
"245441","高千穂町",9,45
"245442","日之影町",9,45
"245443","五ヶ瀬町",9,45
"245800","宮崎県道路公社",9,45
"246","鹿児島県庁",9,46
"246051","鹿児島県　鹿児島地域振興局",9,46
"246052","鹿児島県　鹿児島地域振興局　日置支所",9,46
"246053","鹿児島県　南薩地域振興局",9,46
"246054","鹿児島県　南薩地域振興局　指宿支所",9,46
"246055","鹿児島県　北薩地域振興局",9,46
"246056","鹿児島県　北薩地域振興局",9,46
"246058","鹿児島県　姶良・伊佐地域振興局",9,46
"246059","鹿児島県　姶良・伊佐地域振興局　大口支所",9,46
"246061","鹿児島県　姶良・伊佐地域振興局　湧水支所",9,46
"246063","鹿児島県　大隅地域振興局",9,46
"246064","鹿児島県　大隅地域振興局　曽於支所",9,46
"246069","鹿児島県　熊毛支庁",9,46
"246070","鹿児島県　熊毛支庁屋久島事務所",9,46
"246071","鹿児島県　大島支庁",9,46
"246073","鹿児島県　大島支庁瀬戸内事務所",9,46
"246074","鹿児島県　大島支庁徳之島事務所",9,46
"246075","鹿児島県　大島支庁沖永良部事務所",9,46
"246076","鹿児島県　大島支庁喜界事務所",9,46
"246077","鹿児島県　北薩地域振興局　甑島支所",9,46
"246201","鹿児島市",9,46
"246203","鹿屋市",9,46
"246204","枕崎市",9,46
"246206","阿久根市",9,46
"246208","出水市",9,46
"246209","大口市",9,46
"246210","指宿市",9,46
"246213","西之表市",9,46
"246214","垂水市",9,46
"246215","薩摩川内市",9,46
"246216","日置市",9,46
"246217","曽於市",9,46
"246218","霧島市",9,46
"246219","いちき串木野市",9,46
"246220","南さつま市",9,46
"246221","志布志市",9,46
"246222","奄美市",9,46
"246223","南九州市",9,46
"246224","伊佐市",9,46
"246225","姶良市",9,46
"246303","三島村",9,46
"246304","十島村",9,46
"246322","山川町",9,46
"246392","さつま町",9,46
"246404","長島町",9,46
"246421","菱刈町",9,46
"246441","加治木町",9,46
"246442","姶良町",9,46
"246443","蒲生町",9,46
"246452","湧水町",9,46
"246468","大崎町",9,46
"246482","東串良町",9,46
"246490","錦江町",9,46
"246491","南大隅町",9,46
"246492","肝付町",9,46
"246501","中種子町",9,46
"246502","南種子町",9,46
"246505","屋久島町",9,46
"246523","大和村",9,46
"246524","宇検村",9,46
"246525","瀬戸内町",9,46
"246527","龍郷町",9,46
"246529","喜界町",9,46
"246530","徳之島町",9,46
"246531","天城町",9,46
"246532","伊仙町",9,46
"246533","和泊町",9,46
"246534","知名町",9,46
"246535","与論町",9,46
"246800","鹿児島県道路公社",9,46
"247","沖縄県庁",10,47
"247051","沖縄県　北部土木事務所",10,47
"247052","沖縄県　中部土木事務所",10,47
"247053","沖縄県　南部土木事務所",10,47
"247054","沖縄県　宮古土木事務所",10,47
"247055","沖縄県　八重山土木事務所",10,47
"247201","那覇市",10,47
"247205","宜野湾市",10,47
"247207","石垣市",10,47
"247208","浦添市",10,47
"247209","名護市",10,47
"247210","糸満市",10,47
"247211","沖縄市",10,47
"247212","豊見城市",10,47
"247213","うるま市",10,47
"247214","宮古島市",10,47
"247215","南城市",10,47
"247301","国頭村",10,47
"247302","大宜味村",10,47
"247303","東村",10,47
"247306","今帰仁村",10,47
"247308","本部町",10,47
"247311","恩納村",10,47
"247313","宜野座村",10,47
"247314","金武町",10,47
"247315","伊江村",10,47
"247324","読谷村",10,47
"247325","嘉手納町",10,47
"247326","北谷町",10,47
"247327","北中城村",10,47
"247328","中城村",10,47
"247329","西原町",10,47
"247348","与那原町",10,47
"247350","南風原町",10,47
"247353","渡嘉敷村",10,47
"247354","座間味村",10,47
"247355","粟国村",10,47
"247356","渡名喜村",10,47
"247357","南大東村",10,47
"247358","北大東村",10,47
"247359","伊平屋村",10,47
"247360","伊是名村",10,47
"247361","久米島町",10,47
"247362","八重瀬町",10,47
"247375","多良間村",10,47
"247381","竹富町",10,47
"247382","与那国町",10,47
