city,geojson_url,source_page
札幌市中央区,https://www.geospatial.jp/ckan/dataset/d3d3d515-82ef-4f9a-9c4c-37e36adfb0ef/resource/c595c169-a9f6-4a38-a56e-a429f5b4f25a/download/01101__12_r_2025.geojson,https://www.geospatial.jp/ckan/dataset/aigid-moj-01101
札幌市北区,https://www.geospatial.jp/ckan/dataset/6ef069e6-9877-4003-8960-146f41a2a7d2/resource/de40e36a-cee2-4813-bce9-114617db0f23/download/01102__12_r_2025.geojson,https://www.geospatial.jp/ckan/dataset/aigid-moj-01102
札幌市東区,https://www.geospatial.jp/ckan/dataset/b9f4c72f-c250-4419-965e-025450f2d509/resource/86225591-d505-4d1f-8787-b8d66c5101a2/download/01103__12_r_2025.geojson,https://www.geospatial.jp/ckan/dataset/aigid-moj-01103
札幌市白石区,https://www.geospatial.jp/ckan/dataset/8ed20d8c-e5ef-44f7-b0d0-a0501093df16/resource/36d40697-688e-46e1-917c-ad7ef240e2fd/download/01104__12_r_2025.geojson,https://www.geospatial.jp/ckan/dataset/aigid-moj-01104
札幌市豊平区,https://www.geospatial.jp/ckan/dataset/2c5b17a1-d289-4e7f-bb5d-983c6ab9fb73/resource/4587e2e9-a66b-4461-a00e-c3db824f548b/download/01105__12_r_2025.geojson,https://www.geospatial.jp/ckan/dataset/aigid-moj-01105
札幌市南区,https://www.geospatial.jp/ckan/dataset/72cca482-5fa3-4940-9157-d94207869dab/resource/88a09a1e-16f4-4dd3-a803-a68522c5bdc5/download/01106__12_r_2025.geojson,https://www.geospatial.jp/ckan/dataset/aigid-moj-01106
札幌市西区,https://www.geospatial.jp/ckan/dataset/a3bf5c31-39ff-474f-b5a0-07b8093b9872/resource/37e53c8d-0e95-490d-85fb-08ed91b78b9c/download/01107__12_r_2025.geojson,https://www.geospatial.jp/ckan/dataset/aigid-moj-01107
札幌市厚別区,https://www.geospatial.jp/ckan/dataset/88074ee3-9a0a-47fe-be75-7d6fc817d6ff/resource/3d52f4db-3b57-474a-bfa5-6c084e6470e3/download/01108__12_r_2025.geojson,https://www.geospatial.jp/ckan/dataset/aigid-moj-01108
札幌市手稲区,https://www.geospatial.jp/ckan/dataset/00c0dc2a-1c17-4528-a581-c0ee35a94bd4/resource/df8ddf10-03bb-429c-a398-f813a96fce4e/download/01109__12_r_2025.geojson,https://www.geospatial.jp/ckan/dataset/aigid-moj-01109
札幌市清田区,https://www.geospatial.jp/ckan/dataset/17ac94e3-92e9-4a30-a510-e512cc22cf52/resource/e3077280-8747-4742-aba6-5921878d802f/download/01110__12_r_2025.geojson,https://www.geospatial.jp/ckan/dataset/aigid-moj-01110
函館市,https://www.geospatial.jp/ckan/dataset/decab247-069e-48b1-8391-b35993ed838f/resource/2290219a-dc6b-49c5-9375-6bb8d9c39f5f/download/01202__11_r_2025.geojson,https://www.geospatial.jp/ckan/dataset/aigid-moj-01202
小樽市,https://www.geospatial.jp/ckan/dataset/75869b1b-fb37-45c0-8f21-7d4b558afb57/resource/7ade8d3d-6b16-4bce-8fb2-9f1b81f4a3db/download/01203__11_r_2025.geojson,https://www.geospatial.jp/ckan/dataset/aigid-moj-01203
旭川市,https://www.geospatial.jp/ckan/dataset/9dea65b9-7c44-4b3e-a87d-9b425f68e178/resource/84aa240b-51c1-4682-9f7d-b2433336e341/download/01204__12_r_2025.geojson,https://www.geospatial.jp/ckan/dataset/aigid-moj-01204
室蘭市,https://www.geospatial.jp/ckan/dataset/40d37112-e287-4591-a9dd-02a2080ecf27/resource/c75359dd-3e58-47d0-bb04-4af7db3ae8a9/download/01205__12_r_2025.geojson,https://www.geospatial.jp/ckan/dataset/aigid-moj-01205
釧路市,https://www.geospatial.jp/ckan/dataset/41bdc071-88e0-44c6-a232-7a99e48697a6/resource/ced019a0-f0c5-4deb-b75f-1d5fe4995343/download/01206__13_r_2025.geojson,https://www.geospatial.jp/ckan/dataset/aigid-moj-01206
帯広市,https://www.geospatial.jp/ckan/dataset/9c18d559-14e8-475d-9f62-befe2982175a/resource/49ca1214-9e96-4ea9-b2c0-b1af292c9e6c/download/01207__13_r_2025.geojson,https://www.geospatial.jp/ckan/dataset/aigid-moj-01207
北見市,https://www.geospatial.jp/ckan/dataset/a2048955-35a6-4057-9f06-22aad689ba4d/resource/bf1d1fc7-b4cc-4af2-bc22-8a083b2b7541/download/01208__13_r_2025.geojson,https://www.geospatial.jp/ckan/dataset/aigid-moj-01208
夕張市,https://www.geospatial.jp/ckan/dataset/79e03e3d-c9fd-4442-b3db-744ce79fd0c3/resource/5bf1958b-eec4-484c-abd6-b14277106591/download/01209__12_r_2025.geojson,https://www.geospatial.jp/ckan/dataset/aigid-moj-01209
岩見沢市,https://www.geospatial.jp/ckan/dataset/ecbd6731-3ecd-43d9-b3d7-9d0d43adb7e0/resource/a5b84012-d332-4b7e-bc34-fb0f0b1b1a0c/download/01210__12_r_2025.geojson,https://www.geospatial.jp/ckan/dataset/aigid-moj-01210
網走市,https://www.geospatial.jp/ckan/dataset/91270165-a525-4eff-ad2f-a425695eda2a/resource/bb128920-27f9-4e64-b815-1e3cd00a48a9/download/01211__13_r_2025.geojson,https://www.geospatial.jp/ckan/dataset/aigid-moj-01211
留萌市,https://www.geospatial.jp/ckan/dataset/609503b7-43b3-4fb2-979f-997fe42851c6/resource/2b7fa0fb-e807-4b5b-b689-e777d98607a6/download/01212__12_r_2025.geojson,https://www.geospatial.jp/ckan/dataset/aigid-moj-01212
苫小牧市,https://www.geospatial.jp/ckan/dataset/700f3835-f5e3-4e86-a0e8-9e07bb892ab3/resource/dd89d0be-b3b1-4da7-a88c-b0c16be022fa/download/01213__12_r_2025.geojson,https://www.geospatial.jp/ckan/dataset/aigid-moj-01213
稚内市,https://www.geospatial.jp/ckan/dataset/16a91e37-8a50-4623-8e76-91b9b2150bf7/resource/babcf9be-2125-45bf-82d0-d900300a6e6a/download/01214__12_r_2025.geojson,https://www.geospatial.jp/ckan/dataset/aigid-moj-01214
美唄市,https://www.geospatial.jp/ckan/dataset/0fe28ab4-6f5d-4d0d-be9f-0f81854e4240/resource/039552d1-830c-4f30-87ab-d7a9da8b6d67/download/01215__12_r_2025.geojson,https://www.geospatial.jp/ckan/dataset/aigid-moj-01215
芦別市,https://www.geospatial.jp/ckan/dataset/4a1e6613-a3ba-4418-b684-78cf2ba4642a/resource/f2234df1-8c1d-4a9d-ba28-34b6f3e8dc4b/download/01216__12_r_2025.geojson,https://www.geospatial.jp/ckan/dataset/aigid-moj-01216
江別市,https://www.geospatial.jp/ckan/dataset/ab947f37-702b-48d4-8c9e-73806f56c28c/resource/b04d9cda-4f45-4c28-87ff-b3882984cb43/download/01217__12_r_2025.geojson,https://www.geospatial.jp/ckan/dataset/aigid-moj-01217
赤平市,https://www.geospatial.jp/ckan/dataset/4bfd662c-dbfe-429f-8f4e-af781ac973b3/resource/7e8281d9-5c3d-4657-b183-c8a6f9292f1b/download/01218__12_r_2025.geojson,https://www.geospatial.jp/ckan/dataset/aigid-moj-01218
紋別市,https://www.geospatial.jp/ckan/dataset/83d4fb1a-2b59-4c41-a551-2cb6fd67c48b/resource/a5dd13ea-1253-4f09-b76a-d3414ddc1621/download/01219__12_r_2025.geojson,https://www.geospatial.jp/ckan/dataset/aigid-moj-01219
士別市,https://www.geospatial.jp/ckan/dataset/cd4eb1eb-0de6-432d-a3c5-4416c939a51a/resource/6c27890b-a385-457c-adac-1217d4ad6754/download/01220__12_r_2025.geojson,https://www.geospatial.jp/ckan/dataset/aigid-moj-01220
名寄市,https://www.geospatial.jp/ckan/dataset/6f353abf-20d9-47f8-a82b-70725240155f/resource/11a7e14d-ae1a-4719-ac72-8d683629a46c/download/01221__12_r_2025.geojson,https://www.geospatial.jp/ckan/dataset/aigid-moj-01221
三笠市,https://www.geospatial.jp/ckan/dataset/8e9bd7e2-6f1d-40f1-88ed-b9470fa07665/resource/c20a3dd9-0a68-40e0-b42b-b724a8f3a341/download/01222__12_r_2025.geojson,https://www.geospatial.jp/ckan/dataset/aigid-moj-01222
根室市,https://www.geospatial.jp/ckan/dataset/4437e67e-821c-4227-a302-a846f35205d6/resource/9db9148a-0f81-4498-82b3-e27a47e54767/download/01223__13_r_2025.geojson,https://www.geospatial.jp/ckan/dataset/aigid-moj-01223
千歳市,https://www.geospatial.jp/ckan/dataset/acb85662-6b99-4828-9e76-b66b07ceae3d/resource/146207c8-8373-4a46-a8e2-418164161e8a/download/01224__12_r_2025.geojson,https://www.geospatial.jp/ckan/dataset/aigid-moj-01224
滝川市,https://www.geospatial.jp/ckan/dataset/d8f748d1-8211-4d56-a382-22becd2f42be/resource/8b9e71b1-18b3-4f86-adaf-fd15c92fe089/download/01225__12_r_2025.geojson,https://www.geospatial.jp/ckan/dataset/aigid-moj-01225
砂川市,https://www.geospatial.jp/ckan/dataset/d6809655-1482-45ca-9986-224fcd555313/resource/32d90e2f-1d34-4408-bddc-86335031c076/download/01226__12_r_2025.geojson,https://www.geospatial.jp/ckan/dataset/aigid-moj-01226
歌志内市,https://www.geospatial.jp/ckan/dataset/c7f748ae-112d-4148-95ef-65b974acbaa6/resource/b50963a8-b037-4fc5-abdf-50d9f7c59ec0/download/01227__12_r_2025.geojson,https://www.geospatial.jp/ckan/dataset/aigid-moj-01227
深川市,https://www.geospatial.jp/ckan/dataset/63e3bda8-ae7c-4a1b-9633-7230551f25a7/resource/e27c740f-4910-4856-ad27-3aac967f1284/download/01228__12_r_2025.geojson,https://www.geospatial.jp/ckan/dataset/aigid-moj-01228
富良野市,https://www.geospatial.jp/ckan/dataset/46ae6be8-3e52-47aa-b274-4195662b5633/resource/5c64bf76-7edc-4980-85f8-d18c8295c663/download/01229__12_r_2025.geojson,https://www.geospatial.jp/ckan/dataset/aigid-moj-01229
登別市,https://www.geospatial.jp/ckan/dataset/74def1b8-cce4-4030-b23d-bd12faf9e579/resource/105419ea-5ba7-451d-b96f-45592d0f4c06/download/01230__12_r_2025.geojson,https://www.geospatial.jp/ckan/dataset/aigid-moj-01230
恵庭市,https://www.geospatial.jp/ckan/dataset/6c472759-ea3f-4910-a4d3-6f421961cbb9/resource/4c671bdf-3719-4d59-9d5c-c4e7a8317f6a/download/01231__12_r_2025.geojson,https://www.geospatial.jp/ckan/dataset/aigid-moj-01231
伊達市,https://www.geospatial.jp/ckan/dataset/11cff6af-ab8f-468f-9fca-76e9d543daf9/resource/89420085-bbe5-4f29-ad80-3f10f9d446b2/download/01233__11_r_2025.geojson,https://www.geospatial.jp/ckan/dataset/aigid-moj-01233
北広島市,https://www.geospatial.jp/ckan/dataset/5d6fab66-ee4a-468c-af28-1381bdda0b39/resource/5c0e1f5e-0a91-4d82-8e9c-8170db5dbdec/download/01234__12_r_2025.geojson,https://www.geospatial.jp/ckan/dataset/aigid-moj-01234
石狩市,https://www.geospatial.jp/ckan/dataset/d0f47cc6-acc8-4213-bf87-9f7424b6ab74/resource/8aceacc6-c2f8-48ae-b527-113a6360fec0/download/01235__12_r_2025.geojson,https://www.geospatial.jp/ckan/dataset/aigid-moj-01235
北斗市,https://www.geospatial.jp/ckan/dataset/311b959f-25c4-4158-bf32-c3508713cb8a/resource/3194be1f-30f7-4b9d-aff2-216682072dd3/download/01236__11_r_2025.geojson,https://www.geospatial.jp/ckan/dataset/aigid-moj-01236
石狩郡当別町,https://www.geospatial.jp/ckan/dataset/dcfc783b-ea0a-496d-ae18-0da93acbda5a/resource/66a20685-c472-4516-9862-a04e625d6a68/download/01303__12_r_2025.geojson,https://www.geospatial.jp/ckan/dataset/aigid-moj-01303
石狩郡新篠津村,https://www.geospatial.jp/ckan/dataset/2b64fcda-60b2-471d-ac44-99b88530cc69/resource/e39eabb6-7b78-4891-aaee-a9ad6f7c8f21/download/01304__12_r_2025.geojson,https://www.geospatial.jp/ckan/dataset/aigid-moj-01304
松前郡松前町,https://www.geospatial.jp/ckan/dataset/ed668892-67d8-4adf-aee1-e68ba2a89d82/resource/2416d01d-72da-41e6-8bbb-0afd6e435b40/download/01331__11_r_2025.geojson,https://www.geospatial.jp/ckan/dataset/aigid-moj-01331
松前郡福島町,https://www.geospatial.jp/ckan/dataset/ae8bbbea-6c6b-4bac-9006-00bf330a97e0/resource/6cf3a833-da02-4696-b32f-73cf62fbe876/download/01332__11_r_2025.geojson,https://www.geospatial.jp/ckan/dataset/aigid-moj-01332
上磯郡知内町,https://www.geospatial.jp/ckan/dataset/752b2fe0-2831-4436-9904-d7e1ebc260ad/resource/cb764fa3-4cf6-4b96-9947-549bff1f5141/download/01333__11_r_2025.geojson,https://www.geospatial.jp/ckan/dataset/aigid-moj-01333
上磯郡木古内町,https://www.geospatial.jp/ckan/dataset/de03b58d-a70c-4418-be30-dd3ce11f865d/resource/943aca09-bf3e-44e3-a6f3-311cea530ff0/download/01334__11_r_2025.geojson,https://www.geospatial.jp/ckan/dataset/aigid-moj-01334
亀田郡七飯町,https://www.geospatial.jp/ckan/dataset/f25d8046-8e96-4554-97cc-67c4a5173355/resource/5ba0eedf-0cf2-4938-bc78-7cb75deb645c/download/01337__11_r_2025.geojson,https://www.geospatial.jp/ckan/dataset/aigid-moj-01337
茅部郡鹿部町,https://www.geospatial.jp/ckan/dataset/8545caa4-c809-43b9-b300-994bc2113ad3/resource/6fec6cda-b804-4bc9-8bcb-45fd00bbeb09/download/01343__11_r_2025.geojson,https://www.geospatial.jp/ckan/dataset/aigid-moj-01343
茅部郡森町,https://www.geospatial.jp/ckan/dataset/50a022bf-8ac2-4d8c-a5ea-0f4955a5303d/resource/38fcdff7-c882-411f-830c-d08c0cda0dbc/download/01345__11_r_2025.geojson,https://www.geospatial.jp/ckan/dataset/aigid-moj-01345
二海郡八雲町,https://www.geospatial.jp/ckan/dataset/8f76a599-9ff0-425c-bfce-faf9a25cd3c4/resource/9217cc74-aed1-4732-b1e0-2195f802b195/download/01346__11_r_2025.geojson,https://www.geospatial.jp/ckan/dataset/aigid-moj-01346
山越郡長万部町,https://www.geospatial.jp/ckan/dataset/9e12fbd2-d230-4f75-a64d-187aaa440b43/resource/9cda4bd7-1e6c-4a11-b7aa-0152aa09ea8e/download/01347__11_r_2025.geojson,https://www.geospatial.jp/ckan/dataset/aigid-moj-01347
檜山郡江差町,https://www.geospatial.jp/ckan/dataset/c892f7b4-363b-48d0-ae23-52159af2c68d/resource/f198ce8c-d1b8-4043-b0b1-b53c7dac60cf/download/01361__11_r_2025.geojson,https://www.geospatial.jp/ckan/dataset/aigid-moj-01361
檜山郡上ノ国町,https://www.geospatial.jp/ckan/dataset/948c0510-156f-4b30-a10d-00549071271e/resource/5b85a75a-3ecc-4c40-af62-2836497bb417/download/01362__11_r_2025.geojson,https://www.geospatial.jp/ckan/dataset/aigid-moj-01362
檜山郡厚沢部町,https://www.geospatial.jp/ckan/dataset/08692c89-8e31-4df6-b5d7-a5ab8176c3af/resource/0043c0da-7ddd-44bf-a405-9ba106a43069/download/01363__11_r_2025.geojson,https://www.geospatial.jp/ckan/dataset/aigid-moj-01363
爾志郡乙部町,https://www.geospatial.jp/ckan/dataset/08342e65-f8cf-45a6-a636-c574353dc44c/resource/ca80b3a7-f463-4add-81a0-f3239a4fe91e/download/01364__11_r_2025.geojson,https://www.geospatial.jp/ckan/dataset/aigid-moj-01364
奥尻郡奥尻町,https://www.geospatial.jp/ckan/dataset/363fa019-cab2-40c8-9c55-0b5c7ea23e43/resource/06823a1c-08bd-416e-8c80-f2000071fe6d/download/01367__11_r_2025.geojson,https://www.geospatial.jp/ckan/dataset/aigid-moj-01367
瀬棚郡今金町,https://www.geospatial.jp/ckan/dataset/9484053b-bdda-4216-8b8b-c2c0f6184bd8/resource/81b3f6dc-870b-479d-93be-244ad7150364/download/01370__11_r_2025.geojson,https://www.geospatial.jp/ckan/dataset/aigid-moj-01370
久遠郡せたな町,https://www.geospatial.jp/ckan/dataset/06fb39a6-9cdf-46e5-a58d-0d089ac430d8/resource/9978809f-bee1-45d2-9c80-e1628c8857e7/download/01371__11_r_2025.geojson,https://www.geospatial.jp/ckan/dataset/aigid-moj-01371
島牧郡島牧村,https://www.geospatial.jp/ckan/dataset/ef1b0e68-4d31-4ac1-9099-a517cf306102/resource/0785c0c2-f50c-4488-a584-2d4f6a3505be/download/01391__11_r_2025.geojson,https://www.geospatial.jp/ckan/dataset/aigid-moj-01391
寿都郡寿都町,https://www.geospatial.jp/ckan/dataset/2dd9f918-1015-40a0-a4a3-2f90c3eceb1c/resource/39f4ae48-28a8-4025-ba77-f2c6f7c26d57/download/01392__11_r_2025.geojson,https://www.geospatial.jp/ckan/dataset/aigid-moj-01392
寿都郡黒松内町,https://www.geospatial.jp/ckan/dataset/e3b79600-6f82-41f8-b34f-21f253accf30/resource/3d20c2aa-f414-4304-b89a-f72bd39e96aa/download/01393__11_r_2025.geojson,https://www.geospatial.jp/ckan/dataset/aigid-moj-01393
磯谷郡蘭越町,https://www.geospatial.jp/ckan/dataset/6a362699-c3a2-4d00-b0c8-1adb7e130ad0/resource/22c27525-8f3e-4cef-a3c2-1d63a1e7a88a/download/01394__11_r_2025.geojson,https://www.geospatial.jp/ckan/dataset/aigid-moj-01394
虻田郡ニセコ町,https://www.geospatial.jp/ckan/dataset/abbb88a6-91c1-455f-865b-59f43e45ceed/resource/4bbf47ff-4946-4d3a-ae7f-435ea8cb945e/download/01395__11_r_2025.geojson,https://www.geospatial.jp/ckan/dataset/aigid-moj-01395
虻田郡真狩村,https://www.geospatial.jp/ckan/dataset/29e4ddb8-9c94-4e4f-ad99-711f2c3c82d6/resource/b3a4bac3-840f-4698-aa17-fe3fc43c310f/download/01396__11_r_2025.geojson,https://www.geospatial.jp/ckan/dataset/aigid-moj-01396
虻田郡留寿都村,https://www.geospatial.jp/ckan/dataset/5576eab2-bdaa-43bb-8497-393dbcf4af02/resource/31acfd04-97d8-426b-a371-1b3f78e24298/download/01397__11_r_2025.geojson,https://www.geospatial.jp/ckan/dataset/aigid-moj-01397
虻田郡喜茂別町,https://www.geospatial.jp/ckan/dataset/544c4f58-35aa-420f-96c0-c536cb40c107/resource/52093c50-bded-4544-b245-f7bf36cf7990/download/01398__11_r_2025.geojson,https://www.geospatial.jp/ckan/dataset/aigid-moj-01398
虻田郡京極町,https://www.geospatial.jp/ckan/dataset/46e11632-87b6-49f8-b730-263a1d078dc2/resource/1fcd88a1-a1a7-4801-869f-5aeb91b696c8/download/01399__11_r_2025.geojson,https://www.geospatial.jp/ckan/dataset/aigid-moj-01399
虻田郡倶知安町,https://www.geospatial.jp/ckan/dataset/691d94a4-8e38-4f93-bcdf-615596bbf0e1/resource/537873db-59e8-4afb-bd17-9aea8b82bdfe/download/01400__11_r_2025.geojson,https://www.geospatial.jp/ckan/dataset/aigid-moj-01400
岩内郡共和町,https://www.geospatial.jp/ckan/dataset/2ef3acb9-38e6-4a37-b88e-f16043c33378/resource/48de71d7-2d43-4e22-bb32-b06ea7dc935d/download/01401__11_r_2025.geojson,https://www.geospatial.jp/ckan/dataset/aigid-moj-01401
岩内郡岩内町,https://www.geospatial.jp/ckan/dataset/41565e68-3869-46bc-a988-d2614a2271d6/resource/503750fb-9e28-4f48-8bf4-dd6979bd4e58/download/01402__11_r_2025.geojson,https://www.geospatial.jp/ckan/dataset/aigid-moj-01402
古宇郡泊村,https://www.geospatial.jp/ckan/dataset/6df36946-b4fe-46f0-83a3-74bb29425f91/resource/3f54a7c4-19de-42b4-bf6b-d15e82138324/download/01403__11_r_2025.geojson,https://www.geospatial.jp/ckan/dataset/aigid-moj-01403
古宇郡神恵内村,https://www.geospatial.jp/ckan/dataset/015e6fdf-e48f-4516-b7e2-475b8851b96d/resource/87f7f21d-b5e1-4861-857b-6507e83292e5/download/01404__11_r_2025.geojson,https://www.geospatial.jp/ckan/dataset/aigid-moj-01404
積丹郡積丹町,https://www.geospatial.jp/ckan/dataset/357b4034-97bc-40b4-8ee4-b54bc0ecbf49/resource/c58421b5-0c2d-4dda-8b5e-e854ba6e534f/download/01405__11_r_2025.geojson,https://www.geospatial.jp/ckan/dataset/aigid-moj-01405
古平郡古平町,https://www.geospatial.jp/ckan/dataset/e96cf81c-2fd3-40f2-a03a-115ebfa07b90/resource/06fc4646-6c90-4bc2-b75c-733052eef2a8/download/01406__11_r_2025.geojson,https://www.geospatial.jp/ckan/dataset/aigid-moj-01406
余市郡仁木町,https://www.geospatial.jp/ckan/dataset/898d1cf2-26c5-4684-8e5e-356947c4f115/resource/0e265b62-48de-4408-ad6e-fb690e5a22ec/download/01407__11_r_2025.geojson,https://www.geospatial.jp/ckan/dataset/aigid-moj-01407
余市郡余市町,https://www.geospatial.jp/ckan/dataset/ce68a58d-ba7e-41ef-8222-c32d48f4b46e/resource/915dcdbc-a62b-49b1-85b9-3658952ee144/download/01408__11_r_2025.geojson,https://www.geospatial.jp/ckan/dataset/aigid-moj-01408
余市郡赤井川村,https://www.geospatial.jp/ckan/dataset/f89208fd-2ea4-4121-91d3-a43784229d6c/resource/cec22037-9135-4756-8dd4-4772c408ae1c/download/01409__11_r_2025.geojson,https://www.geospatial.jp/ckan/dataset/aigid-moj-01409
空知郡南幌町,https://www.geospatial.jp/ckan/dataset/b1f76b63-cca2-4197-b8bb-f684ecdffc33/resource/fef28e0b-3d5c-4b74-b61a-91ed573755be/download/01423__12_r_2025.geojson,https://www.geospatial.jp/ckan/dataset/aigid-moj-01423
空知郡奈井江町,https://www.geospatial.jp/ckan/dataset/559683fb-d6e1-4bb7-ab40-fb6d98b098a9/resource/8c83edda-49e9-43a2-97e7-f4ccd5608c6d/download/01424__12_r_2025.geojson,https://www.geospatial.jp/ckan/dataset/aigid-moj-01424
空知郡上砂川町,https://www.geospatial.jp/ckan/dataset/a76af8c1-4564-41e5-ac19-cf7fd9ee1c93/resource/ffd24c01-67c6-4898-9df4-1f7503d50da9/download/01425__12_r_2025.geojson,https://www.geospatial.jp/ckan/dataset/aigid-moj-01425
夕張郡由仁町,https://www.geospatial.jp/ckan/dataset/24bf1f87-5042-4c66-bdce-da26fa4b2ae4/resource/5ad96e2c-d88d-49b6-aede-06378a6f3911/download/01427__12_r_2025.geojson,https://www.geospatial.jp/ckan/dataset/aigid-moj-01427
夕張郡長沼町,https://www.geospatial.jp/ckan/dataset/ebe1128e-83b1-4b98-a97b-da4ef8b49b7f/resource/13727f37-3f3d-4306-8042-1e61e7ccc573/download/01428__12_r_2025.geojson,https://www.geospatial.jp/ckan/dataset/aigid-moj-01428
夕張郡栗山町,https://www.geospatial.jp/ckan/dataset/cd58d964-458c-418a-85a4-7a647ccec362/resource/0a0cb392-acb6-4a96-adcc-726cee7cbbec/download/01429__12_r_2025.geojson,https://www.geospatial.jp/ckan/dataset/aigid-moj-01429
樺戸郡月形町,https://www.geospatial.jp/ckan/dataset/72b4a783-de95-4bf8-9fc2-3e0abedc943f/resource/e416ba4b-ca27-44ec-9889-4d7308ab9198/download/01430__12_r_2025.geojson,https://www.geospatial.jp/ckan/dataset/aigid-moj-01430
樺戸郡浦臼町,https://www.geospatial.jp/ckan/dataset/80f48733-6374-4386-90c4-ab3f267ba584/resource/c3293d5a-d393-45f8-a627-acc6242c00b3/download/01431__12_r_2025.geojson,https://www.geospatial.jp/ckan/dataset/aigid-moj-01431
樺戸郡新十津川町,https://www.geospatial.jp/ckan/dataset/01a8a269-7ce0-4794-bfc1-c463c5af18c2/resource/9f342d4e-379b-4975-8f6d-4989d8eb9f8e/download/01432__12_r_2025.geojson,https://www.geospatial.jp/ckan/dataset/aigid-moj-01432
雨竜郡妹背牛町,https://www.geospatial.jp/ckan/dataset/b1834c04-d574-4029-9e62-db93271f9fc8/resource/dcb85cf0-f289-400d-add0-1792be2e1a2b/download/01433__12_r_2025.geojson,https://www.geospatial.jp/ckan/dataset/aigid-moj-01433
雨竜郡秩父別町,https://www.geospatial.jp/ckan/dataset/84a8b892-d76e-4077-8c42-c213f269d7dc/resource/9524381a-bbeb-426d-9664-ae7ac478b96c/download/01434__12_r_2025.geojson,https://www.geospatial.jp/ckan/dataset/aigid-moj-01434
雨竜郡雨竜町,https://www.geospatial.jp/ckan/dataset/041ff22c-b978-4f79-b6c0-b0c7b3e27725/resource/e5b74e91-7749-46f1-b9b2-aa9d14e57033/download/01436__12_r_2025.geojson,https://www.geospatial.jp/ckan/dataset/aigid-moj-01436
雨竜郡北竜町,https://www.geospatial.jp/ckan/dataset/bc3b115f-8485-4395-935a-1ee9a4b82816/resource/dfb3dbe0-d9e1-4e78-965d-933343a5dba8/download/01437__12_r_2025.geojson,https://www.geospatial.jp/ckan/dataset/aigid-moj-01437
雨竜郡沼田町,https://www.geospatial.jp/ckan/dataset/f278d663-1ee0-4199-b263-1d6e26173630/resource/5fa2a1a2-35f8-4382-8abb-2d841c53ad9e/download/01438__12_r_2025.geojson,https://www.geospatial.jp/ckan/dataset/aigid-moj-01438
雨竜郡幌加内町,https://www.geospatial.jp/ckan/dataset/9b7365b5-53f8-4c61-8060-7d98765abbea/resource/a7990da6-a4ec-4d74-a18c-03d2918715bb/download/01439__12_r_2025.geojson,https://www.geospatial.jp/ckan/dataset/aigid-moj-01439
上川郡鷹栖町,https://www.geospatial.jp/ckan/dataset/a31abf61-bb7d-4d97-8997-46233433d466/resource/3d82ce6d-81fe-44e6-9592-c4970a352e8c/download/01452__12_r_2025.geojson,https://www.geospatial.jp/ckan/dataset/aigid-moj-01452
上川郡東神楽町,https://www.geospatial.jp/ckan/dataset/4360b2ad-0d65-4335-83d9-d26034446823/resource/bfce186a-1a45-4edc-bbc2-905fc539f767/download/01453__12_r_2025.geojson,https://www.geospatial.jp/ckan/dataset/aigid-moj-01453
上川郡当麻町,https://www.geospatial.jp/ckan/dataset/18242f4c-ed77-480b-b0f2-1125d9716faa/resource/db7c693a-8236-4631-b176-6437d8525561/download/01454__12_r_2025.geojson,https://www.geospatial.jp/ckan/dataset/aigid-moj-01454
上川郡比布町,https://www.geospatial.jp/ckan/dataset/6799e6ca-eeb3-48c9-847f-3b44f141c691/resource/d3d8d941-d150-486e-9214-fd3572068f3d/download/01455__12_r_2025.geojson,https://www.geospatial.jp/ckan/dataset/aigid-moj-01455
上川郡愛別町,https://www.geospatial.jp/ckan/dataset/0305b9b5-0b23-4d00-85cd-7d51f3b1e0ab/resource/ff326eec-0fd5-4356-9e98-41d0bc47b65c/download/01456__12_r_2025.geojson,https://www.geospatial.jp/ckan/dataset/aigid-moj-01456
上川郡上川町,https://www.geospatial.jp/ckan/dataset/2a03ed55-356c-46a9-bea0-67b4399bafce/resource/281f81a5-a09b-444c-8ee1-47dd0f391a70/download/01457__12_r_2025.geojson,https://www.geospatial.jp/ckan/dataset/aigid-moj-01457
上川郡東川町,https://www.geospatial.jp/ckan/dataset/254fde55-b3cd-494b-b41f-86de5d83f367/resource/e9d32066-b611-4eec-9ff4-3f1d4ad398bc/download/01458__12_r_2025.geojson,https://www.geospatial.jp/ckan/dataset/aigid-moj-01458
上川郡美瑛町,https://www.geospatial.jp/ckan/dataset/69240f43-2f12-469f-a411-c78c7031d9ef/resource/fa91b83f-74e8-43b4-b390-60a650fb69ef/download/01459__12_r_2025.geojson,https://www.geospatial.jp/ckan/dataset/aigid-moj-01459
空知郡上富良野町,https://www.geospatial.jp/ckan/dataset/014a57ce-82bd-430d-91cd-edcf102f96e5/resource/2c63701a-907a-4422-b710-9f4886d61a7b/download/01460__12_r_2025.geojson,https://www.geospatial.jp/ckan/dataset/aigid-moj-01460
空知郡中富良野町,https://www.geospatial.jp/ckan/dataset/92be8ed5-2244-470a-836b-4c06cc063b90/resource/f7a7f49e-472c-42fb-81cf-26c86802ba36/download/01461__12_r_2025.geojson,https://www.geospatial.jp/ckan/dataset/aigid-moj-01461
空知郡南富良野町,https://www.geospatial.jp/ckan/dataset/85c017d5-bd4f-4992-ae5d-8277b23d837d/resource/10ba2485-b3d5-4ede-a28a-e6e3a4db23c7/download/01462__12_r_2025.geojson,https://www.geospatial.jp/ckan/dataset/aigid-moj-01462
勇払郡占冠村,https://www.geospatial.jp/ckan/dataset/3dd745af-7c70-41aa-9d90-f520f7b8ede8/resource/2c629a44-836c-4971-a54c-70717600c50e/download/01463__12_r_2025.geojson,https://www.geospatial.jp/ckan/dataset/aigid-moj-01463
上川郡和寒町,https://www.geospatial.jp/ckan/dataset/57eb0b5f-6242-4848-b80e-ac12cd7f06b3/resource/218f97ec-b98a-44d5-8eb6-1457ebb88797/download/01464__12_r_2025.geojson,https://www.geospatial.jp/ckan/dataset/aigid-moj-01464
上川郡剣淵町,https://www.geospatial.jp/ckan/dataset/f2451244-47de-4434-a4ea-ac90c7dbe002/resource/d718c040-03b7-477d-8e08-dcce797e3c47/download/01465__12_r_2025.geojson,https://www.geospatial.jp/ckan/dataset/aigid-moj-01465
上川郡下川町,https://www.geospatial.jp/ckan/dataset/605e2c48-157c-4a0c-9952-87c3dddd5eda/resource/3c5cc5fe-03a1-412c-be01-56b9e60d3e6f/download/01468__12_r_2025.geojson,https://www.geospatial.jp/ckan/dataset/aigid-moj-01468
中川郡美深町,https://www.geospatial.jp/ckan/dataset/2556af98-64cf-4281-9d37-6e8843ff7207/resource/ea6c8445-6379-40d5-b496-8f093bc4f5ca/download/01469__12_r_2025.geojson,https://www.geospatial.jp/ckan/dataset/aigid-moj-01469
中川郡音威子府村,https://www.geospatial.jp/ckan/dataset/72747b7d-4c83-437a-8a22-c0e54d1e050e/resource/b1c39f2a-3ac2-4d85-b609-5c57edecf870/download/01470__12_r_2025.geojson,https://www.geospatial.jp/ckan/dataset/aigid-moj-01470
中川郡中川町,https://www.geospatial.jp/ckan/dataset/97435ec6-03a1-40b1-be1a-4d3382b0eaf1/resource/0f57b55e-e42d-4d8c-b7b4-c2ba82617ed1/download/01471__12_r_2025.geojson,https://www.geospatial.jp/ckan/dataset/aigid-moj-01471
増毛郡増毛町,https://www.geospatial.jp/ckan/dataset/22cf3717-2d48-4e44-971f-7d15b556eeaa/resource/4b9d8994-b0f7-48ea-8e6f-907dba403864/download/01481__12_r_2025.geojson,https://www.geospatial.jp/ckan/dataset/aigid-moj-01481
留萌郡小平町,https://www.geospatial.jp/ckan/dataset/4bc8da78-d6ee-4773-a1d4-40d8247d8cb3/resource/12deb02e-f72d-463e-b300-be5d7f461eb8/download/01482__12_r_2025.geojson,https://www.geospatial.jp/ckan/dataset/aigid-moj-01482
苫前郡苫前町,https://www.geospatial.jp/ckan/dataset/e5b40224-66cb-453d-a613-80f6943eb8ff/resource/78061c4f-5663-4bfd-a661-4e9637147df3/download/01483__12_r_2025.geojson,https://www.geospatial.jp/ckan/dataset/aigid-moj-01483
苫前郡羽幌町,https://www.geospatial.jp/ckan/dataset/4c4defc4-bcbe-4d0a-a895-730f79dc34cf/resource/0fbcc7f1-af34-4ee2-be62-4078bfc4c626/download/01484__12_r_2025.geojson,https://www.geospatial.jp/ckan/dataset/aigid-moj-01484
苫前郡初山別村,https://www.geospatial.jp/ckan/dataset/b413c5e9-ae4e-4393-891d-a1196d0dd205/resource/dc9b99b5-3149-41da-aa88-93dc40fd2ae6/download/01485__12_r_2025.geojson,https://www.geospatial.jp/ckan/dataset/aigid-moj-01485
天塩郡遠別町,https://www.geospatial.jp/ckan/dataset/c5e1b7c4-5e33-4577-84d3-0e8bb5a9b4da/resource/a2cf4546-8d86-4f9b-8dc9-071fecf4d376/download/01486__12_r_2025.geojson,https://www.geospatial.jp/ckan/dataset/aigid-moj-01486
天塩郡天塩町,https://www.geospatial.jp/ckan/dataset/54d9fc9a-48ff-4332-b25c-3fb56e973033/resource/5bb5262d-4cd5-4edb-a033-839f3f54a310/download/01487__12_r_2025.geojson,https://www.geospatial.jp/ckan/dataset/aigid-moj-01487
天塩郡幌延町,https://www.geospatial.jp/ckan/dataset/476c0977-08c9-4126-87e5-e84ec56ab629/resource/11ad88c2-0b6d-449c-9745-18cfa7edb477/download/01488__12_r_2025.geojson,https://www.geospatial.jp/ckan/dataset/aigid-moj-01488
宗谷郡猿払村,https://www.geospatial.jp/ckan/dataset/acc01945-6299-4fa9-be45-2d5af1fb37ab/resource/58170856-d59e-41e3-ba2a-1331497463fd/download/01511__12_r_2025.geojson,https://www.geospatial.jp/ckan/dataset/aigid-moj-01511
枝幸郡浜頓別町,https://www.geospatial.jp/ckan/dataset/5555ee4b-3780-43f2-a4af-685ef7ce4d35/resource/f924054b-6c37-4b89-9359-7eb0d1cb31cd/download/01512__12_r_2025.geojson,https://www.geospatial.jp/ckan/dataset/aigid-moj-01512
枝幸郡中頓別町,https://www.geospatial.jp/ckan/dataset/e48288b3-2dea-44d1-ae2c-54ce6618d4a7/resource/210ff823-3a4e-44eb-8fec-781ff016fc5b/download/01513__12_r_2025.geojson,https://www.geospatial.jp/ckan/dataset/aigid-moj-01513
枝幸郡枝幸町,https://www.geospatial.jp/ckan/dataset/7f06ebe5-cd18-424d-81f0-f2c6aae330b0/resource/91fc9435-33e1-4ed4-8152-d04af868f62a/download/01514__12_r_2025.geojson,https://www.geospatial.jp/ckan/dataset/aigid-moj-01514
天塩郡豊富町,https://www.geospatial.jp/ckan/dataset/084a23f3-778d-4936-8128-dcf00eeae975/resource/78618226-dd69-40ce-85d8-5bc10f97d4c8/download/01516__12_r_2025.geojson,https://www.geospatial.jp/ckan/dataset/aigid-moj-01516
利尻郡利尻富士町,https://www.geospatial.jp/ckan/dataset/a22c1099-7b29-4874-81ec-7bf053886f47/resource/7ce680bc-f8b9-4cc6-b072-6acbd87d3ce2/download/01519__12_r_2025.geojson,https://www.geospatial.jp/ckan/dataset/aigid-moj-01519
網走郡美幌町,https://www.geospatial.jp/ckan/dataset/a2afbf84-0467-45a5-a30c-81bdcac6a48e/resource/4a0a5d5b-fc0b-4ff3-983e-25740d1316e3/download/01543__13_r_2025.geojson,https://www.geospatial.jp/ckan/dataset/aigid-moj-01543
網走郡津別町,https://www.geospatial.jp/ckan/dataset/0fec0aee-8f56-43b9-9fbb-62c11246c965/resource/238c240c-f730-4939-bd8e-9ef7bf82a3b0/download/01544__13_r_2025.geojson,https://www.geospatial.jp/ckan/dataset/aigid-moj-01544
斜里郡斜里町,https://www.geospatial.jp/ckan/dataset/d5fd6a8d-513a-4325-8596-003ef8105fc2/resource/57b72816-54ba-4e09-a5ec-16d77ccc3728/download/01545__13_r_2025.geojson,https://www.geospatial.jp/ckan/dataset/aigid-moj-01545
斜里郡清里町,https://www.geospatial.jp/ckan/dataset/4003d756-fce9-4e07-b0eb-a4786ae09055/resource/5d602516-e98a-49f3-a302-669d396e2dcb/download/01546__13_r_2025.geojson,https://www.geospatial.jp/ckan/dataset/aigid-moj-01546
斜里郡小清水町,https://www.geospatial.jp/ckan/dataset/e1132f6b-410d-4720-8e8b-0fe9f17fc4b5/resource/2a0b464f-8f73-4c8e-a6ae-3fa0c8918e97/download/01547__13_r_2025.geojson,https://www.geospatial.jp/ckan/dataset/aigid-moj-01547
常呂郡訓子府町,https://www.geospatial.jp/ckan/dataset/699cc4ad-664c-478d-9cb0-718dd9693e8d/resource/6c5f8545-41de-4208-9d9d-5baec8a7c92c/download/01549__13_r_2025.geojson,https://www.geospatial.jp/ckan/dataset/aigid-moj-01549
常呂郡置戸町,https://www.geospatial.jp/ckan/dataset/fe22a9f9-7f44-404f-8313-d4d8ba66c975/resource/9f945448-77a1-4dc4-952a-8f659d54c713/download/01550__13_r_2025.geojson,https://www.geospatial.jp/ckan/dataset/aigid-moj-01550
常呂郡佐呂間町,https://www.geospatial.jp/ckan/dataset/7fcb547b-fa95-44a1-ad04-a11d808c883f/resource/6c650bfb-b7e7-42d3-803a-55498ccf961e/download/01552__13_r_2025.geojson,https://www.geospatial.jp/ckan/dataset/aigid-moj-01552
紋別郡遠軽町,https://www.geospatial.jp/ckan/dataset/a935bb85-027a-4503-92b1-5701c95a8536/resource/c6157288-c4d2-460f-ae77-390ccead2f8e/download/01555__12_r_2025.geojson,https://www.geospatial.jp/ckan/dataset/aigid-moj-01555
紋別郡湧別町,https://www.geospatial.jp/ckan/dataset/344e8c01-171c-424d-90f7-d4ca4cd34a8d/resource/1ae3a4c8-6213-4fb4-8df5-e958cc0a428a/download/01559__12_r_2025.geojson,https://www.geospatial.jp/ckan/dataset/aigid-moj-01559
紋別郡滝上町,https://www.geospatial.jp/ckan/dataset/1c563a55-328b-40d4-bef6-04c5975072ca/resource/8e48f536-33cc-440b-8d42-ac8d53fecce3/download/01560__12_r_2025.geojson,https://www.geospatial.jp/ckan/dataset/aigid-moj-01560
紋別郡興部町,https://www.geospatial.jp/ckan/dataset/df774fcb-d206-46cb-a230-9b2052909725/resource/95de24be-c50c-4c3d-a74b-bda21671a3dd/download/01561__12_r_2025.geojson,https://www.geospatial.jp/ckan/dataset/aigid-moj-01561
紋別郡西興部村,https://www.geospatial.jp/ckan/dataset/13c028e2-2c2e-4804-995c-0af235fee15e/resource/a36b8794-deec-4ebd-907d-dacc8e5de258/download/01562__12_r_2025.geojson,https://www.geospatial.jp/ckan/dataset/aigid-moj-01562
紋別郡雄武町,https://www.geospatial.jp/ckan/dataset/e8f1c374-528f-465a-bd25-eeec59adc505/resource/db5853f4-2f7d-40ac-a032-3f2dcbcaf4dd/download/01563__12_r_2025.geojson,https://www.geospatial.jp/ckan/dataset/aigid-moj-01563
網走郡大空町,https://www.geospatial.jp/ckan/dataset/23b1b7c9-58bc-4d2e-97f0-c8771b36c634/resource/1aa15bf4-c36d-4d81-b9f1-c6c1b9f1af86/download/01564__13_r_2025.geojson,https://www.geospatial.jp/ckan/dataset/aigid-moj-01564
虻田郡豊浦町,https://www.geospatial.jp/ckan/dataset/ca22b5d0-6390-4e7b-9727-c583032e6e45/resource/5b19939f-4cb6-4024-a431-6c4f2b11ac0a/download/01571__11_r_2025.geojson,https://www.geospatial.jp/ckan/dataset/aigid-moj-01571
虻田郡虻田町,https://www.geospatial.jp/ckan/dataset/380a37c3-fa7a-4050-a6d0-7fa4dfda86ee/resource/b08cd65d-8f01-4a57-9b70-f2570b5d00fb/download/01572__11_r_2025.geojson,https://www.geospatial.jp/ckan/dataset/aigid-moj-01572
有珠郡壮瞥町,https://www.geospatial.jp/ckan/dataset/05b4bdf3-77d4-4697-9e39-690c986b9f1f/resource/f5330f30-1c65-4dd8-9cd0-0bd8400b03ad/download/01575__11_r_2025.geojson,https://www.geospatial.jp/ckan/dataset/aigid-moj-01575
白老郡白老町,https://www.geospatial.jp/ckan/dataset/385a77ef-a181-4482-8f1b-7a4063bcda78/resource/cf54d7ed-f422-4235-80d8-2f1294cfb7c6/download/01578__12_r_2025.geojson,https://www.geospatial.jp/ckan/dataset/aigid-moj-01578
勇払郡厚真町,https://www.geospatial.jp/ckan/dataset/e180ea5d-57a4-47c1-a98b-3092aa5aa11c/resource/97ae79e2-66db-4ee3-b986-280d9f5079da/download/01581__12_r_2025.geojson,https://www.geospatial.jp/ckan/dataset/aigid-moj-01581
虻田郡洞爺湖町,https://www.geospatial.jp/ckan/dataset/97b48200-4162-473e-9578-990bd061b363/resource/31396281-a86e-48c5-b454-bd64a1c05be9/download/01584__11_r_2025.geojson,https://www.geospatial.jp/ckan/dataset/aigid-moj-01584
勇払郡安平町,https://www.geospatial.jp/ckan/dataset/1aa7d8cd-3fef-405f-b5f7-4fc10e57d1d4/resource/7df58150-0815-4505-a3ef-be862a4cf521/download/01585__12_r_2025.geojson,https://www.geospatial.jp/ckan/dataset/aigid-moj-01585
勇払郡むかわ町,https://www.geospatial.jp/ckan/dataset/c4ff28fb-d2b6-4860-9ffb-8b558f282f2f/resource/ba4c7032-430c-49c4-9bab-763c60d9fc5f/download/01586__12_r_2025.geojson,https://www.geospatial.jp/ckan/dataset/aigid-moj-01586
沙流郡日高町,https://www.geospatial.jp/ckan/dataset/39d8f02e-a431-47f1-9c3a-2221da7439ea/resource/de9fcc07-98c1-4ed7-91d3-1da060ca0b2d/download/01601__12_r_2025.geojson,https://www.geospatial.jp/ckan/dataset/aigid-moj-01601
沙流郡平取町,https://www.geospatial.jp/ckan/dataset/fa4ebe34-e293-486b-a69f-15958f67526d/resource/8be83dbb-3aae-46cb-b5b2-5d2ea3c8cf3e/download/01602__12_r_2025.geojson,https://www.geospatial.jp/ckan/dataset/aigid-moj-01602
新冠郡新冠町,https://www.geospatial.jp/ckan/dataset/ae93b645-d07a-4520-881d-911e5a19fe23/resource/d7d0ce91-0c65-4740-ad95-287b553abb11/download/01604__12_r_2025.geojson,https://www.geospatial.jp/ckan/dataset/aigid-moj-01604
浦河郡浦河町,https://www.geospatial.jp/ckan/dataset/74a04f1a-1356-47e2-93aa-e89ed29c9764/resource/e1641f8d-5b1f-4c50-a3c7-a25c81265290/download/01607__12_r_2025.geojson,https://www.geospatial.jp/ckan/dataset/aigid-moj-01607
様似郡様似町,https://www.geospatial.jp/ckan/dataset/225bea1b-7636-4f43-b6b8-e7cd5bdc0131/resource/36ed2969-2047-4e36-98a3-0955891a68f4/download/01608__12_r_2025.geojson,https://www.geospatial.jp/ckan/dataset/aigid-moj-01608
幌泉郡えりも町,https://www.geospatial.jp/ckan/dataset/b218abc4-59f2-45aa-9c33-2160305ebc86/resource/f6f38663-f8a2-44fd-91ba-8fe94eaaa07c/download/01609__12_r_2025.geojson,https://www.geospatial.jp/ckan/dataset/aigid-moj-01609
日高郡新ひだか町,https://www.geospatial.jp/ckan/dataset/b4849804-dd61-4e5c-9911-3ab13d8a49b8/resource/23a998a8-1b39-40bd-bbd5-ae57fd763755/download/01610__12_r_2025.geojson,https://www.geospatial.jp/ckan/dataset/aigid-moj-01610
河東郡音更町,https://www.geospatial.jp/ckan/dataset/588abaf6-89ba-4a10-b1df-e533bc055691/resource/576abda7-1dc5-4324-a281-6c5dda1fdc4a/download/01631__13_r_2025.geojson,https://www.geospatial.jp/ckan/dataset/aigid-moj-01631
河東郡士幌町,https://www.geospatial.jp/ckan/dataset/f546b6a0-9911-4fc4-821b-9358420eb577/resource/c7455d24-ec9c-4dc1-968e-5e2c7bc34604/download/01632__13_r_2025.geojson,https://www.geospatial.jp/ckan/dataset/aigid-moj-01632
河東郡上士幌町,https://www.geospatial.jp/ckan/dataset/74546ca2-37fa-40a1-8177-ecb831e262c3/resource/fbf3b99f-f7f1-41df-9cc9-ecbe72267da3/download/01633__13_r_2025.geojson,https://www.geospatial.jp/ckan/dataset/aigid-moj-01633
河東郡鹿追町,https://www.geospatial.jp/ckan/dataset/c36a3c83-579d-490c-a020-ea79ba4b9834/resource/52153512-daeb-42dc-8e3a-7e8ea7c2d96b/download/01634__13_r_2025.geojson,https://www.geospatial.jp/ckan/dataset/aigid-moj-01634
上川郡新得町,https://www.geospatial.jp/ckan/dataset/11069ad9-8890-4726-979a-80ab7d281f56/resource/c2bf844e-5c59-4cd4-a813-bf87ace6137e/download/01635__13_r_2025.geojson,https://www.geospatial.jp/ckan/dataset/aigid-moj-01635
上川郡清水町,https://www.geospatial.jp/ckan/dataset/29a45912-44ba-47da-bbbc-b7c3832a55cf/resource/6c5276f1-ed73-4c0c-a215-265a9939b14b/download/01636__13_r_2025.geojson,https://www.geospatial.jp/ckan/dataset/aigid-moj-01636
河西郡芽室町,https://www.geospatial.jp/ckan/dataset/408a04f4-f6ba-4f38-8a26-24f2741c6e1c/resource/8303c092-dfab-4640-bad5-846578bf2a19/download/01637__13_r_2025.geojson,https://www.geospatial.jp/ckan/dataset/aigid-moj-01637
河西郡中札内村,https://www.geospatial.jp/ckan/dataset/ac7b034f-0b73-4d83-8b5d-c47edda84484/resource/64ea6fcc-83fa-454f-8dca-966c7a3d73f4/download/01638__13_r_2025.geojson,https://www.geospatial.jp/ckan/dataset/aigid-moj-01638
河西郡更別村,https://www.geospatial.jp/ckan/dataset/fea3f333-eab6-41b0-b3ec-206f74e8b28c/resource/edebed5c-cbb8-4fe1-9023-d2c8bdf41b86/download/01639__13_r_2025.geojson,https://www.geospatial.jp/ckan/dataset/aigid-moj-01639
広尾郡大樹町,https://www.geospatial.jp/ckan/dataset/20551f6b-e948-444a-a670-846fbda3c3b9/resource/8f6dbf63-9227-41e8-9689-cabf680615b4/download/01641__13_r_2025.geojson,https://www.geospatial.jp/ckan/dataset/aigid-moj-01641
広尾郡広尾町,https://www.geospatial.jp/ckan/dataset/9d2f08f1-88eb-4d1b-b1cc-1dd5b55ccd78/resource/9656c2da-3ff3-411b-a6c3-b156a60808bb/download/01642__13_r_2025.geojson,https://www.geospatial.jp/ckan/dataset/aigid-moj-01642
中川郡幕別町,https://www.geospatial.jp/ckan/dataset/273397d4-69e9-4462-b65e-0e64949fa097/resource/75189113-6a9b-4c58-ab5d-0927b48cca13/download/01643__13_r_2025.geojson,https://www.geospatial.jp/ckan/dataset/aigid-moj-01643
中川郡池田町,https://www.geospatial.jp/ckan/dataset/4e9da799-9467-48f2-9c25-3e7cc6e21d96/resource/d7615d57-56a9-476c-a54f-1dd39c68bd9e/download/01644__13_r_2025.geojson,https://www.geospatial.jp/ckan/dataset/aigid-moj-01644
中川郡豊頃町,https://www.geospatial.jp/ckan/dataset/9f09e337-11b7-4932-a14b-773868b37135/resource/2cf12700-05b3-4b7b-b169-1cbe8df20800/download/01645__13_r_2025.geojson,https://www.geospatial.jp/ckan/dataset/aigid-moj-01645
中川郡本別町,https://www.geospatial.jp/ckan/dataset/20e8e4c0-0e70-4b66-b8e6-96150c5335ac/resource/8084db76-69c2-4a3d-a0a0-40fe68bf11a6/download/01646__13_r_2025.geojson,https://www.geospatial.jp/ckan/dataset/aigid-moj-01646
足寄郡足寄町,https://www.geospatial.jp/ckan/dataset/e19697b9-8451-4922-bbcf-034ae9d67429/resource/467f6b32-9470-43eb-994f-361d22939a5f/download/01647__13_r_2025.geojson,https://www.geospatial.jp/ckan/dataset/aigid-moj-01647
足寄郡陸別町,https://www.geospatial.jp/ckan/dataset/202a7d89-e580-4102-92fe-f26e1a5bb2f8/resource/76551c09-186e-4c70-bd08-643ba6559220/download/01648__13_r_2025.geojson,https://www.geospatial.jp/ckan/dataset/aigid-moj-01648
十勝郡浦幌町,https://www.geospatial.jp/ckan/dataset/e7b3c9e2-3ff4-4d3b-9e82-f005289d2dea/resource/9df12102-5672-4e41-9b8c-fbd2a9e808b1/download/01649__13_r_2025.geojson,https://www.geospatial.jp/ckan/dataset/aigid-moj-01649
釧路郡釧路町,https://www.geospatial.jp/ckan/dataset/1e431b44-246d-4e4d-9ef0-4b18ad4331c4/resource/a5e94c91-4bab-4986-aaa4-f80e916f9128/download/01661__13_r_2025.geojson,https://www.geospatial.jp/ckan/dataset/aigid-moj-01661
厚岸郡厚岸町,https://www.geospatial.jp/ckan/dataset/d9e1f432-3af0-4660-9615-3d2bb46dd5c8/resource/2ff654db-e865-453a-8cc6-10b2ee867d3c/download/01662__13_r_2025.geojson,https://www.geospatial.jp/ckan/dataset/aigid-moj-01662
厚岸郡浜中町,https://www.geospatial.jp/ckan/dataset/9d88c9a7-742b-4e94-88b0-399c8d0f9ede/resource/6018f4d5-93c6-43ff-8621-181b43ef2764/download/01663__13_r_2025.geojson,https://www.geospatial.jp/ckan/dataset/aigid-moj-01663
川上郡標茶町,https://www.geospatial.jp/ckan/dataset/41709c9a-38be-4d47-a9f7-a9170978e586/resource/0b9f3c41-f888-4cb0-a040-ca8f299f8517/download/01664__13_r_2025.geojson,https://www.geospatial.jp/ckan/dataset/aigid-moj-01664
川上郡弟子屈町,https://www.geospatial.jp/ckan/dataset/24d0aa14-e3b8-4d3a-bf9f-423f2b699d98/resource/8d400e17-1b2e-4d91-b4cb-42488f1d79e8/download/01665__13_r_2025.geojson,https://www.geospatial.jp/ckan/dataset/aigid-moj-01665
阿寒郡鶴居村,https://www.geospatial.jp/ckan/dataset/bf947ca0-429b-4a7d-8afc-7a4c0ecac024/resource/0d9338be-c240-473a-8ea9-ccfadbc863a2/download/01667__13_r_2025.geojson,https://www.geospatial.jp/ckan/dataset/aigid-moj-01667
白糠郡白糠町,https://www.geospatial.jp/ckan/dataset/6c5ea12d-a650-4f3e-b937-9ee152c6af02/resource/65c3da0b-12a7-4e02-b25f-58e9ef368098/download/01668__13_r_2025.geojson,https://www.geospatial.jp/ckan/dataset/aigid-moj-01668
野付郡別海町,https://www.geospatial.jp/ckan/dataset/048f483b-b707-4876-b3cd-95c706e13b8a/resource/f9f5e7a0-0627-4442-b650-e756127c80f6/download/01691__13_r_2025.geojson,https://www.geospatial.jp/ckan/dataset/aigid-moj-01691
標津郡中標津町,https://www.geospatial.jp/ckan/dataset/f73cdac0-eb37-4323-a657-f2f8d8bd7715/resource/86ef4044-2bf7-4928-bf5e-061e030544f5/download/01692__13_r_2025.geojson,https://www.geospatial.jp/ckan/dataset/aigid-moj-01692
標津郡標津町,https://www.geospatial.jp/ckan/dataset/3bb286cf-422b-4c44-8756-a3ff397f1d7c/resource/432d89dc-6cc2-4948-b4a8-40027cdd9382/download/01693__13_r_2025.geojson,https://www.geospatial.jp/ckan/dataset/aigid-moj-01693
目梨郡羅臼町,https://www.geospatial.jp/ckan/dataset/58b0a250-b928-40c5-b114-862b7cfbef77/resource/9231f9e6-dc2e-4200-a9f2-67ec7a33219c/download/01694__13_r_2025.geojson,https://www.geospatial.jp/ckan/dataset/aigid-moj-01694
